Cell Ontology ID, Cell Ontology Label, Cytokine Ontology Label, Actor, Action Sentiment, NumPapers, Enrichment Score
CL_0000084,T cell,IFNG,cell,Positive,809,4.28
CL_0000084,T cell,IL2,cell,Positive,701,5.3
CL_0000235,macrophage,TNF,cell,Positive,353,4.78
CL_0000625,"CD8-positive, alpha-beta T cell",IFNG,cell,Positive,338,8.88
CL_0000084,T cell,IL2,cytokine,Positive,313,1.58
CL_0000623,natural killer cell,IFNG,cell,Positive,285,7.62
CL_0000084,T cell,IL2,cytokine,Unknown,260,4.52
CL_0000624,"CD4-positive, alpha-beta T cell",IFNG,cell,Positive,236,5.41
CL_0000235,macrophage,IFNG,cell,Positive,213,1.92
CL_0000576,monocyte,TNF,cell,Positive,209,4.33
CL_0000084,T cell,IFNG,cytokine,Unknown,197,2.36
CL_0000235,macrophage,IFNG,cytokine,Positive,184,1.12
CL_0000542,lymphocyte,IL2,cell,Positive,166,5.92
CL_0000775,neutrophil,CXCL8,cell,Positive,162,11.04
CL_0000084,T cell,IL4,cell,Positive,153,2.58
CL_0000084,T cell,IL10,cell,Positive,149,2.02
CL_0000775,neutrophil,CXCL8,cytokine,Positive,143,6.35
CL_0000542,lymphocyte,IFNG,cell,Positive,141,3.5
CL_0000623,natural killer cell,IL2,cytokine,Positive,137,3.41
CL_0000542,lymphocyte,IL2,cytokine,Positive,131,3.23
CL_0000775,neutrophil,CSF3,cytokine,Positive,128,6.56
CL_0000738,leukocyte,IFNA,cell,Positive,124,32.19
CL_0000235,macrophage,IL1B,cell,Positive,122,5.62
CL_0000235,macrophage,IL10,cell,Positive,115,2.87
CL_0000624,"CD4-positive, alpha-beta T cell",IL2,cell,Positive,113,3.63
CL_0000576,monocyte,IL1,cell,Positive,113,8.15
CL_0000084,T cell,IFNG,cytokine,Positive,112,0.38
CL_0000775,neutrophil,CSF3,cell,Positive,111,8.05
CL_0000084,T cell,TNF,cell,Positive,110,0.84
CL_0000236,B cell,IL4,cell,Positive,105,6.65
CL_0000235,macrophage,IL6,cell,Positive,103,2.55
CL_0000236,B cell,IL4,cytokine,Positive,103,4.51
CL_0000775,neutrophil,CXCL8,cytokine,Unknown,102,15.79
CL_0000771,eosinophil,IL5,cell,Positive,101,29.86
CL_0000771,eosinophil,IL5,cytokine,Positive,100,22.42
CL_0000084,T cell,IL17,cell,Positive,96,4.59
CL_0000236,B cell,IL10,cell,Positive,95,5.49
CL_0000775,neutrophil,CSF3,cytokine,Unknown,93,16.08
CL_0000115,endothelial cell,TNF,cytokine,Positive,91,2.93
CL_0000235,macrophage,IL1,cell,Positive,91,3.99
CL_0000235,macrophage,IFNG,cytokine,Unknown,91,1.88
CL_0000545,T-helper 1 cell,IFNG,cell,Positive,88,5.01
CL_0000576,monocyte,IL1B,cell,Positive,87,6.2
CL_0000576,monocyte,IL6,cell,Positive,87,3.49
CL_0000057,fibroblast,TGFB1,cell,Positive,84,8.56
CL_0000625,"CD8-positive, alpha-beta T cell",IFNG,cytokine,Unknown,83,5.06
CL_0000623,natural killer cell,IL2,cell,Positive,83,2.88
CL_0000115,endothelial cell,FGF2,cytokine,Positive,80,10.82
CL_0000576,monocyte,CCL2,cell,Positive,80,6.16
CL_0000057,fibroblast,TGFB1,cytokine,Positive,79,5.43
CL_0000775,neutrophil,TNF,cytokine,Positive,78,1.13
CL_0000233,platelet,CD40LG,cell,Positive,77,33.23
CL_0000576,monocyte,IL10,cell,Positive,76,3.28
CL_0000235,macrophage,CCL2,cell,Positive,75,3.62
CL_0000057,fibroblast,TGFB,cell,Positive,74,5.37
CL_0000235,macrophage,CSF1,cytokine,Positive,73,4.14
CL_0000576,monocyte,IFNG,cell,Positive,73,1.03
CL_0000542,lymphocyte,IL2,cytokine,Unknown,73,6.11
CL_0000576,monocyte,IFNG,cytokine,Positive,73,0.68
CL_0000235,macrophage,CSF1,cell,Positive,73,6.68
CL_0000235,macrophage,TNF,cytokine,Unknown,72,2.13
CL_0000084,T cell,CD40LG,cell,Positive,70,3.3
CL_0000576,monocyte,TNF,cytokine,Positive,69,0.9
CL_0000775,neutrophil,TNF,cell,Positive,69,1.52
CL_0000084,T cell,IL12,cytokine,Positive,69,1.35
CL_0000236,B cell,IL2,cell,Positive,68,1.93
CL_0000034,stem cell,CSF3,cytokine,Positive,68,21.85
CL_0000775,neutrophil,CSF2,cytokine,Positive,67,3.39
CL_0000624,"CD4-positive, alpha-beta T cell",IL4,cell,Positive,66,4.72
CL_0000233,platelet,PF4,cell,Positive,66,60.69
CL_0000235,macrophage,TNF,cytokine,Positive,66,0.56
CL_0000115,endothelial cell,TNF,cell,Positive,64,2.93
CL_0000057,fibroblast,IL6,cell,Positive,63,4.85
CL_0000624,"CD4-positive, alpha-beta T cell",IL10,cell,Positive,62,3.76
CL_0000235,macrophage,IL12,cell,Positive,62,3.21
CL_0000084,T cell,IL12,cell,Positive,62,1.83
CL_0000084,T cell,IL10,cytokine,Positive,61,0.56
CL_0000057,fibroblast,TGFB,cytokine,Positive,61,2.89
CL_0000771,eosinophil,IL5,cytokine,Unknown,61,43.04
CL_0000792,"CD4-positive, CD25-positive, alpha-beta regulatory T cell",IL2,cytokine,Positive,60,3.12
CL_0000576,monocyte,CCL2,cytokine,Positive,60,2.98
CL_0000576,monocyte,CCL2,cytokine,Unknown,60,9.79
CL_0000546,T-helper 2 cell,IL4,cell,Positive,59,15.88
CL_0000824,mature natural killer cell,IL2,cytokine,Positive,58,12.55
CL_0000084,T cell,IL7,cytokine,Positive,58,2.05
CL_0000084,T cell,IL2,cytokine,Negative,58,2.26
CL_0000233,platelet,PPBP,cell,Positive,57,65.49
CL_0000625,"CD8-positive, alpha-beta T cell",IL2,cell,Positive,57,2.12
CL_0000792,"CD4-positive, CD25-positive, alpha-beta regulatory T cell",IL10,cell,Positive,57,7.93
CL_0000235,macrophage,CCL2,cytokine,Positive,57,1.85
CL_0000784,plasmacytoid dendritic cell,IFNA,cell,Positive,56,85.56
CL_0000545,T-helper 1 cell,IL12,cytokine,Positive,56,11.77
CL_0000235,macrophage,CCL2,cytokine,Unknown,56,6.26
CL_0000771,eosinophil,CCL11,cytokine,Positive,54,32.48
CL_0000792,"CD4-positive, CD25-positive, alpha-beta regulatory T cell",IL2,cell,Positive,54,3.92
CL_0000899,T-helper 17 cell,IL17,cell,Positive,53,55.2
CL_0000084,T cell,IL7,cytokine,Unknown,52,6.36
CL_0000129,microglial cell,TNF,cell,Positive,52,6.66
CL_0000182,hepatocyte,TNF,cytokine,Positive,51,3.19
CL_0000084,T cell,IL10,cytokine,Unknown,51,1.69
CL_0000624,"CD4-positive, alpha-beta T cell",IL17,cell,Positive,50,9.71
CL_0000235,macrophage,CSF2,cytokine,Positive,50,1.39
CL_0000084,T cell,TGFB,cell,Positive,50,0.78
CL_0000084,T cell,IL10,cytokine,Negative,49,3.63
CL_0000235,macrophage,CSF1,cytokine,Unknown,49,10.56
CL_0000576,monocyte,CXCL8,cell,Positive,49,3.6
CL_0000084,T cell,IL6,cell,Positive,49,0.67
CL_0000084,T cell,IL5,cell,Positive,48,2.53
CL_0000084,T cell,TNF,cytokine,Positive,47,0.24
CL_0000738,leukocyte,TNF,cell,Positive,46,1.91
CL_0000236,B cell,IL2,cytokine,Positive,45,0.85
CL_0000115,endothelial cell,FGF2,cell,Positive,45,8.75
CL_0000097,mast cell,TNF,cell,Positive,45,5.43
CL_0000084,T cell,IL4,cytokine,Positive,44,0.49
CL_0000236,B cell,CD40LG,cytokine,Positive,44,5
CL_0000576,monocyte,TNF,cytokine,Unknown,43,1.95
CL_0000236,B cell,IL4,cytokine,Unknown,43,5.98
CL_0000236,B cell,IL6,cell,Positive,42,1.99
CL_0000084,T cell,TGFB,cytokine,Unknown,42,1.58
CL_0000540,neuron,FGF2,cytokine,Positive,42,9.79
CL_0000775,neutrophil,TNF,cytokine,Unknown,42,1.97
CL_0000084,T cell,TNF,cytokine,Unknown,42,0.74
CL_0000771,eosinophil,CCL11,cell,Positive,41,31.46
CL_0000057,fibroblast,FGF2,cell,Positive,41,6.17
CL_0000084,T cell,IL4,cytokine,Unknown,41,1.54
CL_0000235,macrophage,IL10,cytokine,Positive,41,0.66
CL_0000623,natural killer cell,IL15,cytokine,Positive,41,9.48
CL_0000624,"CD4-positive, alpha-beta T cell",IL2,cytokine,Positive,41,0.9
CL_0000451,dendritic cell,IL12,cell,Positive,40,22.04
CL_0000775,neutrophil,CSF2,cell,Positive,40,2.66
CL_0000235,macrophage,IFNG,cytokine,Negative,40,2
CL_0000576,monocyte,IL12,cell,Positive,39,3.36
CL_0000625,"CD8-positive, alpha-beta T cell",IL2,cytokine,Positive,39,0.99
CL_0000084,T cell,IL7,cell,Positive,39,1.94
CL_0000893,thymocyte,IL1,cell,Positive,39,22.38
CL_0000771,eosinophil,CCL11,cytokine,Unknown,39,74.6
CL_0000625,"CD8-positive, alpha-beta T cell",IFNG,cytokine,Positive,39,0.67
CL_0000115,endothelial cell,IL6,cell,Positive,38,3.22
CL_0000084,T cell,IL12,cytokine,Unknown,38,2.46
CL_0000138,chondrocyte,IL1B,cytokine,Positive,38,11.47
CL_0000893,thymocyte,IL2,cell,Positive,38,6.6
CL_0000233,platelet,PPBP,cytokine,Unknown,38,100.04
CL_0000623,natural killer cell,IL12,cytokine,Positive,37,3.62
CL_0000235,macrophage,CSF2,cell,Positive,37,1.5
CL_0000084,T cell,IFNG,cytokine,Negative,37,1
CL_0000057,fibroblast,TGFB,cytokine,Unknown,37,6.05
CL_0000057,fibroblast,IFNB1,cell,Positive,36,17.78
CL_0000235,macrophage,IL10,cytokine,Unknown,36,2
CL_0000235,macrophage,IL4,cytokine,Positive,35,0.67
CL_0000624,"CD4-positive, alpha-beta T cell",IFNG,cytokine,Unknown,35,1.82
CL_0000233,platelet,TGFB1,cell,Positive,35,5.8
CL_0000235,macrophage,TNF,cytokine,Negative,35,2.4
CL_0000623,natural killer cell,IL12,cell,Positive,35,4.46
CL_0000236,B cell,IL6,cytokine,Positive,35,1.12
CL_0000767,basophil,IL4,cell,Positive,35,28.76
CL_0000084,T cell,IL15,cell,Positive,34,2.17
CL_0000084,T cell,IL1,cell,Positive,34,0.88
CL_0000084,T cell,IL15,cytokine,Positive,34,1.6
CL_0000792,"CD4-positive, CD25-positive, alpha-beta regulatory T cell",IL2,cytokine,Unknown,34,5.54
CL_0000235,macrophage,IL4,cell,Positive,34,0.98
CL_0000775,neutrophil,CXCL8,cytokine,Negative,34,11.66
CL_0000738,leukocyte,IFNG,cell,Positive,33,1.04
CL_0000084,T cell,CSF2,cell,Positive,33,0.87
CL_0000738,leukocyte,TNF,cytokine,Positive,33,0.93
CL_0000092,osteoclast,CSF1,cytokine,Positive,33,18.26
CL_0000542,lymphocyte,TNF,cell,Positive,33,1.14
CL_0000576,monocyte,CSF2,cytokine,Positive,33,1.42
CL_0000775,neutrophil,CSF2,cytokine,Unknown,32,5.11
CL_0000136,fat cell,TNF,cell,Positive,32,4.8
CL_0000624,"CD4-positive, alpha-beta T cell",IL2,cytokine,Unknown,32,2.4
CL_0000235,macrophage,TGFB,cell,Positive,32,0.85
CL_0000057,fibroblast,FGF2,cytokine,Positive,32,3.5
CL_0000792,"CD4-positive, CD25-positive, alpha-beta regulatory T cell",IFNG,cell,Positive,32,1.52
CL_0000066,epithelial cell,TGFB,cell,Positive,32,5.52
CL_0000038,erythroid progenitor cell,EPO,cell,Positive,32,118.46
CL_0000623,natural killer cell,IL2,cytokine,Unknown,32,2.54
CL_0000037,hematopoietic stem cell,CSF3,cytokine,Positive,32,16.76
CL_0000115,endothelial cell,CCL2,cell,Positive,31,5.88
CL_0000057,fibroblast,TNF,cytokine,Positive,31,0.74
CL_0000546,T-helper 2 cell,IL4,cytokine,Positive,31,5.47
CL_0000576,monocyte,IL10,cytokine,Positive,31,0.86
CL_0000235,macrophage,IL10,cytokine,Negative,30,3.94
CL_0000084,T cell,TNFSF9,cell,Positive,30,4.47
CL_0000236,B cell,IFNG,cell,Positive,30,0.6
CL_0000084,T cell,IL1,cytokine,Positive,30,0.48
CL_0000066,epithelial cell,CXCL8,cell,Positive,30,8.73
CL_0000792,"CD4-positive, CD25-positive, alpha-beta regulatory T cell",TGFB,cell,Positive,30,4.14
CL_0000115,endothelial cell,FGF2,cytokine,Unknown,29,13.08
CL_0000084,T cell,CSF2,cytokine,Positive,29,0.45
CL_0000057,fibroblast,TGFB1,cytokine,Unknown,29,6.62
CL_0000576,monocyte,CSF2,cell,Positive,29,1.85
CL_0000576,monocyte,IFNG,cytokine,Unknown,29,0.96
CL_0000094,granulocyte,CSF3,cytokine,Positive,29,16.06
CL_0000545,T-helper 1 cell,IFNG,cytokine,Unknown,28,3.69
CL_0000236,B cell,IL10,cytokine,Unknown,28,3.17
CL_0000084,T cell,TGFB,cytokine,Positive,28,0.28
CL_0000066,epithelial cell,HGF,cytokine,Positive,28,35.47
CL_0000576,monocyte,IL10,cytokine,Negative,28,5.78
CL_0000136,fat cell,RETN,cell,Positive,28,125.02
CL_0000545,T-helper 1 cell,IL12,cytokine,Unknown,28,20.24
CL_0000546,T-helper 2 cell,IL4,cytokine,Unknown,28,17.28
CL_0000623,natural killer cell,IL15,cytokine,Unknown,27,21.17
CL_0000312,keratinocyte,IFNG,cytokine,Positive,27,1.07
CL_0000062,osteoblast,IL6,cell,Positive,27,6.96
CL_0002246,peripheral blood stem cell,CSF3,cytokine,Positive,27,71.48
CL_0000084,T cell,CD40LG,cytokine,Positive,27,0.83
CL_0000115,endothelial cell,CXCL8,cell,Positive,27,3.92
CL_0000767,basophil,IL3,cytokine,Positive,27,65.82
CL_0000084,T cell,IL6,cytokine,Positive,27,0.25
CL_0000624,"CD4-positive, alpha-beta T cell",TNF,cell,Positive,26,0.81
CL_0000084,T cell,TGFB,cytokine,Negative,26,2.11
CL_0000624,"CD4-positive, alpha-beta T cell",IFNG,cytokine,Positive,26,0.39
CL_0000542,lymphocyte,IFNG,cytokine,Unknown,26,1.49
CL_0000084,T cell,IFNA,cell,Positive,26,0.95
CL_0000233,platelet,THPO,cytokine,Positive,26,23.05
CL_0000094,granulocyte,CSF3,cell,Positive,26,19.87
CL_0000084,T cell,TGFB1,cell,Positive,26,0.55
CL_0000136,fat cell,TNF,cytokine,Positive,26,2.74
CL_0000824,mature natural killer cell,IL2,cell,Positive,26,8.5
CL_0000236,B cell,CD40LG,cell,Positive,26,4.59
CL_0000062,osteoblast,SPP1,cell,Positive,26,86.55
CL_0000233,platelet,PF4,cytokine,Unknown,25,53.98
CL_0000623,natural killer cell,IFNG,cytokine,Unknown,25,1.43
CL_0000784,plasmacytoid dendritic cell,IFN1,cell,Positive,25,159.23
CL_0000540,neuron,TNF,cell,Positive,25,2.31
CL_0000625,"CD8-positive, alpha-beta T cell",IL15,cytokine,Positive,25,5.72
CL_0000583,alveolar macrophage,TNF,cell,Positive,25,8.15
CL_0000233,platelet,PF4,cytokine,Positive,25,14.28
CL_0000233,platelet,CD40LG,cytokine,Unknown,25,18.8
CL_0000127,astrocyte,TNF,cell,Positive,24,3.5
CL_0000775,neutrophil,IFNG,cell,Positive,24,0.33
CL_0000624,"CD4-positive, alpha-beta T cell",CD40LG,cell,Positive,24,4.96
CL_0000057,fibroblast,IL1,cytokine,Positive,24,1.92
CL_0000312,keratinocyte,TNF,cell,Positive,24,2.18
CL_0000576,monocyte,IL2,cell,Positive,24,0.47
CL_0000136,fat cell,TNF,cytokine,Negative,24,21.88
CL_0000235,macrophage,CCL2,cytokine,Negative,24,5.8
CL_0000236,B cell,IL2,cytokine,Unknown,24,1.48
CL_0000542,lymphocyte,IL4,cell,Positive,24,1.84
CL_0000084,T cell,IFNA,cytokine,Positive,24,0.6
CL_0000775,neutrophil,IL1B,cell,Positive,24,2.03
CL_0000542,lymphocyte,IFNG,cytokine,Positive,23,0.38
CL_0000057,fibroblast,IFNG,cell,Positive,23,0.55
CL_0000084,T cell,IL6,cytokine,Unknown,23,0.74
CL_0000771,eosinophil,CSF2,cell,Positive,23,3.71
CL_0000540,neuron,TNF,cytokine,Positive,23,1.24
CL_0000129,microglial cell,IL1B,cell,Positive,23,10.65
CL_0000235,macrophage,IFNB1,cell,Positive,23,3.91
CL_0000625,"CD8-positive, alpha-beta T cell",IL2,cytokine,Unknown,23,2
CL_0000066,epithelial cell,TGFB1,cell,Positive,23,5.36
CL_0000057,fibroblast,IL1B,cytokine,Positive,23,1.95
CL_0000623,natural killer cell,IFNA,cytokine,Positive,23,2.67
CL_0000097,mast cell,IL4,cell,Positive,23,5.45
CL_0000084,T cell,IFNA,cytokine,Unknown,23,1.92
CL_0000236,B cell,TNFSF13B,cytokine,Unknown,23,75.74
CL_0000451,dendritic cell,IFNG,cell,Positive,23,2.15
CL_0000451,dendritic cell,CSF2,cytokine,Positive,22,6.38
CL_0000542,lymphocyte,IL6,cell,Positive,22,1.46
CL_0000623,natural killer cell,IFNG,cytokine,Positive,22,0.35
CL_0000775,neutrophil,CSF3,cytokine,Negative,22,8.4
CL_0000576,monocyte,IL4,cytokine,Positive,22,0.7
CL_0000038,erythroid progenitor cell,EPO,cytokine,Positive,22,55.19
CL_0000595,enucleate erythrocyte,EPO,cytokine,Positive,22,121.28
CL_0000236,B cell,CD40LG,cytokine,Unknown,22,8.55
CL_0000066,epithelial cell,TGFB,cytokine,Unknown,22,8.99
CL_0000775,neutrophil,IL17,cytokine,Positive,22,1.89
CL_0000542,lymphocyte,IL10,cell,Positive,22,1.53
CL_0000233,platelet,THPO,cytokine,Unknown,22,61.86
CL_0000624,"CD4-positive, alpha-beta T cell",IL12,cell,Positive,22,2.76
CL_0000235,macrophage,TGFB1,cell,Positive,22,0.78
CL_0000236,B cell,IL6,cytokine,Unknown,22,2.47
CL_0000236,B cell,IL21,cytokine,Positive,21,5.61
CL_0000775,neutrophil,TNF,cytokine,Negative,21,2.25
CL_0000182,hepatocyte,IL6,cell,Positive,21,3.52
CL_0000115,endothelial cell,TNF,cytokine,Unknown,21,2.24
CL_0000034,stem cell,CSF3,cytokine,Unknown,21,23.27
CL_0000738,leukocyte,TNF,cytokine,Unknown,21,2.06
CL_0000771,eosinophil,IL5,cytokine,Negative,21,34.8
CL_0000235,macrophage,CXCL8,cell,Positive,21,0.88
CL_0000084,T cell,IL17A,cell,Positive,21,2.47
CL_0000092,osteoclast,TNF,cytokine,Positive,21,1.8
CL_0000775,neutrophil,IL6,cytokine,Positive,21,0.59
CL_0000738,leukocyte,IL6,cell,Positive,21,1.75
CL_0000094,granulocyte,CSF2,cell,Positive,21,14.41
CL_0000312,keratinocyte,CXCL8,cell,Positive,21,5.34
CL_0000084,T cell,TNFSF9,cytokine,Positive,21,2.42
CL_0000235,macrophage,CSF2,cytokine,Unknown,21,1.97
CL_0000235,macrophage,IL6,cytokine,Positive,21,0.34
CL_0000738,leukocyte,CSF3,cytokine,Positive,21,2.31
CL_0000451,dendritic cell,TNF,cell,Positive,20,2.81
CL_0000115,endothelial cell,TGFB1,cytokine,Positive,20,2.01
CL_0000233,platelet,THPO,cell,Positive,20,27.22
CL_0000138,chondrocyte,TGFB,cytokine,Unknown,20,11.82
CL_0000235,macrophage,TGFB1,cytokine,Positive,20,0.5
CL_0000236,B cell,TNF,cell,Positive,20,0.59
CL_0000182,hepatocyte,TGFB,cell,Positive,20,3.72
CL_0000236,B cell,TNFSF13B,cytokine,Positive,20,20.81
CL_0000312,keratinocyte,IL6,cell,Positive,20,3
CL_0000576,monocyte,IL4,cytokine,Negative,20,4.92
CL_0000775,neutrophil,IFNG,cytokine,Positive,20,0.19
CL_0000084,T cell,CXCL8,cell,Positive,20,0.51
CL_0000091,Kupffer cell,TNF,cell,Positive,20,11.11
CL_0000057,fibroblast,IL6,cytokine,Positive,20,0.89
CL_0000910,cytotoxic T cell,IL2,cytokine,Positive,20,4.73
CL_0000066,epithelial cell,TGFB1,cytokine,Positive,20,3.16
CL_0000576,monocyte,CSF1,cell,Positive,20,2.5
CL_0000581,peritoneal macrophage,TNF,cell,Positive,20,4.78
CL_0000236,B cell,IL1,cell,Positive,20,1.98
CL_0000066,epithelial cell,HGF,cytokine,Unknown,19,84.24
CL_0000912,helper T cell,IL2,cell,Positive,19,8.59
CL_0000581,peritoneal macrophage,IFNG,cytokine,Positive,19,2.15
CL_0000625,"CD8-positive, alpha-beta T cell",IL10,cell,Positive,19,1.34
CL_0000624,"CD4-positive, alpha-beta T cell",IL21,cell,Positive,19,7.71
CL_0000182,hepatocyte,TNF,cytokine,Unknown,19,4.14
CL_0000233,platelet,TGFB,cell,Positive,19,2.24
CL_0000542,lymphocyte,TNF,cytokine,Unknown,19,1.64
CL_0000312,keratinocyte,IL1A,cell,Positive,19,26.56
CL_0000771,eosinophil,CSF2,cytokine,Positive,19,2.05
CL_0000451,dendritic cell,IL10,cell,Positive,19,4.94
CL_0000236,B cell,IL7,cytokine,Unknown,19,8.11
CL_0000138,chondrocyte,TGFB,cell,Positive,19,4.73
CL_0000235,macrophage,IL1B,cytokine,Positive,19,0.59
CL_0000558,reticulocyte,EPO,cell,Positive,19,154.14
CL_0000312,keratinocyte,IFNG,cell,Positive,19,1.2
CL_0000893,thymocyte,IL2,cytokine,Positive,18,2.06
CL_0000084,T cell,TNFSF9,cytokine,Unknown,18,7.07
CL_0000094,granulocyte,CSF3,cytokine,Unknown,18,34.44
CL_0000092,osteoclast,IL6,cytokine,Positive,18,2.5
CL_0000558,reticulocyte,EPO,cytokine,Positive,18,98.96
CL_0000235,macrophage,IL18,cell,Positive,18,2.88
CL_0000738,leukocyte,CCL2,cytokine,Unknown,18,6.42
CL_0000899,T-helper 17 cell,IL17A,cell,Positive,18,54.04
CL_0000066,epithelial cell,TNF,cytokine,Positive,18,1.04
CL_0000576,monocyte,CSF1,cytokine,Positive,18,1.61
CL_0000576,monocyte,IFNG,cytokine,Negative,18,1.27
CL_0000738,leukocyte,IL6,cytokine,Unknown,18,3.6
CL_0000623,natural killer cell,TNF,cell,Positive,18,0.6
CL_0000624,"CD4-positive, alpha-beta T cell",IL4,cytokine,Positive,18,0.85
CL_0000312,keratinocyte,TGFB1,cytokine,Positive,18,3.04
CL_0000312,keratinocyte,IL1,cell,Positive,18,5.2
CL_0000084,T cell,IL18,cytokine,Positive,18,1.13
CL_0000235,macrophage,IL1A,cell,Positive,18,4
CL_0000084,T cell,CSF2,cytokine,Unknown,18,1.08
CL_0000182,hepatocyte,IL6,cytokine,Positive,18,2.06
CL_0000738,leukocyte,IL10,cell,Positive,18,1.46
CL_0000136,fat cell,TNF,cytokine,Unknown,18,6.4
CL_0000233,platelet,IL6,cytokine,Positive,18,1.25
CL_0000236,B cell,IFNG,cytokine,Negative,18,1.76
CL_0000084,T cell,CD40LG,cytokine,Unknown,18,1.93
CL_0000576,monocyte,TNF,cytokine,Negative,18,1.82
CL_0000545,T-helper 1 cell,IFNG,cytokine,Positive,18,0.68
CL_0000182,hepatocyte,IL6,cytokine,Unknown,18,7.96
CL_0000115,endothelial cell,IFNG,cytokine,Positive,18,0.41
CL_0000233,platelet,IL6,cytokine,Unknown,18,3.97
CL_0000236,B cell,IFNG,cytokine,Positive,18,0.22
CL_0000236,B cell,IL10,cytokine,Positive,17,0.58
CL_0000115,endothelial cell,IL1,cell,Positive,17,2.7
CL_0000097,mast cell,KITLG,cytokine,Positive,17,47.75
CL_0000625,"CD8-positive, alpha-beta T cell",IL21,cytokine,Positive,17,5.76
CL_0000738,leukocyte,CSF2,cytokine,Positive,17,1.53
CL_0000236,B cell,IL4,cytokine,Negative,17,5.27
CL_0000576,monocyte,IL1,cytokine,Unknown,17,2.51
CL_0000792,"CD4-positive, CD25-positive, alpha-beta regulatory T cell",TGFB,cytokine,Positive,17,1.59
CL_0000912,helper T cell,IL17,cell,Positive,17,44.59
CL_0000576,monocyte,CCL2,cytokine,Negative,17,6.22
CL_0000767,basophil,IL3,cytokine,Unknown,17,142.98
CL_0000236,B cell,TGFB,cell,Positive,17,0.94
CL_0000127,astrocyte,IL6,cell,Positive,17,5.67
CL_0000556,megakaryocyte,THPO,cytokine,Positive,17,76.52
CL_0000062,osteoblast,TGFB,cytokine,Positive,17,3.24
CL_0000127,astrocyte,IL1B,cell,Positive,17,8.56
CL_0000576,monocyte,IL1B,cytokine,Positive,17,0.76
CL_0000057,fibroblast,PDGF,cytokine,Positive,17,15.09
CL_0000771,eosinophil,CXCL8,cell,Positive,17,2.54
CL_0000115,endothelial cell,TNF,cytokine,Negative,17,4.62
CL_0000910,cytotoxic T cell,IFNG,cell,Positive,17,4.11
CL_0000771,eosinophil,IFNG,cytokine,Positive,17,0.35
CL_0000312,keratinocyte,TGFB,cell,Positive,17,2.69
CL_0000595,enucleate erythrocyte,EPO,cytokine,Unknown,17,313.72
CL_0000062,osteoblast,FGF2,cytokine,Positive,17,6.75
CL_0000084,T cell,IL1,cytokine,Unknown,17,0.96
CL_0000136,fat cell,IL6,cell,Positive,17,5.77
CL_0000097,mast cell,IL6,cell,Positive,16,3.38
CL_0000084,T cell,IL21,cell,Positive,16,1.49
CL_0000576,monocyte,CSF2,cytokine,Unknown,16,2.27
CL_0000057,fibroblast,CCL2,cell,Positive,16,2.34
CL_0000775,neutrophil,CXCL1,cytokine,Unknown,16,42.91
CL_0000625,"CD8-positive, alpha-beta T cell",IL12,cytokine,Positive,16,1.51
CL_0002092,bone marrow cell,CSF2,cell,Positive,16,18.7
CL_0000451,dendritic cell,IFNA,cell,Positive,16,11.23
CL_0000738,leukocyte,IL1B,cell,Positive,16,2.34
CL_0000545,T-helper 1 cell,IL10,cell,Positive,16,2.35
CL_0000115,endothelial cell,IL1,cytokine,Positive,16,1.73
CL_0000129,microglial cell,IFNG,cell,Positive,16,1.49
CL_0000084,T cell,IL13,cell,Positive,16,2.55
CL_0000625,"CD8-positive, alpha-beta T cell",TNF,cell,Positive,16,0.58
CL_0000084,T cell,TNF,cytokine,Negative,16,0.62
CL_0000623,natural killer cell,IL2,cytokine,Negative,16,2.9
CL_0000037,hematopoietic stem cell,CSF3,cytokine,Unknown,16,29.32
CL_0000738,leukocyte,CCL2,cell,Positive,16,2.56
CL_0000581,peritoneal macrophage,IFNG,cell,Positive,16,2.68
CL_0000084,T cell,IL15,cytokine,Unknown,16,2.42
CL_0000148,melanocyte,FGF2,cell,Positive,16,40.45
CL_0000236,B cell,TNF,cytokine,Positive,16,0.28
CL_0000182,hepatocyte,TGFB,cytokine,Positive,16,2.04
CL_0000084,T cell,IL12,cytokine,Negative,16,2.36
CL_0000576,monocyte,IL6,cytokine,Positive,16,0.37
CL_0000775,neutrophil,CXCL2,cytokine,Positive,16,11.69
CL_0000625,"CD8-positive, alpha-beta T cell",IL12,cytokine,Unknown,16,5.28
CL_0000792,"CD4-positive, CD25-positive, alpha-beta regulatory T cell",IL17,cell,Positive,16,6.78
CL_0000969,regulatory B cell,IL10,cell,Positive,16,38.57
CL_0000066,epithelial cell,TGFB,cytokine,Negative,16,14.9
CL_0000576,monocyte,IL10,cytokine,Unknown,16,1.31
CL_0000775,neutrophil,IL17,cell,Positive,16,1.97
CL_0000236,B cell,IL7,cytokine,Positive,15,1.83
CL_0000545,T-helper 1 cell,IL10,cytokine,Unknown,15,5.23
CL_0000232,erythrocyte,EPO,cytokine,Positive,15,48.45
CL_0000235,macrophage,IL6,cytokine,Unknown,15,0.8
CL_0000236,B cell,IL5,cytokine,Positive,15,1.91
CL_0000556,megakaryocyte,THPO,cell,Positive,15,106.28
CL_0000738,leukocyte,CX3CL1,cytokine,Positive,15,12.79
CL_0000499,stromal cell,IL6,cell,Positive,15,4.52
CL_0000138,chondrocyte,IL1,cytokine,Positive,15,4.16
CL_0000236,B cell,CXCL13,cell,Positive,15,17.61
CL_0000775,neutrophil,IL1B,cytokine,Positive,15,0.76
CL_0000576,monocyte,IFNA,cell,Positive,15,1.38
CL_0000233,platelet,IL6,cell,Positive,15,1.41
CL_0000034,stem cell,CXCL12,cytokine,Positive,15,13.01
CL_0000771,eosinophil,TNF,cytokine,Positive,15,0.44
CL_0000775,neutrophil,IL6,cytokine,Negative,15,3.14
CL_0000038,erythroid progenitor cell,EPO,cytokine,Unknown,15,131.69
CL_0000792,"CD4-positive, CD25-positive, alpha-beta regulatory T cell",TGFB,cytokine,Unknown,15,5.57
CL_0000182,hepatocyte,IFNG,cytokine,Positive,15,0.66
CL_0000775,neutrophil,CSF2,cytokine,Negative,15,5.14
CL_0000097,mast cell,KITLG,cytokine,Unknown,15,167.1
CL_0000084,T cell,TGFB1,cytokine,Negative,15,1.69
CL_0000235,macrophage,TGFB,cytokine,Positive,15,0.25
CL_0000576,monocyte,IFNA,cytokine,Positive,15,0.94
CL_0000813,memory T cell,IFNG,cell,Positive,15,10.27
CL_0000624,"CD4-positive, alpha-beta T cell",IL10,cytokine,Unknown,15,2.06
CL_0000746,cardiac muscle cell,TNF,cell,Positive,15,5.28
CL_0000893,thymocyte,IL1,cytokine,Positive,15,6.45
CL_0000235,macrophage,IL1,cytokine,Unknown,15,1.46
CL_0000235,macrophage,IL4,cytokine,Negative,15,2.36
CL_0000581,peritoneal macrophage,IL1,cell,Positive,15,11.95
CL_0000129,microglial cell,IFNG,cytokine,Positive,15,0.95
CL_0000034,stem cell,CXCL12,cytokine,Unknown,15,45.52
CL_0000236,B cell,TNF,cytokine,Unknown,15,0.92
CL_0000182,hepatocyte,TGFB,cytokine,Unknown,15,7.13
CL_0000624,"CD4-positive, alpha-beta T cell",IL6,cell,Positive,15,0.86
CL_0000084,T cell,IL17,cytokine,Unknown,15,1.49
CL_0000182,hepatocyte,TGFB1,cell,Positive,15,4.3
CL_0000092,osteoclast,CSF1,cytokine,Unknown,15,25.23
CL_0000576,monocyte,IL1RN,cell,Positive,15,10.04
CL_0000540,neuron,FGF2,cytokine,Unknown,14,11.95
CL_0000775,neutrophil,IL1,cell,Positive,14,0.92
CL_0000214,synovial cell,TNF,cytokine,Positive,14,4.5
CL_0000775,neutrophil,IL10,cytokine,Positive,14,0.37
CL_0000792,"CD4-positive, CD25-positive, alpha-beta regulatory T cell",TGFB,cytokine,Negative,14,11.2
CL_0000084,T cell,LTA,cell,Positive,14,5.95
CL_0000540,neuron,IFNG,cell,Positive,14,0.89
CL_0000084,T cell,CXCL8,cytokine,Unknown,14,0.74
CL_0002328,bronchial epithelial cell,CXCL8,cell,Positive,14,28.64
CL_0000062,osteoblast,TGFB1,cytokine,Positive,14,3.65
CL_0000066,epithelial cell,IFNG,cytokine,Positive,14,0.64
CL_0000214,synovial cell,IL1B,cytokine,Positive,14,14.85
CL_0000625,"CD8-positive, alpha-beta T cell",IL21,cytokine,Unknown,14,15.9
CL_0000763,myeloid cell,CSF3,cytokine,Positive,14,10.34
CL_0000236,B cell,IL5,cytokine,Unknown,14,5.85
CL_0000625,"CD8-positive, alpha-beta T cell",IL15,cytokine,Unknown,14,10.79
CL_0000115,endothelial cell,TGFB,cytokine,Unknown,14,3.03
CL_0000084,T cell,CCL2,cytokine,Unknown,14,0.92
CL_0000134,mesenchymal cell,CXCL12,cell,Positive,14,28.06
CL_0000738,leukocyte,CXCL8,cytokine,Positive,14,1.31
CL_0000235,macrophage,TGFB,cytokine,Negative,14,2.16
CL_0000763,myeloid cell,CSF2,cytokine,Positive,14,9.28
CL_0000138,chondrocyte,TNF,cell,Positive,14,1.72
CL_0000127,astrocyte,FGF2,cell,Positive,14,9.1
CL_0000775,neutrophil,CXCL2,cell,Positive,14,14.2
CL_0000624,"CD4-positive, alpha-beta T cell",IL10,cytokine,Positive,14,0.59
CL_0000798,gamma-delta T cell,IFNG,cell,Positive,14,10.92
CL_0000775,neutrophil,IL17,cytokine,Unknown,14,3.85
CL_0000182,hepatocyte,CCL4,cytokine,Positive,14,37.16
CL_0000775,neutrophil,CXCL1,cytokine,Positive,14,10.82
CL_0000771,eosinophil,IL33,cytokine,Positive,14,8.55
CL_0000771,eosinophil,CSF2,cytokine,Unknown,14,4.57
CL_0000653,glomerular visceral epithelial cell,TGFB1,cytokine,Positive,14,16.17
CL_0000138,chondrocyte,IL1,cell,Positive,14,6.96
CL_0000235,macrophage,IL1B,cytokine,Unknown,14,1.45
CL_0000057,fibroblast,IL6,cytokine,Unknown,14,2.07
CL_0000499,stromal cell,CXCL12,cell,Positive,14,19.75
CL_0000775,neutrophil,IL10,cytokine,Negative,14,2.97
CL_0000576,monocyte,IL1B,cytokine,Unknown,14,2.34
CL_0000092,osteoclast,TGFB,cytokine,Positive,14,2.33
CL_0000097,mast cell,IL3,cytokine,Positive,14,12.3
CL_0000138,chondrocyte,TGFB,cytokine,Positive,13,2.36
CL_0002563,intestinal epithelial cell,CXCL8,cell,Positive,13,30.18
CL_0000542,lymphocyte,TNF,cytokine,Positive,13,0.3
CL_0000540,neuron,IL1B,cytokine,Positive,13,2.66
CL_0000624,"CD4-positive, alpha-beta T cell",IL12,cytokine,Positive,13,1.14
CL_0000094,granulocyte,CSF2,cytokine,Positive,13,6.04
CL_0000542,lymphocyte,IL4,cytokine,Positive,13,0.67
CL_0000232,erythrocyte,EPO,cytokine,Unknown,13,146.94
CL_0000775,neutrophil,IL6,cell,Positive,13,0.47
CL_0000057,fibroblast,IFNG,cytokine,Positive,13,0.23
CL_0000129,microglial cell,IL10,cell,Positive,13,3.25
CL_0000775,neutrophil,IL1,cytokine,Positive,13,0.63
CL_0000623,natural killer cell,IL18,cytokine,Positive,13,4.7
CL_0000901,Tr1 cell,IL10,cell,Positive,13,33.83
CL_0000236,B cell,IL1,cytokine,Unknown,13,2.66
CL_0000817,precursor B cell,IL7,cytokine,Unknown,13,227.79
CL_0000233,platelet,PPBP,cytokine,Positive,13,9.78
CL_0000738,leukocyte,IFNG,cytokine,Unknown,13,0.89
CL_0000625,"CD8-positive, alpha-beta T cell",TGFB,cytokine,Positive,13,0.7
CL_0000134,mesenchymal cell,TGFB,cell,Positive,13,5.39
CL_0000624,"CD4-positive, alpha-beta T cell",IL4,cytokine,Unknown,13,2.14
CL_0000084,T cell,CXCL10,cytokine,Unknown,13,4.9
CL_0000084,T cell,IL21,cytokine,Unknown,13,2.71
CL_0000576,monocyte,IL1A,cell,Positive,13,4.85
CL_0000094,granulocyte,Monocyte-CSF,cell,Positive,13,652.31
CL_0000136,fat cell,CCL2,cell,Positive,13,7.61
CL_0000499,stromal cell,IL7,cell,Positive,13,16.08
CL_0000815,regulatory T cell,IL10,cell,Positive,13,10.08
CL_0000235,macrophage,SPP1,cell,Positive,13,4.39
CL_0000545,T-helper 1 cell,IL10,cytokine,Positive,13,1.29
CL_0000160,goblet cell,IL13,cytokine,Positive,13,113.94
CL_0000451,dendritic cell,IL2,cell,Positive,13,1.89
CL_0000084,T cell,TGFB1,cytokine,Positive,13,0.17
CL_0000576,monocyte,IL6,cytokine,Unknown,12,1.05
CL_0000084,T cell,CXCL12,cytokine,Positive,12,0.66
CL_0000624,"CD4-positive, alpha-beta T cell",IL7,cytokine,Unknown,12,6.71
CL_0000576,monocyte,IL1,cytokine,Positive,12,0.51
CL_0000097,mast cell,IL33,cell,Positive,12,19
CL_0000127,astrocyte,CCL2,cell,Positive,12,5.86
CL_0000236,B cell,IL21,cytokine,Unknown,12,9.07
CL_0000546,T-helper 2 cell,IFNG,cell,Positive,12,0.99
CL_0000084,T cell,IL7,cytokine,Negative,12,3.22
CL_0000540,neuron,TNF,cytokine,Unknown,12,2.45
CL_0000775,neutrophil,IL10,cytokine,Unknown,12,1.13
CL_0000624,"CD4-positive, alpha-beta T cell",IL12,cytokine,Unknown,12,4.27
CL_0000540,neuron,IL6,cytokine,Unknown,12,4.15
CL_0000625,"CD8-positive, alpha-beta T cell",TNFSF9,cytokine,Unknown,12,21.55
CL_0000057,fibroblast,CLCF1,cell,Positive,12,95.43
CL_0000738,leukocyte,IFNG,cytokine,Positive,12,0.24
CL_0000814,mature NK T cell,IFNG,cell,Positive,12,7.2
CL_0000233,platelet,EPO,cytokine,Positive,12,4.73
CL_0000576,monocyte,CSF1,cytokine,Unknown,12,3.55
CL_0000625,"CD8-positive, alpha-beta T cell",IL10,cytokine,Positive,12,0.59
CL_0000898,naive T cell,IL2,cell,Positive,12,7.46
CL_0000084,T cell,IFNB1,cytokine,Negative,12,6.37
CL_0000771,eosinophil,IL4,cytokine,Unknown,12,2.71
CL_0000312,keratinocyte,TNF,cytokine,Positive,12,0.63
CL_0000235,macrophage,IFNB1,cytokine,Positive,12,1.5
CL_0000545,T-helper 1 cell,IL10,cytokine,Negative,12,9.53
CL_0000624,"CD4-positive, alpha-beta T cell",IL17A,cell,Positive,12,5.92
CL_0000138,chondrocyte,IL1B,cytokine,Negative,12,30.48
CL_0000775,neutrophil,IL1,cytokine,Unknown,12,2.19
CL_0000542,lymphocyte,IL7,cytokine,Positive,12,1.95
CL_0000775,neutrophil,IL10,cell,Positive,12,0.48
CL_0000236,B cell,IL5,cell,Positive,12,2.11
CL_0000134,mesenchymal cell,IL6,cell,Positive,12,4.49
CL_0000236,B cell,CXCL13,cytokine,Unknown,12,36.55
CL_0000057,fibroblast,CSF2,cell,Positive,12,1.41
CL_0000545,T-helper 1 cell,IL2,cell,Positive,12,0.96
CL_0000775,neutrophil,IL6,cytokine,Unknown,12,1.03
CL_0000235,macrophage,IFN1,cell,Positive,12,3.32
CL_0000771,eosinophil,IL4,cytokine,Positive,12,0.77
CL_0000738,leukocyte,CCL2,cytokine,Positive,11,1.12
CL_0000738,leukocyte,CXCL8,cytokine,Unknown,11,3.37
CL_0000127,astrocyte,IL1B,cytokine,Positive,11,3.87
CL_0000771,eosinophil,TNF,cell,Positive,11,0.56
CL_0000775,neutrophil,CXCL2,cytokine,Unknown,11,28.87
CL_0000057,fibroblast,TNF,cytokine,Unknown,11,0.89
CL_0000738,leukocyte,IL6,cytokine,Positive,11,0.57
CL_0000066,epithelial cell,TGFB,cytokine,Positive,11,1.28
CL_0000824,mature natural killer cell,IL2,cytokine,Unknown,11,9.36
CL_0000062,osteoblast,TGFB,cytokine,Unknown,11,6.93
CL_0000312,keratinocyte,IL18,cell,Positive,11,10.52
CL_0000097,mast cell,IL4,cytokine,Positive,11,1.69
CL_0000542,lymphocyte,IL4,cytokine,Unknown,11,2
CL_0000312,keratinocyte,TGFA,cell,Positive,11,38.45
CL_0000792,"CD4-positive, CD25-positive, alpha-beta regulatory T cell",IL10,cytokine,Unknown,11,3.28
CL_0000062,osteoblast,TNF,cytokine,Positive,11,0.98
CL_0000092,osteoclast,IL6,cytokine,Unknown,11,5.53
CL_0000134,mesenchymal cell,FGF2,cytokine,Positive,11,6.43
CL_0000084,T cell,IFNB1,cytokine,Positive,11,0.73
CL_0000542,lymphocyte,IL7,cell,Positive,11,2.64
CL_0000129,microglial cell,TNF,cytokine,Positive,11,1.11
CL_0000499,stromal cell,FGF2,cell,Positive,11,7.16
CL_0000169,type B pancreatic cell,IL1B,cell,Positive,11,24.32
CL_0000910,cytotoxic T cell,IFNG,cytokine,Unknown,11,6.31
CL_0000312,keratinocyte,TGFB,cytokine,Unknown,11,4.5
CL_0000235,macrophage,CSF2,cytokine,Negative,11,2.35
CL_0000138,chondrocyte,IL6,cell,Positive,11,3.38
CL_0000062,osteoblast,FGF2,cytokine,Unknown,11,14.44
CL_0000192,smooth muscle cell,FGF2,cell,Positive,11,17.12
CL_0000775,neutrophil,IL17A,cell,Positive,11,3.43
CL_0000235,macrophage,IL1,cytokine,Positive,11,0.31
CL_0000625,"CD8-positive, alpha-beta T cell",IFNG,cytokine,Negative,11,1.51
CL_0000236,B cell,TGFB,cytokine,Negative,11,3.68
CL_0000542,lymphocyte,IL6,cytokine,Unknown,11,1.65
CL_0000312,keratinocyte,TGFB1,cytokine,Negative,11,12.7
CL_0000546,T-helper 2 cell,IL10,cell,Positive,11,2.39
CL_0000786,plasma cell,IL6,cell,Positive,11,14.95
CL_0000545,T-helper 1 cell,IL17,cell,Positive,11,5.12
CL_0000084,T cell,IL3,cell,Positive,11,0.99
CL_0000037,hematopoietic stem cell,CXCL12,cytokine,Unknown,11,51.75
CL_0000066,epithelial cell,TNF,cytokine,Unknown,11,2.22
CL_0000623,natural killer cell,TNF,cytokine,Positive,11,0.25
CL_0000169,type B pancreatic cell,IL1B,cytokine,Positive,11,17.98
CL_0000911,effector T cell,IFNG,cell,Positive,11,4.4
CL_0000236,B cell,IFNA,cytokine,Positive,11,1.04
CL_0000546,T-helper 2 cell,IL33,cytokine,Positive,11,13.53
CL_0000623,natural killer cell,IFNG,cytokine,Negative,11,1.38
CL_0000542,lymphocyte,IL2,cytokine,Negative,11,2.07
CL_0000625,"CD8-positive, alpha-beta T cell",IL7,cell,Positive,10,2.78
CL_0000738,leukocyte,RETN,cell,Positive,10,15.5
CL_0000738,leukocyte,IL1,cell,Positive,10,1.38
CL_0000542,lymphocyte,IL10,cytokine,Unknown,10,1.51
CL_0000062,osteoblast,TNF,cytokine,Negative,10,7.08
CL_0000115,endothelial cell,CXCL8,cytokine,Positive,10,0.95
CL_0000057,fibroblast,TGFB1,cytokine,Negative,10,5.03
CL_0000134,mesenchymal cell,HGF,cell,Positive,10,44.95
CL_0000236,B cell,IFNG,cytokine,Unknown,10,0.43
CL_0000192,smooth muscle cell,TGFB,cytokine,Unknown,10,17.73
CL_0000815,regulatory T cell,TGFB1,cell,Positive,10,11.5
CL_0000540,neuron,IL6,cytokine,Positive,10,0.99
CL_0000576,monocyte,TGFB,cytokine,Positive,10,0.28
CL_0000092,osteoclast,TNF,cytokine,Unknown,10,2.51
CL_0000542,lymphocyte,IL1,cytokine,Positive,10,0.86
CL_0000233,platelet,TNF,cell,Positive,10,0.48
CL_0000235,macrophage,IL4,cytokine,Unknown,10,0.65
CL_0000057,fibroblast,IFNG,cytokine,Negative,10,1.54
CL_0000235,macrophage,IL1RN,cell,Positive,10,3.16
CL_0000084,T cell,IL15,cytokine,Negative,10,3.45
CL_0000236,B cell,IL13,cell,Positive,10,4.07
CL_0000624,"CD4-positive, alpha-beta T cell",IL5,cell,Positive,10,2.13
CL_0000545,T-helper 1 cell,IL4,cytokine,Unknown,10,4.6
CL_0000556,megakaryocyte,IL6,cell,Positive,10,6.19
CL_0000625,"CD8-positive, alpha-beta T cell",IL4,cell,Positive,10,1.05
CL_0000542,lymphocyte,TGFB,cell,Positive,10,0.7
CL_0000625,"CD8-positive, alpha-beta T cell",IL17,cell,Positive,10,2.12
CL_0000094,granulocyte,CSF2,cytokine,Unknown,10,16.27
CL_0000625,"CD8-positive, alpha-beta T cell",IL7,cytokine,Positive,10,2.4
CL_0000127,astrocyte,TNF,cytokine,Positive,10,0.91
CL_0000115,endothelial cell,IL6,cytokine,Positive,10,0.56
CL_0000056,myoblast,FGF2,cytokine,Positive,10,13.13
CL_0000057,fibroblast,EGF,cytokine,Positive,10,11.61
CL_0000096,mature neutrophil,CXCL8,cell,Positive,10,19.48
CL_0000542,lymphocyte,LTA,cell,Positive,10,19.18
CL_0000624,"CD4-positive, alpha-beta T cell",IL7,cytokine,Positive,10,1.62
CL_0000097,mast cell,IL33,cytokine,Positive,10,11.8
CL_0000236,B cell,CXCL13,cytokine,Positive,10,8.21
CL_0002368,respiratory epithelial cell,CXCL8,cell,Positive,10,23.28
CL_0000084,T cell,CSF3,cytokine,Positive,10,0.17
CL_0000066,epithelial cell,IL6,cell,Positive,10,1.71
CL_0000057,fibroblast,IL1,cell,Positive,10,1.25
CL_0000084,T cell,CXCL12,cytokine,Unknown,10,1.55
CL_0000625,"CD8-positive, alpha-beta T cell",TNFSF9,cytokine,Positive,10,6.16
CL_0000576,monocyte,TGFB,cell,Positive,10,0.57
CL_0000115,endothelial cell,HGF,cytokine,Positive,10,6.71
CL_0000625,"CD8-positive, alpha-beta T cell",IL4,cytokine,Positive,10,0.55
CL_0000738,leukocyte,CXCL12,cytokine,Unknown,10,9.9
CL_0000066,epithelial cell,IFNG,cell,Positive,10,0.59
CL_0000084,T cell,IL4,cytokine,Negative,10,0.94
CL_0000057,fibroblast,CXCL8,cell,Positive,10,1.06
CL_0000624,"CD4-positive, alpha-beta T cell",IFNG,cytokine,Negative,10,1.18
CL_0000134,mesenchymal cell,FGF2,cell,Positive,10,8.63
CL_0000145,professional antigen presenting cell,IL10,cell,Positive,10,12.56
CL_0000792,"CD4-positive, CD25-positive, alpha-beta regulatory T cell",IL6,cytokine,Positive,10,0.85
CL_0002061,T-helper 9 cell,IL9,cell,Positive,10,1161.35
CL_0000235,macrophage,IFNA,cytokine,Positive,10,0.45
CL_0000084,T cell,CXCL13,cell,Positive,10,3.34
CL_0000899,T-helper 17 cell,IL17,cytokine,Unknown,10,23.8
CL_0000097,mast cell,CXCL8,cell,Positive,9,2.87
CL_0000233,platelet,TGFB1,cytokine,Unknown,9,3.13
CL_0000233,platelet,CXCL12,cell,Positive,9,4.4
CL_0000624,"CD4-positive, alpha-beta T cell",IL17,cytokine,Unknown,9,3.91
CL_0000765,erythroblast,EPO,cell,Positive,9,180.61
CL_0000236,B cell,IL12,cell,Positive,9,0.89
CL_0000097,mast cell,IFNG,cell,Positive,9,0.86
CL_0000066,epithelial cell,IL1,cell,Positive,9,2.55
CL_0000129,microglial cell,IFNG,cytokine,Unknown,9,1.88
CL_0000138,chondrocyte,IL1B,cytokine,Unknown,9,9.26
CL_0000148,melanocyte,FGF2,cytokine,Positive,9,14.51
CL_0000034,stem cell,IL3,cytokine,Positive,9,10.11
CL_0000145,professional antigen presenting cell,IL12,cell,Positive,9,23.46
CL_0000546,T-helper 2 cell,IL10,cytokine,Positive,9,1.47
CL_0000786,plasma cell,IL6,cytokine,Positive,9,7.6
CL_0000182,hepatocyte,TGFB1,cytokine,Negative,9,11.63
CL_0000576,monocyte,CSF3,cell,Positive,9,0.6
CL_0000792,"CD4-positive, CD25-positive, alpha-beta regulatory T cell",IL2,cytokine,Negative,9,3.34
CL_0000084,T cell,IL18,cytokine,Unknown,9,2.08
CL_0000893,thymocyte,IL2,cytokine,Unknown,9,3.61
CL_0000084,T cell,CCL2,cytokine,Positive,9,0.16
CL_0000236,B cell,IL2,cytokine,Negative,9,1.55
CL_0000775,neutrophil,IL17A,cytokine,Unknown,9,6.66
CL_0000057,fibroblast,IL1A,cytokine,Positive,9,3.36
CL_0000893,thymocyte,IL4,cell,Positive,9,3.72
CL_0000738,leukocyte,IL10,cytokine,Unknown,9,1.82
CL_0000890,alternatively activated macrophage,IL10,cell,Positive,9,14.9
CL_0000129,microglial cell,IL6,cell,Positive,9,2.53
CL_0000775,neutrophil,IFNG,cytokine,Negative,9,0.67
CL_0000233,platelet,FGF2,cell,Positive,9,2.23
CL_0000312,keratinocyte,TGFB,cytokine,Positive,9,0.96
CL_0000235,macrophage,IFN1,cytokine,Positive,9,1.69
CL_0000546,T-helper 2 cell,IL12,cytokine,Unknown,9,9.6
CL_0000623,natural killer cell,IFNA,cytokine,Unknown,9,3.51
CL_0000034,stem cell,TGFB,cytokine,Unknown,9,6.93
CL_0000127,astrocyte,TGFB,cell,Positive,9,3
CL_0000583,alveolar macrophage,CSF2,cell,Positive,9,9.39
CL_0000775,neutrophil,IL18,cytokine,Positive,9,2.31
CL_0000576,monocyte,IL18,cell,Positive,9,2.52
CL_0000092,osteoclast,IL1,cytokine,Positive,9,2.87
CL_0000084,T cell,IL21,cytokine,Positive,9,0.6
CL_0000235,macrophage,IFNA,cell,Positive,9,0.55
CL_0000917,Tc1 cell,IFNG,cell,Positive,9,17.74
CL_0000540,neuron,IFNG,cytokine,Positive,9,0.38
CL_0000125,glial cell,TNF,cell,Positive,9,5.38
CL_0000557,granulocyte monocyte progenitor cell,CSF2,cytokine,Positive,9,9.16
CL_0000084,T cell,TNFSF9,cytokine,Negative,9,7.24
CL_0001042,T-helper 22 cell,IL22,cell,Positive,9,570.26
CL_0002327,mammary epithelial cell,TGFB,cytokine,Unknown,9,50.21
CL_0000499,stromal cell,CSF2,cell,Positive,9,4.93
CL_0002139,endothelial cell of vascular tree,TNF,cytokine,Positive,9,4.29
CL_0000556,megakaryocyte,IL6,cytokine,Positive,9,3.5
CL_0000312,keratinocyte,TNF,cytokine,Unknown,9,1.66
CL_0000899,T-helper 17 cell,IL27,cytokine,Negative,9,233.6
CL_0002629,mature microglial cell,TNF,cell,Positive,9,12.24
CL_0000540,neuron,IL6,cell,Positive,9,1.31
CL_0000235,macrophage,CXCL10,cell,Positive,9,2.47
CL_0000763,myeloid cell,IL10,cell,Positive,9,5.08
CL_0000034,stem cell,FGF2,cytokine,Unknown,9,11.81
CL_0000233,platelet,CD40LG,cytokine,Positive,9,1.86
CL_0000233,platelet,CSF2,cytokine,Positive,9,0.94
CL_0000138,chondrocyte,TGFB,cytokine,Negative,9,12.12
CL_0000542,lymphocyte,IFNG,cytokine,Negative,9,1.17
CL_0000738,leukocyte,CX3CL1,cytokine,Unknown,9,26.86
CL_0000091,Kupffer cell,IL6,cell,Positive,9,11.19
CL_0000115,endothelial cell,CXCL12,cytokine,Positive,9,2.51
CL_0000062,osteoblast,TGFB1,cell,Positive,9,3.23
CL_0000583,alveolar macrophage,CSF2,cytokine,Positive,9,7.07
CL_0000037,hematopoietic stem cell,TGFB,cytokine,Unknown,9,9.38
CL_0000576,monocyte,IL4,cytokine,Unknown,9,0.88
CL_0000738,leukocyte,IL2,cytokine,Positive,9,0.26
CL_0000235,macrophage,CSF1,cytokine,Negative,9,4.01
CL_0000235,macrophage,TGFB,cytokine,Unknown,9,0.53
CL_0000542,lymphocyte,IL7,cytokine,Unknown,9,5.13
CL_0000738,leukocyte,TNF,cytokine,Negative,9,2.24
CL_0000115,endothelial cell,FGF2,cytokine,Negative,9,9.25
CL_0000097,mast cell,TGFB1,cell,Positive,9,3.09
CL_0000771,eosinophil,IL13,cytokine,Unknown,9,13.12
CL_0000233,platelet,PDGF,cytokine,Positive,9,11.31
CL_0000236,B cell,CD40LG,cytokine,Negative,9,7.97
CL_0000084,T cell,IFNB1,cytokine,Unknown,9,2.1
CL_0000084,T cell,CCL5,cell,Positive,9,3.29
CL_0000623,natural killer cell,IL21,cytokine,Positive,9,3.33
CL_0000542,lymphocyte,TGFB1,cell,Positive,8,0.76
CL_0000115,endothelial cell,IFNG,cytokine,Unknown,8,0.67
CL_0000540,neuron,CCL2,cell,Positive,8,2.31
CL_0000775,neutrophil,IL17A,cytokine,Positive,8,2.12
CL_0000057,fibroblast,IL2,cell,Positive,8,0.31
CL_0000134,mesenchymal cell,TGFB,cytokine,Positive,8,2.25
CL_0000738,leukocyte,IL10,cytokine,Positive,8,0.47
CL_0000236,B cell,TGFB,cytokine,Unknown,8,1.12
CL_0000084,T cell,TGFB1,cytokine,Unknown,8,0.37
CL_0000066,epithelial cell,IL6,cytokine,Positive,8,0.84
CL_0000113,mononuclear phagocyte,IFNG,cytokine,Positive,8,2.62
CL_0000236,B cell,IFNA,cytokine,Negative,8,5.53
CL_0000084,T cell,CXCL10,cytokine,Positive,8,0.97
CL_0000623,natural killer cell,IL18,cytokine,Unknown,8,7.74
CL_0000775,neutrophil,CCL2,cell,Positive,8,0.65
CL_0000898,naive T cell,IL4,cell,Positive,8,12.3
CL_0002246,peripheral blood stem cell,CSF3,cytokine,Unknown,8,74.12
CL_0000127,astrocyte,IFNG,cytokine,Positive,8,0.64
CL_0000623,natural killer cell,TGFB,cell,Positive,8,0.61
CL_0000034,stem cell,FGF2,cytokine,Positive,8,3
CL_0000738,leukocyte,IFNG,cytokine,Negative,8,1.25
CL_0000771,eosinophil,CXCL8,cytokine,Positive,8,0.91
CL_0000057,fibroblast,HGF,cell,Positive,8,5.98
CL_0000084,T cell,CSF2,cytokine,Negative,8,0.99
CL_0000138,chondrocyte,TGFB1,cytokine,Positive,8,2.05
CL_0000066,epithelial cell,IL33,cell,Positive,8,10.51
CL_0000023,oocyte,IL6,cell,Positive,8,11.12
CL_0000623,natural killer cell,IL12,cytokine,Unknown,8,2.72
CL_0000134,mesenchymal cell,TGFB1,cell,Positive,8,4.48
CL_0000794,"CD8-positive, alpha-beta cytotoxic T cell",IFNG,cell,Positive,8,6.31
CL_0000771,eosinophil,IL12,cytokine,Negative,8,10.68
CL_0000542,lymphocyte,IL15,cytokine,Unknown,8,5.87
CL_0000771,eosinophil,CCL11,cytokine,Negative,8,32.38
CL_0000624,"CD4-positive, alpha-beta T cell",IL6,cytokine,Positive,8,0.31
CL_0000624,"CD4-positive, alpha-beta T cell",IL10,cytokine,Negative,8,2.5
CL_0000540,neuron,CX3CL1,cell,Positive,8,21.72
CL_0000540,neuron,CXCL12,cytokine,Unknown,8,13.81
CL_0000576,monocyte,TGFB1,cytokine,Positive,8,0.28
CL_0000138,chondrocyte,FGF2,cytokine,Positive,8,2.81
CL_0000451,dendritic cell,TNF,cytokine,Positive,8,0.72
CL_0000235,macrophage,SPP1,cytokine,Unknown,8,7.43
CL_0000767,basophil,IL4,cytokine,Unknown,8,11.14
CL_0000738,leukocyte,IL1,cytokine,Positive,8,0.75
CL_0000057,fibroblast,TGFB,cytokine,Negative,8,2.98
CL_0000066,epithelial cell,CCL2,cell,Positive,8,2.47
CL_0000775,neutrophil,IL1B,cytokine,Unknown,8,1.33
CL_0000738,leukocyte,TGFB,cell,Positive,8,0.67
CL_0000542,lymphocyte,IL6,cytokine,Positive,8,0.34
CL_0000546,T-helper 2 cell,IL33,cell,Positive,8,14.52
CL_0000235,macrophage,IL12B,cell,Positive,8,8.08
CL_0000650,mesangial cell,TGFB,cell,Positive,8,8.27
CL_0000236,B cell,IL21,cell,Positive,8,2.55
CL_0000650,mesangial cell,CCL2,cell,Positive,8,13.15
CL_0000623,natural killer cell,IL10,cytokine,Negative,8,2.65
CL_0000784,plasmacytoid dendritic cell,IFNA,cytokine,Unknown,8,26.61
CL_0000542,lymphocyte,CXCL12,cytokine,Positive,8,1.71
CL_0000540,neuron,FGF2,cytokine,Negative,8,14.52
CL_0000092,osteoclast,IL4,cytokine,Negative,8,11.43
CL_0000542,lymphocyte,IL12,cytokine,Positive,8,0.9
CL_0000815,regulatory T cell,IL2,cytokine,Unknown,8,8.03
CL_0000023,oocyte,TGFB,cell,Positive,8,12.31
CL_0000499,stromal cell,TGFB,cell,Positive,8,2.5
CL_0000134,mesenchymal cell,TGFB1,cytokine,Positive,8,3.04
CL_0000542,lymphocyte,IL15,cytokine,Positive,8,2.1
CL_0000182,hepatocyte,TGFA,cell,Positive,8,30.75
CL_0000312,keratinocyte,IL22,cytokine,Positive,8,11.54
CL_0000775,neutrophil,CXCL5,cytokine,Unknown,8,45.62
CL_0000624,"CD4-positive, alpha-beta T cell",IL2,cytokine,Negative,8,1.36
CL_0000115,endothelial cell,PF4,cytokine,Negative,8,38.37
CL_0000084,T cell,IL22,cell,Positive,8,1.56
CL_0000057,fibroblast,FGF2,cytokine,Unknown,8,3.06
CL_0000650,mesangial cell,TGFB1,cytokine,Positive,8,8.42
CL_0000084,T cell,CCL2,cell,Positive,8,0.21
CL_0000057,fibroblast,IL1A,cytokine,Unknown,8,10.46
CL_0000624,"CD4-positive, alpha-beta T cell",TGFB1,cytokine,Positive,8,0.47
CL_0000542,lymphocyte,TNF,cytokine,Negative,8,1.49
CL_0000792,"CD4-positive, CD25-positive, alpha-beta regulatory T cell",IFNG,cytokine,Negative,8,2.06
CL_0000233,platelet,IL1B,cell,Positive,8,1.87
CL_0000097,mast cell,FGF2,cell,Positive,8,4.76
CL_0000092,osteoclast,TNFSF11,cytokine,Positive,8,89.7
CL_0000540,neuron,TGFB,cytokine,Unknown,8,3.06
CL_0000113,mononuclear phagocyte,CSF1,cytokine,Unknown,8,98.78
CL_0000576,monocyte,IFNB1,cytokine,Positive,8,1.74
CL_0000542,lymphocyte,IL17,cell,Positive,8,1.62
CL_0000901,Tr1 cell,IL10,cytokine,Positive,8,14.11
CL_0000499,stromal cell,CXCL8,cell,Positive,8,4.8
CL_0000893,thymocyte,IL1,cytokine,Unknown,8,10.62
CL_0000546,T-helper 2 cell,IL5,cell,Positive,8,7.2
CL_0000312,keratinocyte,CSF2,cell,Positive,8,2.25
CL_0000192,smooth muscle cell,FGF2,cytokine,Positive,8,8.44
CL_0000097,mast cell,CSF2,cell,Positive,8,2.62
CL_0000138,chondrocyte,FGF2,cell,Positive,8,4.15
CL_0000798,gamma-delta T cell,IL2,cytokine,Positive,7,4.49
CL_0000127,astrocyte,TGFB1,cytokine,Positive,7,1.75
CL_0000136,fat cell,RETN,cytokine,Positive,7,20.45
CL_0000738,leukocyte,IL1B,cytokine,Unknown,7,2.43
CL_0000187,muscle cell,IL6,cell,Positive,7,9.63
CL_0000623,natural killer cell,IL10,cell,Positive,7,0.49
CL_0000738,leukocyte,IL2,cytokine,Unknown,7,0.69
CL_0000312,keratinocyte,TGFB,cytokine,Negative,7,6.83
CL_0000034,stem cell,CSF2,cell,Positive,7,2.94
CL_0000581,peritoneal macrophage,IL10,cell,Positive,7,3.09
CL_0000625,"CD8-positive, alpha-beta T cell",TNF,cytokine,Unknown,7,0.6
CL_0000312,keratinocyte,TGFB1,cytokine,Unknown,7,3.55
CL_0000236,B cell,IL15,cytokine,Unknown,7,3.84
CL_0000182,hepatocyte,TGFA,cytokine,Positive,7,18.75
CL_0000581,peritoneal macrophage,IL6,cell,Positive,7,3.5
CL_0000545,T-helper 1 cell,IL4,cytokine,Positive,7,0.84
CL_0002563,intestinal epithelial cell,TNF,cytokine,Positive,7,3.07
CL_0000775,neutrophil,CXCL5,cytokine,Positive,7,14.66
CL_0000128,oligodendrocyte,TNF,cytokine,Positive,7,2.88
CL_0000890,alternatively activated macrophage,IL4,cytokine,Positive,7,10.78
CL_0000235,macrophage,IL13,cytokine,Positive,7,0.96
CL_0000899,T-helper 17 cell,IL6,cytokine,Positive,7,1.49
CL_0000192,smooth muscle cell,FGF2,cytokine,Unknown,7,25.84
CL_0000545,T-helper 1 cell,IL18,cytokine,Unknown,7,16.2
CL_0000746,cardiac muscle cell,TNF,cytokine,Positive,7,1.68
CL_0000775,neutrophil,IL17,cytokine,Negative,7,4.39
CL_0000084,T cell,IL3,cytokine,Positive,7,0.43
CL_0000057,fibroblast,CSF1,cell,Positive,7,1.59
CL_0000136,fat cell,RETN,cytokine,Unknown,7,81.79
CL_0000182,hepatocyte,CCL4,cytokine,Unknown,7,65.03
CL_0000771,eosinophil,CCL26,cytokine,Positive,7,13.1
CL_0000623,natural killer cell,IL4,cytokine,Negative,7,2.79
CL_0000233,platelet,CXCL8,cell,Positive,7,1.2
CL_0000096,mature neutrophil,CSF3,cytokine,Unknown,7,42.36
CL_0000540,neuron,FGF1,cytokine,Positive,7,21.31
CL_0000233,platelet,IL3,cytokine,Unknown,7,10.1
CL_0000451,dendritic cell,CD40LG,cytokine,Positive,7,4.02
CL_0000115,endothelial cell,EPO,cytokine,Positive,7,2.06
CL_0000192,smooth muscle cell,PDGF,cytokine,Positive,7,67.42
CL_0000775,neutrophil,IL1,cytokine,Negative,7,2.5
CL_0000771,eosinophil,CSF2,cytokine,Negative,7,5.2
CL_0000499,stromal cell,TGFB1,cytokine,Positive,7,2.29
CL_0002619,adult endothelial progenitor cell,CXCL12,cell,Positive,7,42.48
CL_0000236,B cell,IFNB1,cytokine,Positive,7,1.69
CL_0002092,bone marrow cell,IL6,cell,Positive,7,5.35
CL_0000546,T-helper 2 cell,IL10,cytokine,Unknown,7,3.6
CL_0000786,plasma cell,IL6,cytokine,Unknown,7,20.68
CL_0000576,monocyte,RETN,cytokine,Positive,7,2.91
CL_0000576,monocyte,TGFB,cytokine,Unknown,7,0.63
CL_0000738,leukocyte,CSF2,cytokine,Unknown,7,2.2
CL_0000127,astrocyte,IL1,cytokine,Positive,7,2.13
CL_0000771,eosinophil,IL6,cell,Positive,7,0.55
CL_0000767,basophil,IL13,cell,Positive,7,26.52
CL_0000817,precursor B cell,IL7,cytokine,Positive,7,32.54
CL_0000097,mast cell,IL4,cytokine,Unknown,7,4.31
CL_0000062,osteoblast,TGFB1,cytokine,Unknown,7,5.96
CL_0000624,"CD4-positive, alpha-beta T cell",TNF,cytokine,Positive,7,0.15
CL_0000097,mast cell,IL6,cytokine,Positive,7,0.89
CL_0000771,eosinophil,IFNG,cell,Positive,7,0.24
CL_0000623,natural killer cell,IL10,cytokine,Positive,7,0.29
CL_0000784,plasmacytoid dendritic cell,IFNA,cytokine,Positive,7,6.65
CL_0000738,leukocyte,IL2,cell,Positive,7,0.29
CL_0000911,effector T cell,IFNG,cytokine,Unknown,7,6.64
CL_0000546,T-helper 2 cell,IFNG,cytokine,Negative,7,3.11
CL_0000062,osteoblast,IL1B,cytokine,Positive,7,2.51
CL_0000312,keratinocyte,IFNG,cytokine,Unknown,7,1.03
CL_0000792,"CD4-positive, CD25-positive, alpha-beta regulatory T cell",IL6,cytokine,Unknown,7,2.37
CL_0000236,B cell,IFNA,cytokine,Unknown,7,2.43
CL_0000092,osteoclast,CCL3,cytokine,Positive,7,18.11
CL_0000581,peritoneal macrophage,IL1B,cell,Positive,7,5.91
CL_0000057,fibroblast,CCL2,cytokine,Positive,7,0.58
CL_0000576,monocyte,IL1B,cytokine,Negative,7,2.49
CL_0000092,osteoclast,CSF1,cytokine,Negative,7,26.82
CL_0000097,mast cell,IL3,cytokine,Unknown,7,21.52
CL_0000576,monocyte,CSF3,cytokine,Positive,7,0.32
CL_0000623,natural killer cell,TGFB,cytokine,Positive,7,0.32
CL_0000545,T-helper 1 cell,IL18,cytokine,Positive,7,4.63
CL_0000738,leukocyte,CSF3,cytokine,Unknown,7,2.46
CL_0000218,myelinating Schwann cell,GDF15,cytokine,Unknown,7,1098.7
CL_0000792,"CD4-positive, CD25-positive, alpha-beta regulatory T cell",TGFB1,cell,Positive,7,1.31
CL_0002139,endothelial cell of vascular tree,FGF2,cell,Positive,7,20.82
CL_0000771,eosinophil,TGFB,cell,Positive,7,0.7
CL_0000771,eosinophil,IL2,cytokine,Positive,7,0.21
CL_0000576,monocyte,IL13,cytokine,Positive,7,1.27
CL_0000233,platelet,TNF,cytokine,Positive,7,0.26
CL_0000625,"CD8-positive, alpha-beta T cell",IL21,cell,Positive,7,3.58
CL_0000451,dendritic cell,CSF2,cytokine,Unknown,7,7.1
CL_0000893,thymocyte,IL7,cytokine,Unknown,7,19.39
CL_0000583,alveolar macrophage,IL1B,cell,Positive,7,9.21
CL_0000057,fibroblast,IL4,cytokine,Unknown,7,1.43
CL_0000625,"CD8-positive, alpha-beta T cell",IL10,cytokine,Unknown,7,1.27
CL_0000623,natural killer cell,IL18,cytokine,Negative,7,19.83
CL_0000775,neutrophil,CCL2,cytokine,Unknown,7,1.19
CL_0000235,macrophage,IL12,cytokine,Positive,7,0.22
CL_0000545,T-helper 1 cell,IL4,cell,Positive,7,1.23
CL_0000540,neuron,CSF3,cell,Positive,7,1.98
CL_0000084,T cell,IL16,cell,Positive,7,3.48
CL_0000214,synovial cell,TNF,cell,Positive,7,3.1
CL_0000235,macrophage,IL13,cell,Positive,7,1.24
CL_0000912,helper T cell,IFNG,cell,Positive,7,2.19
CL_0000542,lymphocyte,IFNA,cell,Positive,7,1.37
CL_0000235,macrophage,IFNB1,cytokine,Unknown,7,3.22
CL_0002322,embryonic stem cell,LIF,cytokine,Unknown,7,638.05
CL_0000738,leukocyte,CSF2,cell,Positive,7,0.93
CL_0000542,lymphocyte,CSF2,cytokine,Unknown,7,1.83
CL_0000451,dendritic cell,IL10,cytokine,Negative,7,9.34
CL_0000092,osteoclast,IL1A,cytokine,Positive,7,8.16
CL_0000556,megakaryocyte,THPO,cytokine,Unknown,7,110.27
CL_0000236,B cell,IL10,cytokine,Negative,7,1.81
CL_0000115,endothelial cell,TGFB,cytokine,Positive,7,0.43
CL_0000138,chondrocyte,TGFB1,cytokine,Unknown,7,5.59
CL_0000542,lymphocyte,IL1,cytokine,Unknown,7,1.91
CL_0000738,leukocyte,IL1B,cytokine,Positive,7,0.69
CL_0000583,alveolar macrophage,IFNG,cell,Positive,7,1.82
CL_0000082,epithelial cell of lung,CXCL8,cell,Positive,7,24.55
CL_0000625,"CD8-positive, alpha-beta T cell",TGFB,cytokine,Unknown,7,1.22
CL_0000912,helper T cell,IL4,cell,Positive,7,6.96
CL_0000576,monocyte,CXCL8,cytokine,Positive,7,0.28
CL_0000556,megakaryocyte,IL3,cytokine,Positive,7,16.91
CL_0000499,stromal cell,CSF1,cell,Positive,7,7.21
CL_0000623,natural killer cell,CX3CL1,cytokine,Positive,7,5.47
CL_0000235,macrophage,IL12,cytokine,Unknown,7,0.78
CL_0000499,stromal cell,TGFB1,cell,Positive,7,2.96
CL_0000057,fibroblast,CCL11,cell,Positive,7,4.15
CL_0000623,natural killer cell,IFNA,cytokine,Negative,7,7.99
CL_0000576,monocyte,IL1,cytokine,Negative,7,2.35
CL_0000066,epithelial cell,EGF,cytokine,Positive,7,20.33
CL_0000542,lymphocyte,TGFB,cytokine,Unknown,7,1.33
CL_0000546,T-helper 2 cell,IL13,cell,Positive,7,11.76
CL_0000115,endothelial cell,TGFB,cytokine,Negative,7,3.95
CL_0000817,precursor B cell,IL7,cell,Positive,7,54.89
CL_0000624,"CD4-positive, alpha-beta T cell",TGFB1,cytokine,Unknown,6,1.22
CL_0000233,platelet,CSF3,cytokine,Positive,6,0.7
CL_0000792,"CD4-positive, CD25-positive, alpha-beta regulatory T cell",TGFB1,cytokine,Positive,6,0.76
CL_0000576,monocyte,CXCL10,cell,Positive,6,2.91
CL_0000057,fibroblast,SPP1,cell,Positive,6,6.04
CL_0000623,natural killer cell,TNF,cytokine,Unknown,6,0.47
CL_0000062,osteoblast,TGFB1,cytokine,Negative,6,11.64
CL_0000583,alveolar macrophage,CSF2,cytokine,Unknown,6,14.84
CL_0000775,neutrophil,IL18,cell,Positive,6,1.7
CL_0000771,eosinophil,IFNG,cytokine,Unknown,6,0.43
CL_0000775,neutrophil,IL4,cytokine,Negative,6,1.42
CL_0000814,mature NK T cell,IL12,cytokine,Positive,6,13.36
CL_0000097,mast cell,IL10,cell,Positive,6,1.32
CL_0000792,"CD4-positive, CD25-positive, alpha-beta regulatory T cell",IL35,cell,Positive,6,63.78
CL_0000763,myeloid cell,CSF2,cytokine,Unknown,6,13.92
CL_0002327,mammary epithelial cell,TGFB,cytokine,Positive,6,9.57
CL_0000763,myeloid cell,IL6,cell,Positive,6,3.36
CL_0000815,regulatory T cell,IL2,cytokine,Positive,6,2.01
CL_0002629,mature microglial cell,IL1,cell,Positive,6,27.21
CL_0000084,T cell,IFN1,cytokine,Positive,6,0.65
CL_0000771,eosinophil,IL25,cytokine,Positive,6,13.31
CL_0000893,thymocyte,IL7,cytokine,Positive,6,4.75
CL_0000545,T-helper 1 cell,IL27,cytokine,Positive,6,9.06
CL_0000057,fibroblast,IL4,cytokine,Positive,6,0.31
CL_0000312,keratinocyte,IL1,cytokine,Unknown,6,3.7
CL_0000236,B cell,TGFB1,cytokine,Positive,6,0.29
CL_0000625,"CD8-positive, alpha-beta T cell",CSF2,cytokine,Positive,6,0.47
CL_0000775,neutrophil,IL2,cytokine,Positive,6,0.08
CL_0000115,endothelial cell,PF4,cytokine,Unknown,6,13.1
CL_0000738,leukocyte,CD40LG,cell,Positive,6,1.58
CL_0000235,macrophage,IL17,cytokine,Positive,6,0.29
CL_0000062,osteoblast,FGF2,cytokine,Negative,6,17.94
CL_0000558,reticulocyte,EPO,cytokine,Unknown,6,115.44
CL_0000092,osteoclast,TGFB1,cytokine,Positive,6,1.18
CL_0000542,lymphocyte,IL1B,cell,Positive,6,0.73
CL_0000236,B cell,CSF2,cell,Positive,6,0.5
CL_0000624,"CD4-positive, alpha-beta T cell",TGFB,cytokine,Positive,6,0.26
CL_0000233,platelet,CSF3,cytokine,Negative,6,5.56
CL_0000792,"CD4-positive, CD25-positive, alpha-beta regulatory T cell",TGFB1,cytokine,Unknown,6,3.1
CL_0002363,keratocyte,TGFB,cytokine,Positive,6,14.14
CL_0000232,erythrocyte,IL6,cytokine,Unknown,6,12.85
CL_0000084,T cell,TNFSF4,cytokine,Positive,6,3.52
CL_0000624,"CD4-positive, alpha-beta T cell",IL16,cytokine,Positive,6,8.87
CL_0000584,enterocyte,IL6,cell,Positive,6,11.12
CL_0000127,astrocyte,TNF,cytokine,Negative,6,4.36
CL_0000084,T cell,CCL21,cytokine,Unknown,6,11.42
CL_0000625,"CD8-positive, alpha-beta T cell",TGFB,cell,Positive,6,0.44
CL_0000910,cytotoxic T cell,IFNG,cytokine,Positive,6,0.98
CL_0000899,T-helper 17 cell,CCL20,cell,Positive,6,55.28
CL_0000115,endothelial cell,CXCL8,cytokine,Unknown,6,1.99
CL_0000545,T-helper 1 cell,IL12,cytokine,Negative,6,13.18
CL_0000863,inflammatory macrophage,IFNG,cytokine,Positive,6,3.3
CL_0000624,"CD4-positive, alpha-beta T cell",IL4,cytokine,Negative,6,2.25
CL_0000113,mononuclear phagocyte,CSF1,cytokine,Positive,6,18.82
CL_0000576,monocyte,CD40LG,cell,Positive,6,0.71
CL_0000625,"CD8-positive, alpha-beta T cell",IL10,cytokine,Negative,6,2.17
CL_0000097,mast cell,TGFB,cytokine,Unknown,6,2.96
CL_0000540,neuron,GDF15,cytokine,Unknown,6,51.5
CL_0000097,mast cell,TGFB1,cytokine,Positive,6,1.14
CL_0000546,T-helper 2 cell,IL4,cytokine,Negative,6,8.44
CL_0000182,hepatocyte,CXCL8,cell,Positive,6,1.9
CL_0000115,endothelial cell,IL1B,cytokine,Positive,6,0.65
CL_0000625,"CD8-positive, alpha-beta T cell",CXCL10,cytokine,Unknown,6,11.51
CL_0000910,cytotoxic T cell,IL2,cytokine,Unknown,6,4.96
CL_0000097,mast cell,TNF,cytokine,Positive,6,0.42
CL_0000235,macrophage,MIF,cytokine,Negative,6,40.95
CL_0000451,dendritic cell,IFNG,cytokine,Positive,6,0.38
CL_0000581,peritoneal macrophage,TNF,cytokine,Positive,6,0.97
CL_0000136,fat cell,CCL2,cytokine,Unknown,6,7.74
CL_0000624,"CD4-positive, alpha-beta T cell",TGFB1,cell,Positive,6,0.51
CL_0000115,endothelial cell,CXCL12,cytokine,Unknown,6,5.86
CL_0000557,granulocyte monocyte progenitor cell,CSF3,cytokine,Unknown,6,23.83
CL_0000182,hepatocyte,IL6,cytokine,Negative,6,5.18
CL_0000815,regulatory T cell,IL10,cytokine,Unknown,6,11.03
CL_0000115,endothelial cell,IFNG,cell,Positive,6,0.19
CL_0000771,eosinophil,IL1B,cytokine,Positive,6,0.62
CL_0002322,embryonic stem cell,TNF,cytokine,Positive,6,3.17
CL_0000138,chondrocyte,IL1,cytokine,Unknown,6,5.83
CL_0000236,B cell,IL12,cytokine,Positive,6,0.47
CL_0000312,keratinocyte,IL1B,cell,Positive,6,1.65
CL_0000542,lymphocyte,IL5,cell,Positive,6,1.41
CL_0000084,T cell,IL5,cytokine,Unknown,6,0.69
CL_0000746,cardiac muscle cell,IL6,cytokine,Positive,6,2.31
CL_0000899,T-helper 17 cell,IL22,cell,Positive,6,28.1
CL_0000084,T cell,IFNA,cytokine,Negative,6,1.14
CL_0000902,induced T-regulatory cell,IL10,cell,Positive,6,13.78
CL_0000235,macrophage,TGFB1,cytokine,Unknown,6,0.48
CL_0002543,vein endothelial cell,TNF,cytokine,Positive,6,14.58
CL_0000097,mast cell,TGFB1,cytokine,Unknown,6,3.99
CL_0000650,mesangial cell,IL6,cell,Positive,6,4.98
CL_0000557,granulocyte monocyte progenitor cell,IL3,cytokine,Positive,6,28.18
CL_0000775,neutrophil,CCL2,cytokine,Positive,6,0.34
CL_0000034,stem cell,KITLG,cytokine,Unknown,6,75.44
CL_0000499,stromal cell,TNF,cell,Positive,6,0.92
CL_0000969,regulatory B cell,IL10,cytokine,Unknown,6,35.58
CL_0000097,mast cell,TNF,cytokine,Unknown,6,1.46
CL_0000192,smooth muscle cell,TGFB,cytokine,Positive,6,3.04
CL_0000893,thymocyte,IL1,cytokine,Negative,6,18.14
CL_0000084,T cell,IL27,cytokine,Unknown,6,2.84
CL_0000094,granulocyte,TNF,cytokine,Positive,6,0.87
CL_0000235,macrophage,IL27,cell,Positive,6,2.07
CL_0000546,T-helper 2 cell,IL13,cytokine,Unknown,6,23.9
CL_0000653,glomerular visceral epithelial cell,TGFB,cytokine,Positive,6,4.22
CL_0000136,fat cell,IL6,cytokine,Unknown,6,3.91
CL_0000084,T cell,CXCL16,cytokine,Unknown,6,13.31
CL_0000092,osteoclast,CSF2,cell,Positive,6,2.04
CL_0000775,neutrophil,IL3,cytokine,Positive,6,1.02
CL_0000057,fibroblast,IL2,cytokine,Unknown,6,0.49
CL_0000542,lymphocyte,CXCL10,cytokine,Unknown,6,14.61
CL_0000738,leukocyte,IL1,cytokine,Unknown,6,1.97
CL_0000236,B cell,IL12,cytokine,Unknown,6,1.41
CL_0000235,macrophage,IL33,cytokine,Positive,6,0.9
CL_0000312,keratinocyte,IL1A,cytokine,Positive,6,6
CL_0000125,glial cell,FGF2,cell,Positive,6,15.14
CL_0000583,alveolar macrophage,CXCL8,cell,Positive,6,6.09
CL_0000084,T cell,CCL21,cytokine,Positive,6,2.8
CL_0000115,endothelial cell,IL6,cytokine,Unknown,6,1.17
CL_0000775,neutrophil,IL1RN,cytokine,Negative,6,16.44
CL_0002092,bone marrow cell,IL3,cytokine,Positive,6,18.79
CL_0000232,erythrocyte,EPO,cell,Positive,6,28.6
CL_0000092,osteoclast,IL6,cell,Positive,6,1.17
CL_0000236,B cell,IL13,cytokine,Positive,6,1.5
CL_0000235,macrophage,IL6,cytokine,Negative,6,0.73
CL_0000576,monocyte,CSF2,cytokine,Negative,6,1.94
CL_0000062,osteoblast,IL6,cytokine,Positive,6,0.98
CL_0000236,B cell,IL17,cytokine,Positive,6,0.62
CL_0000129,microglial cell,TGFB1,cytokine,Positive,6,1.87
CL_0000625,"CD8-positive, alpha-beta T cell",IL33,cytokine,Positive,6,2.66
CL_0000451,dendritic cell,IFN1,cytokine,Unknown,6,42.7
CL_0002092,bone marrow cell,CSF2,cytokine,Positive,6,4.75
CL_0000911,effector T cell,IL2,cell,Positive,6,3.46
CL_0000129,microglial cell,CSF1,cytokine,Positive,6,3.99
CL_0000540,neuron,CXCL12,cytokine,Positive,6,2.96
CL_0000623,natural killer cell,TGFB1,cell,Positive,6,0.55
CL_0000062,osteoblast,TGFB,cytokine,Negative,6,11.49
CL_0000899,T-helper 17 cell,IL17,cytokine,Positive,6,4.08
CL_0000581,peritoneal macrophage,CSF2,cytokine,Positive,6,3.63
CL_0000893,thymocyte,IL2,cytokine,Negative,6,5.49
CL_0000775,neutrophil,IL17A,cytokine,Negative,6,10.12
CL_0000084,T cell,CSF1,cell,Positive,6,0.29
CL_0000557,granulocyte monocyte progenitor cell,CSF3,cytokine,Positive,6,6.81
CL_0000057,fibroblast,IFNA,cell,Positive,6,1.18
CL_0000625,"CD8-positive, alpha-beta T cell",IL2,cytokine,Negative,6,1.19
CL_0000236,B cell,IL21,cytokine,Negative,6,10.33
CL_0002548,cardiac fibroblast,TGFB1,cytokine,Positive,6,25.85
CL_0002544,aortic endothelial cell,TNF,cytokine,Positive,6,7.29
CL_0000738,leukocyte,CCL3,cytokine,Unknown,6,18.6
CL_0000623,natural killer cell,IL12,cytokine,Negative,6,4.13
CL_0000546,T-helper 2 cell,IFNG,cytokine,Unknown,6,1.17
CL_0000034,stem cell,CSF3,cytokine,Negative,6,15.15
CL_0000138,chondrocyte,TNF,cytokine,Positive,6,0.5
CL_0000062,osteoblast,CCL2,cell,Positive,6,3.8
CL_0000893,thymocyte,TNF,cytokine,Positive,6,0.68
CL_0000540,neuron,TNF,cytokine,Negative,6,2.58
CL_0000062,osteoblast,CXCL12,cell,Positive,6,7.2
CL_0000499,stromal cell,TNF,cytokine,Positive,6,0.84
CL_0000542,lymphocyte,IFNA,cytokine,Negative,6,5.54
CL_0000546,T-helper 2 cell,IL12,cytokine,Negative,6,14.59
CL_0000910,cytotoxic T cell,IL2,cytokine,Negative,6,11.31
CL_0000746,cardiac muscle cell,TNF,cytokine,Negative,6,10.07
CL_0000542,lymphocyte,CD40LG,cell,Positive,6,1.31
CL_0000312,keratinocyte,IL6,cytokine,Unknown,6,2.03
CL_0000624,"CD4-positive, alpha-beta T cell",IL22,cell,Positive,6,6.84
CL_0000127,astrocyte,TGFB,cytokine,Unknown,6,4.53
CL_0000909,"CD8-positive, alpha-beta memory T cell",IFNG,cell,Positive,6,8.4
CL_0000125,glial cell,TNF,cytokine,Positive,5,2.02
CL_0002544,aortic endothelial cell,FGF2,cytokine,Positive,5,25.65
CL_0000784,plasmacytoid dendritic cell,IFN1,cytokine,Unknown,5,75.52
CL_0000839,myeloid lineage restricted progenitor cell,CSF3,cytokine,Unknown,5,185.31
CL_0002139,endothelial cell of vascular tree,FGF2,cytokine,Positive,5,12.09
CL_0000625,"CD8-positive, alpha-beta T cell",IFNA,cytokine,Positive,5,0.73
CL_0000771,eosinophil,TGFB,cytokine,Positive,5,0.35
CL_0000056,myoblast,TGFB,cytokine,Positive,5,3.15
CL_0000576,monocyte,CXCL8,cytokine,Unknown,5,0.69
CL_0000792,"CD4-positive, CD25-positive, alpha-beta regulatory T cell",IFNG,cytokine,Positive,5,0.16
CL_0000129,microglial cell,IL4,cytokine,Positive,5,1.13
CL_0000775,neutrophil,IFNA,cell,Positive,5,0.59
CL_0000499,stromal cell,IL1,cell,Positive,5,2.57
CL_0000576,monocyte,IL15,cell,Positive,5,0.84
CL_0000771,eosinophil,CCL3,cytokine,Unknown,5,16.05
CL_0000092,osteoclast,IFNG,cytokine,Negative,5,2
CL_0000792,"CD4-positive, CD25-positive, alpha-beta regulatory T cell",IL10,cytokine,Positive,5,0.43
CL_0000019,sperm,IL6,cytokine,Unknown,5,35.7
CL_0000775,neutrophil,IL1RN,cytokine,Unknown,5,6.01
CL_0000911,effector T cell,IL10,cytokine,Unknown,5,12.52
CL_0000235,macrophage,TGFB1,cytokine,Negative,5,0.91
CL_0000814,mature NK T cell,IL4,cell,Positive,5,9.51
CL_0000625,"CD8-positive, alpha-beta T cell",IL27,cytokine,Positive,5,3.44
CL_0000038,erythroid progenitor cell,IL3,cytokine,Positive,5,16.42
CL_0000540,neuron,CSF3,cytokine,Positive,5,0.96
CL_0000236,B cell,IL17A,cell,Positive,5,2.04
CL_0000066,epithelial cell,TGFA,cell,Positive,5,14.98
CL_0000451,dendritic cell,IFN1,cell,Positive,5,15.01
CL_0000128,oligodendrocyte,FGF2,cytokine,Positive,5,12.16
CL_0000066,epithelial cell,IL1A,cell,Positive,5,6.9
CL_0000653,glomerular visceral epithelial cell,TGFB,cell,Positive,5,5.19
CL_0000738,leukocyte,IL18,cytokine,Unknown,5,6.04
CL_0000782,myeloid dendritic cell,IL10,cell,Positive,5,15.84
CL_0000182,hepatocyte,IFNG,cytokine,Unknown,5,0.72
CL_0000451,dendritic cell,IL10,cytokine,Unknown,5,2.93
CL_0000624,"CD4-positive, alpha-beta T cell",IL15,cytokine,Unknown,5,3.32
CL_0000312,keratinocyte,IL7,cell,Positive,5,3.8
CL_0000128,oligodendrocyte,IFNG,cytokine,Unknown,5,5.03
CL_0000623,natural killer cell,TGFB1,cytokine,Positive,5,0.31
CL_0000096,mature neutrophil,TNF,cytokine,Positive,5,2.54
CL_0000056,myoblast,TGFB,cytokine,Negative,5,25.13
CL_0000057,fibroblast,TGF,cytokine,Positive,5,8.98
CL_0000792,"CD4-positive, CD25-positive, alpha-beta regulatory T cell",IFNG,cytokine,Unknown,5,0.57
CL_0000815,regulatory T cell,IL10,cytokine,Positive,5,2.63
CL_0000125,glial cell,FGF2,cytokine,Unknown,5,29.93
CL_0000545,T-helper 1 cell,IL2,cytokine,Positive,5,0.27
CL_0000738,leukocyte,CXCL12,cytokine,Positive,5,1.29
CL_0000235,macrophage,SPP1,cytokine,Positive,5,1.06
CL_0000127,astrocyte,IL1B,cytokine,Unknown,5,5.64
CL_0000771,eosinophil,TNF,cytokine,Negative,5,1.16
CL_0000134,mesenchymal cell,TGFB,cytokine,Unknown,5,4.91
CL_0000037,hematopoietic stem cell,TGFB,cytokine,Positive,5,1.49
CL_0000084,T cell,CSF3,cytokine,Unknown,5,0.3
CL_0000584,enterocyte,TNF,cell,Positive,5,5.06
CL_0000546,T-helper 2 cell,IL25,cytokine,Positive,5,30.31
CL_0000113,mononuclear phagocyte,IFNG,cytokine,Unknown,5,5.74
CL_0000037,hematopoietic stem cell,IFNG,cytokine,Positive,5,0.51
CL_0000793,"CD4-positive, alpha-beta intraepithelial T cell",IFNG,cell,Positive,5,6.57
CL_0000084,T cell,IL5,cytokine,Positive,5,0.16
CL_0002368,respiratory epithelial cell,IL13,cytokine,Positive,5,32.97
CL_0000624,"CD4-positive, alpha-beta T cell",IL18,cytokine,Positive,5,1.56
CL_0000545,T-helper 1 cell,IL12B,cytokine,Positive,5,22.07
CL_0000057,fibroblast,IL1,cytokine,Unknown,5,1.34
CL_0000129,microglial cell,CCL2,cell,Positive,5,2.28
CL_0000115,endothelial cell,IL17,cytokine,Positive,5,0.89
CL_0000792,"CD4-positive, CD25-positive, alpha-beta regulatory T cell",IL7,cytokine,Unknown,5,5.62
CL_0000233,platelet,IFNA,cytokine,Unknown,5,2.82
CL_0000084,T cell,CXCL12,cytokine,Negative,5,1.77
CL_0002334,preadipocyte,TNF,cytokine,Positive,5,4.05
CL_0000583,alveolar macrophage,TNF,cytokine,Positive,5,1.1
CL_0000746,cardiac muscle cell,IFNG,cytokine,Positive,5,0.74
CL_0000623,natural killer cell,TGFB,cytokine,Negative,5,1.82
CL_0000115,endothelial cell,HGF,cytokine,Unknown,5,11.74
CL_0000235,macrophage,CCL22,cell,Positive,5,7.77
CL_0000057,fibroblast,IL17,cytokine,Positive,5,0.81
CL_0000084,T cell,CD40LG,cytokine,Negative,5,1.22
CL_0000902,induced T-regulatory cell,TGFB,cell,Positive,5,10.81
CL_0000236,B cell,IL1,cytokine,Positive,5,0.29
CL_0000451,dendritic cell,TGFB,cytokine,Unknown,5,3.22
CL_0000632,hepatic stellate cell,TGFB,cytokine,Unknown,5,36.48
CL_0000581,peritoneal macrophage,CSF1,cytokine,Positive,5,5.42
CL_0000542,lymphocyte,CSF3,cytokine,Positive,5,0.5
CL_0000312,keratinocyte,CXCL8,cytokine,Unknown,5,2.88
CL_0000077,mesothelial cell,TGFB1,cytokine,Positive,5,16.64
CL_0000545,T-helper 1 cell,IL2,cytokine,Unknown,5,0.95
CL_0000066,epithelial cell,IFNG,cytokine,Unknown,5,0.71
CL_0000765,erythroblast,EPO,cytokine,Positive,5,68
CL_0000775,neutrophil,IL4,cytokine,Unknown,5,0.52
CL_0000775,neutrophil,IFNA,cytokine,Positive,5,0.33
CL_0000062,osteoblast,TNF,cytokine,Unknown,5,1.55
CL_0000499,stromal cell,IL1,cytokine,Positive,5,1.74
CL_0000624,"CD4-positive, alpha-beta T cell",IFNA,cytokine,Unknown,5,1.83
CL_0000893,thymocyte,IL6,cell,Positive,5,1.84
CL_0000115,endothelial cell,CCL2,cytokine,Positive,5,0.66
CL_0000775,neutrophil,CXCL12,cytokine,Unknown,5,2.15
CL_0000359,vascular associated smooth muscle cell,TNF,cytokine,Positive,5,3.04
CL_0000037,hematopoietic stem cell,TGFB1,cytokine,Positive,5,2.01
CL_0000576,monocyte,IFNA,cytokine,Negative,5,2.49
CL_0000187,muscle cell,TGFB,cell,Positive,5,6.67
CL_0000134,mesenchymal cell,FGF2,cytokine,Unknown,5,10.23
CL_0000499,stromal cell,TGFB1,cytokine,Unknown,5,6.01
CL_0000235,macrophage,IL2,cytokine,Unknown,5,0.15
CL_0000624,"CD4-positive, alpha-beta T cell",CD40LG,cytokine,Positive,5,0.67
CL_0000763,myeloid cell,TNF,cell,Positive,5,1.53
CL_0000236,B cell,IL15,cytokine,Positive,5,0.78
CL_0000066,epithelial cell,CXCL10,cell,Positive,5,9.48
CL_0000115,endothelial cell,IL1A,cytokine,Positive,5,2.48
CL_0000871,splenic macrophage,IL6,cell,Positive,5,22.58
CL_0000084,T cell,CCL5,cytokine,Unknown,5,4.33
CL_0002619,adult endothelial progenitor cell,CXCL8,cell,Positive,5,10.83
CL_0000235,macrophage,IL23,cell,Positive,5,2.38
CL_0000738,leukocyte,CD40LG,cytokine,Positive,5,0.89
CL_0000625,"CD8-positive, alpha-beta T cell",IL4,cytokine,Negative,5,2.17
CL_0000057,fibroblast,CD40LG,cell,Positive,5,1.51
CL_0000115,endothelial cell,CSF3,cytokine,Positive,5,0.65
CL_0000738,leukocyte,IFNA2,cell,Positive,5,113.27
CL_0000129,microglial cell,IL1B,cytokine,Positive,5,1.5
CL_0000062,osteoblast,SPP1,cytokine,Unknown,5,39.47
CL_0000623,natural killer cell,IFNB1,cytokine,Positive,5,1.86
CL_0000738,leukocyte,IL18,cell,Positive,5,2.55
CL_0000066,epithelial cell,TGFB1,cytokine,Negative,5,6.29
CL_0000623,natural killer cell,IL21,cell,Positive,5,2.05
CL_0000556,megakaryocyte,EPO,cytokine,Positive,5,9.23
CL_0000625,"CD8-positive, alpha-beta T cell",IL7,cytokine,Unknown,5,2.99
CL_0000084,T cell,IL31,cell,Positive,5,8.35
CL_0002092,bone marrow cell,EPO,cell,Positive,5,17.65
CL_0000624,"CD4-positive, alpha-beta T cell",IL15,cytokine,Positive,5,1.14
CL_0000540,neuron,LIF,cytokine,Positive,5,21.69
CL_0000576,monocyte,IL2,cytokine,Positive,5,0.06
CL_0000092,osteoclast,IL1B,cytokine,Positive,5,1.78
CL_0000057,fibroblast,HGF,cytokine,Positive,5,2.53
CL_0000624,"CD4-positive, alpha-beta T cell",IL23,cytokine,Positive,5,4.09
CL_0000115,endothelial cell,TGFB1,cytokine,Unknown,5,1.46
CL_0000127,astrocyte,TGFB1,cell,Positive,5,1.84
CL_0000115,endothelial cell,IFNG,cytokine,Negative,5,0.85
CL_0000583,alveolar macrophage,CSF2,cytokine,Negative,5,28.19
CL_0000092,osteoclast,FGF2,cytokine,Positive,5,1.82
CL_0000084,T cell,IL33,cytokine,Positive,5,0.37
CL_0000540,neuron,EPO,cytokine,Positive,5,2.6
CL_0000542,lymphocyte,IL10,cytokine,Negative,5,1.72
CL_0000084,T cell,IL1B,cytokine,Unknown,5,0.3
CL_0000775,neutrophil,IL1A,cytokine,Positive,5,1.31
CL_0000236,B cell,CXCL8,cell,Positive,5,0.48
CL_0000771,eosinophil,TNF,cytokine,Unknown,5,0.51
CL_0000056,myoblast,TNF,cytokine,Negative,5,12.39
CL_0000057,fibroblast,IFNG,cytokine,Unknown,5,0.28
CL_0000062,osteoblast,TNFSF11,cell,Positive,5,102.25
CL_0000784,plasmacytoid dendritic cell,IL10,cell,Positive,5,2.62
CL_0000899,T-helper 17 cell,IL21,cytokine,Unknown,5,25.05
CL_0000540,neuron,IL1B,cytokine,Unknown,5,3.33
CL_0000084,T cell,IL6,cytokine,Negative,5,0.35
CL_0000546,T-helper 2 cell,IFNG,cytokine,Positive,5,0.33
CL_0000623,natural killer cell,CXCL10,cytokine,Positive,5,2.51
CL_0000792,"CD4-positive, CD25-positive, alpha-beta regulatory T cell",IL15,cytokine,Positive,5,2.48
CL_0000214,synovial cell,TGFB,cytokine,Positive,5,3.05
CL_0000066,epithelial cell,CSF2,cell,Positive,5,1.63
CL_0000899,T-helper 17 cell,IL23,cytokine,Unknown,5,94.08
CL_0000034,stem cell,IL3,cytokine,Unknown,5,19.66
CL_0000899,T-helper 17 cell,IFNG,cell,Positive,5,0.6
CL_0000624,"CD4-positive, alpha-beta T cell",CSF2,cell,Positive,5,0.5
CL_0000738,leukocyte,IL17,cell,Positive,5,1.21
CL_0000499,stromal cell,IL1B,cytokine,Positive,5,1.84
CL_0000624,"CD4-positive, alpha-beta T cell",IL7,cytokine,Negative,5,5.88
CL_0000899,T-helper 17 cell,IL6,cytokine,Unknown,5,3.72
CL_0000037,hematopoietic stem cell,IL3,cytokine,Positive,5,9.29
CL_0000738,leukocyte,IFNA,cytokine,Positive,5,0.69
CL_0000576,monocyte,CSF3,cytokine,Unknown,5,0.79
CL_0002368,respiratory epithelial cell,TNF,cytokine,Positive,5,2.3
CL_0000451,dendritic cell,IL4,cytokine,Positive,5,1
CL_0000312,keratinocyte,IL17,cytokine,Positive,5,1.55
CL_0000775,neutrophil,IL15,cytokine,Positive,5,0.6
CL_0000899,T-helper 17 cell,TGFB,cytokine,Unknown,5,4.12
CL_0000235,macrophage,IL18,cytokine,Unknown,5,1.8
CL_0000576,monocyte,IL2,cytokine,Unknown,5,0.22
CL_0000545,T-helper 1 cell,TGFB,cell,Positive,5,0.81
CL_0000542,lymphocyte,TGFB,cytokine,Positive,5,0.24
CL_0000902,induced T-regulatory cell,TGFB,cytokine,Positive,5,7.32
CL_0000499,stromal cell,FGF2,cytokine,Positive,5,2.2
CL_0000540,neuron,IL1,cell,Positive,5,1.33
CL_0000084,T cell,TNFSF4,cytokine,Unknown,5,10.27
CL_0000057,fibroblast,TGF,cytokine,Unknown,5,31.43
CL_0000182,hepatocyte,CCL4,cytokine,Negative,5,105.84
CL_0000771,eosinophil,CCL26,cytokine,Unknown,5,32.74
CL_0002038,T follicular helper cell,IL21,cell,Positive,5,202.47
CL_0000775,neutrophil,CXCL1,cytokine,Negative,5,28.76
CL_0000057,fibroblast,CXCL12,cell,Positive,5,1.55
CL_0000127,astrocyte,IL1B,cytokine,Negative,5,12.84
CL_0000312,keratinocyte,FGF2,cytokine,Positive,5,2.01
CL_0000115,endothelial cell,CXCL8,cytokine,Negative,5,3.79
CL_0000542,lymphocyte,IL10,cytokine,Positive,5,0.22
CL_0000893,thymocyte,IL6,cytokine,Positive,5,1.25
CL_0000763,myeloid cell,CSF3,cytokine,Unknown,5,12.93
CL_0000134,mesenchymal cell,TGFB1,cytokine,Unknown,5,6.64
CL_0000576,monocyte,IFNA,cytokine,Unknown,5,1.09
CL_0000091,Kupffer cell,CSF1,cytokine,Unknown,5,44.06
CL_0000576,monocyte,IL18,cytokine,Positive,5,0.78
CL_0000545,T-helper 1 cell,IL4,cytokine,Negative,5,4.76
CL_0000060,odontoblast,TGFB1,cytokine,Positive,5,25.85
CL_0000540,neuron,CSF3,cytokine,Negative,5,7.66
CL_0000546,T-helper 2 cell,IL10,cytokine,Negative,5,5.86
CL_0000062,osteoblast,IL6,cytokine,Unknown,5,2.85
CL_0000127,astrocyte,IL6,cytokine,Positive,5,0.84
CL_0000312,keratinocyte,IL1,cytokine,Positive,5,0.88
CL_0000192,smooth muscle cell,SPP1,cell,Positive,5,46.82
CL_0000187,muscle cell,TNF,cell,Positive,5,3.29
CL_0002092,bone marrow cell,CSF2,cytokine,Unknown,5,13.86
CL_0000540,neuron,CX3CL1,cytokine,Unknown,5,28.61
CL_0000746,cardiac muscle cell,GDF15,cytokine,Positive,5,47.9
CL_0002619,adult endothelial progenitor cell,EPO,cytokine,Positive,5,19
CL_0000084,T cell,IL9,cytokine,Unknown,5,5.23
CL_0000899,T-helper 17 cell,IL10,cell,Positive,5,1.58
CL_0000650,mesangial cell,TGFB,cytokine,Positive,5,3.12
CL_0000625,"CD8-positive, alpha-beta T cell",IL4,cytokine,Unknown,5,1.14
CL_0000129,microglial cell,CSF1,cytokine,Negative,5,22.7
CL_0000235,macrophage,IL17A,cytokine,Positive,5,0.66
CL_0000792,"CD4-positive, CD25-positive, alpha-beta regulatory T cell",CSF3,cytokine,Positive,5,0.82
CL_0000623,natural killer cell,TGFB1,cytokine,Negative,5,2.46
CL_0000066,epithelial cell,IL1B,cytokine,Positive,5,1.02
CL_0000235,macrophage,CCL3,cell,Positive,5,1.94
CL_0000066,epithelial cell,TGFB1,cytokine,Unknown,5,2.76
CL_0000091,Kupffer cell,IL1B,cell,Positive,5,9.81
CL_0000057,fibroblast,IL1B,cytokine,Unknown,4,1.14
CL_0000091,Kupffer cell,TNF,cytokine,Positive,4,1.51
CL_0000062,osteoblast,IL1,cytokine,Positive,4,1.18
CL_0000034,stem cell,TGFB1,cytokine,Positive,4,0.97
CL_0000576,monocyte,IL23,cell,Positive,4,3.6
CL_0000084,T cell,IL1A,cytokine,Negative,4,2.5
CL_0000182,hepatocyte,CCL2,cell,Positive,4,1.9
CL_0000738,leukocyte,CXCL10,cytokine,Positive,4,2.51
CL_0000542,lymphocyte,IL21,cytokine,Positive,4,1.15
CL_0000082,epithelial cell of lung,CCL6,cell,Positive,4,388.16
CL_0000835,myeloblast,CSF3,cytokine,Positive,4,76.25
CL_0000062,osteoblast,IL17,cytokine,Positive,4,2.08
CL_0000312,keratinocyte,EGF,cytokine,Unknown,4,37.28
CL_0000214,synovial cell,IL17,cytokine,Positive,4,7.03
CL_0000084,T cell,IL1B,cytokine,Positive,4,0.07
CL_0000034,stem cell,IL11,cytokine,Positive,4,32.33
CL_0000125,glial cell,FGF2,cytokine,Positive,4,6.84
CL_0000134,mesenchymal cell,CXCL12,cytokine,Unknown,4,17.75
CL_0000775,neutrophil,IL1B,cytokine,Negative,4,1.51
CL_0001042,T-helper 22 cell,IL22,cytokine,Positive,4,171.75
CL_0000451,dendritic cell,IL18,cell,Positive,4,6.56
CL_0000084,T cell,IL13,cytokine,Unknown,4,0.97
CL_0000540,neuron,TGFB1,cytokine,Unknown,4,2.07
CL_0000312,keratinocyte,IFNG,cytokine,Negative,4,1.18
CL_0000138,chondrocyte,TNF,cytokine,Unknown,4,2.04
CL_0000746,cardiac muscle cell,IL6,cytokine,Unknown,4,5.4
CL_0000192,smooth muscle cell,IL6,cell,Positive,4,3.38
CL_0000097,mast cell,IL13,cell,Positive,4,5.86
CL_0000792,"CD4-positive, CD25-positive, alpha-beta regulatory T cell",IL6,cytokine,Negative,4,2.7
CL_0000092,osteoclast,IL1,cell,Positive,4,1.41
CL_0000499,stromal cell,TGFB,cytokine,Positive,4,0.85
CL_0000097,mast cell,TGFB1,cytokine,Negative,4,6.07
CL_0000129,microglial cell,TGFB,cell,Positive,4,1.02
CL_0000624,"CD4-positive, alpha-beta T cell",IL6,cytokine,Negative,4,1.24
CL_0000815,regulatory T cell,IL35,cell,Positive,4,196.44
CL_0000899,T-helper 17 cell,IL23,cytokine,Positive,4,17.92
CL_0000911,effector T cell,IL17,cell,Positive,4,13.38
CL_0000182,hepatocyte,IL1B,cytokine,Negative,4,6.66
CL_0000623,natural killer cell,IFN1,cytokine,Unknown,4,8.84
CL_0000653,glomerular visceral epithelial cell,IL6,cell,Positive,4,4.69
CL_0000625,"CD8-positive, alpha-beta T cell",IL13,cell,Positive,4,2.08
CL_0000235,macrophage,IFNA,cytokine,Unknown,4,0.58
CL_0000136,fat cell,IL1B,cytokine,Positive,4,1.79
CL_0000738,leukocyte,IL17,cytokine,Positive,4,0.66
CL_0000232,erythrocyte,IFNG,cytokine,Positive,4,0.93
CL_0000057,fibroblast,IL13,cytokine,Positive,4,1.65
CL_0000092,osteoclast,CCL9,cytokine,Positive,4,49.57
CL_0000182,hepatocyte,EGF,cytokine,Positive,4,11.93
CL_0002092,bone marrow cell,CSF1,cytokine,Positive,4,6.62
CL_0000113,mononuclear phagocyte,TNF,cytokine,Positive,4,1.88
CL_0000824,mature natural killer cell,IFNG,cytokine,Positive,4,0.57
CL_0000738,leukocyte,CCL11,cytokine,Unknown,4,6.86
CL_0000233,platelet,IL11,cytokine,Unknown,4,23.74
CL_0000115,endothelial cell,RETN,cytokine,Positive,4,3.51
CL_0000084,T cell,IL17A,cytokine,Unknown,4,1.33
CL_0000890,alternatively activated macrophage,TNF,cell,Positive,4,3.58
CL_0000235,macrophage,MIF,cytokine,Positive,4,3.42
CL_0000546,T-helper 2 cell,IL6,cell,Positive,4,0.86
CL_0000092,osteoclast,CSF2,cytokine,Unknown,4,3.22
CL_0000625,"CD8-positive, alpha-beta T cell",IL5,cell,Positive,4,0.99
CL_0000233,platelet,CSF1,cytokine,Unknown,4,4.58
CL_0000084,T cell,IL27,cytokine,Negative,4,4.32
CL_0000094,granulocyte,CSF1,cell,Positive,4,5.73
CL_0000542,lymphocyte,CSF2,cytokine,Positive,4,0.3
CL_0000899,T-helper 17 cell,TGFB,cytokine,Positive,4,0.94
CL_0000037,hematopoietic stem cell,KITLG,cytokine,Unknown,4,83.17
CL_0000145,professional antigen presenting cell,IL6,cell,Positive,4,4.98
CL_0000798,gamma-delta T cell,IL17,cell,Positive,4,19.23
CL_0000813,memory T cell,IL4,cell,Positive,4,8.14
CL_0000792,"CD4-positive, CD25-positive, alpha-beta regulatory T cell",IFNA,cytokine,Negative,4,7.28
CL_0000557,granulocyte monocyte progenitor cell,CSF2,cytokine,Unknown,4,14.25
CL_0000066,epithelial cell,IL22,cytokine,Positive,4,6.29
CL_0000632,hepatic stellate cell,TGFB1,cytokine,Positive,4,19.72
CL_0000218,myelinating Schwann cell,TNF,cytokine,Positive,4,5.17
CL_0000624,"CD4-positive, alpha-beta T cell",CCL2,cytokine,Unknown,4,1.08
CL_0000540,neuron,EPO,cytokine,Negative,4,16.62
CL_0000775,neutrophil,IL33,cytokine,Positive,4,0.83
CL_0000214,synovial cell,IL1,cytokine,Positive,4,4
CL_0000557,granulocyte monocyte progenitor cell,IFNA,cytokine,Negative,4,50.17
CL_0000236,B cell,IL12,cytokine,Negative,4,2.14
CL_0000235,macrophage,IL33,cell,Positive,4,0.76
CL_0000576,monocyte,TNFSF9,cytokine,Positive,4,1.32
CL_0000583,alveolar macrophage,IFNG,cytokine,Positive,4,0.77
CL_0000738,leukocyte,SPP1,cytokine,Positive,4,3.57
CL_0000056,myoblast,TGFB1,cytokine,Positive,4,4.26
CL_0000092,osteoclast,IL3,cytokine,Positive,4,3.64
CL_0000542,lymphocyte,IL12,cytokine,Unknown,4,1.26
CL_0000499,stromal cell,IL11,cell,Positive,4,48.09
CL_0000023,oocyte,TGFB,cytokine,Unknown,4,14.59
CL_0000169,type B pancreatic cell,TNF,cytokine,Positive,4,1.7
CL_0000134,mesenchymal cell,CXCL8,cell,Positive,4,3.18
CL_0002563,intestinal epithelial cell,IL15,cell,Positive,4,23.16
CL_0000792,"CD4-positive, CD25-positive, alpha-beta regulatory T cell",IL4,cytokine,Unknown,4,1.43
CL_0000084,T cell,CCL3,cytokine,Unknown,4,2.13
CL_0000624,"CD4-positive, alpha-beta T cell",TNFSF9,cytokine,Positive,4,1.77
CL_0002619,adult endothelial progenitor cell,CSF3,cytokine,Positive,4,5.61
CL_0000623,natural killer cell,IL6,cytokine,Positive,4,0.21
CL_0000236,B cell,IFN1,cell,Positive,4,2.32
CL_0000650,mesangial cell,IL1B,cytokine,Positive,4,4.34
CL_0000084,T cell,CXCL10,cytokine,Negative,4,5.16
CL_0000236,B cell,TGFB1,cytokine,Negative,4,1.53
CL_0000129,microglial cell,TGFB,cytokine,Negative,4,6.88
CL_0000084,T cell,IL21,cytokine,Negative,4,1.9
CL_0000182,hepatocyte,CXCL10,cell,Positive,4,9.73
CL_0000775,neutrophil,CCL2,cytokine,Negative,4,1.94
CL_0000738,leukocyte,IL3,cytokine,Positive,4,1.42
CL_0000771,eosinophil,IL33,cytokine,Unknown,4,6.3
CL_0000767,basophil,CCL11,cytokine,Positive,4,12.51
CL_0000312,keratinocyte,TNF,cytokine,Negative,4,1.68
CL_0000624,"CD4-positive, alpha-beta T cell",CSF2,cytokine,Unknown,4,1.19
CL_0000771,eosinophil,IL13,cytokine,Positive,4,2.08
CL_0000863,inflammatory macrophage,TNF,cell,Positive,4,4.64
CL_0000214,synovial cell,TNF,cytokine,Unknown,4,4.2
CL_0000057,fibroblast,IL11,cell,Positive,4,8.84
CL_0000187,muscle cell,TNF,cytokine,Positive,4,1.78
CL_0000499,stromal cell,IL1B,cytokine,Unknown,4,5.16
CL_0000235,macrophage,IL13,cytokine,Unknown,4,1.67
CL_0000057,fibroblast,CCL2,cytokine,Negative,4,3.33
CL_0000898,naive T cell,IL7,cytokine,Unknown,4,40.68
CL_0000037,hematopoietic stem cell,IL3,cytokine,Unknown,4,26.01
CL_0000911,effector T cell,IL2,cytokine,Unknown,4,5.47
CL_0000057,fibroblast,PDGF,cytokine,Unknown,4,12.42
CL_0000556,megakaryocyte,TGFB,cytokine,Unknown,4,5.42
CL_0000542,lymphocyte,IFNA,cytokine,Unknown,4,1.62
CL_0000499,stromal cell,CXCL8,cytokine,Positive,4,1.62
CL_0000235,macrophage,IFNB1,cytokine,Negative,4,3.67
CL_0000738,leukocyte,IL17A,cell,Positive,4,2.61
CL_0000192,smooth muscle cell,TGFB1,cytokine,Unknown,4,9.58
CL_0000066,epithelial cell,CXCL8,cytokine,Positive,4,0.72
CL_0000624,"CD4-positive, alpha-beta T cell",TGFB,cytokine,Negative,4,1.72
CL_0000236,B cell,CSF3,cell,Positive,4,0.46
CL_0000182,hepatocyte,IFNA,cytokine,Positive,4,1.17
CL_0000738,leukocyte,IFNB1,cell,Positive,4,2.28
CL_0000545,T-helper 1 cell,IFNA,cytokine,Positive,4,1.07
CL_0000653,glomerular visceral epithelial cell,TGFB1,cytokine,Unknown,4,13.31
CL_0000049,common myeloid progenitor,CSF3,cytokine,Positive,4,29.33
CL_0000235,macrophage,CCL3,cytokine,Positive,4,1.05
CL_0000775,neutrophil,TGFB1,cytokine,Unknown,4,0.64
CL_0000624,"CD4-positive, alpha-beta T cell",IL16,cytokine,Unknown,4,20.71
CL_0000138,chondrocyte,TGFB1,cytokine,Negative,4,7.28
CL_0000084,T cell,IL1A,cytokine,Unknown,4,1.1
CL_0000576,monocyte,IL12,cytokine,Positive,4,0.19
CL_0000233,platelet,CXCL12,cytokine,Positive,4,1.19
CL_0000034,stem cell,TNF,cytokine,Positive,4,0.36
CL_0000134,mesenchymal cell,TGF,cytokine,Positive,4,43.22
CL_0000540,neuron,TGFB,cytokine,Negative,4,3.49
CL_0000235,macrophage,EPO,cell,Positive,4,0.48
CL_0000056,myoblast,TGFB1,cytokine,Negative,4,27.16
CL_0000540,neuron,FGF1,cytokine,Unknown,4,42.62
CL_0000236,B cell,LTA,cell,Positive,4,7.18
CL_0000235,macrophage,CD40LG,cytokine,Positive,4,0.21
CL_0000583,alveolar macrophage,IFNG,cytokine,Unknown,4,2.16
CL_0000084,T cell,CCL27,cytokine,Unknown,4,13.87
CL_0000094,granulocyte,CXCL8,cell,Positive,4,2.67
CL_0000623,natural killer cell,IL6,cytokine,Unknown,4,0.58
CL_0002092,bone marrow cell,IL2,cytokine,Positive,4,1
CL_0000235,macrophage,IL1RN,cytokine,Negative,4,6.83
CL_0000910,cytotoxic T cell,IL10,cytokine,Positive,4,1.73
CL_0000034,stem cell,CSF2,cytokine,Positive,4,1.14
CL_0000771,eosinophil,IL10,cytokine,Negative,4,1.72
CL_0000763,myeloid cell,IL6,cytokine,Positive,4,1.52
CL_0000060,odontoblast,TGFB1,cytokine,Unknown,4,60.31
CL_0000775,neutrophil,IL1RN,cell,Positive,4,2.54
CL_0000911,effector T cell,IL10,cell,Positive,4,4.22
CL_0000115,endothelial cell,FGF1,cytokine,Positive,4,6.9
CL_0000129,microglial cell,TGFB,cytokine,Positive,4,0.69
CL_0000624,"CD4-positive, alpha-beta T cell",IL6,cytokine,Unknown,4,0.54
CL_0000542,lymphocyte,CCL20,cytokine,Unknown,4,17.6
CL_0000062,osteoblast,CSF1,cell,Positive,4,3.51
CL_0000359,vascular associated smooth muscle cell,FGF2,cytokine,Positive,4,10.26
CL_0000738,leukocyte,IL4,cytokine,Positive,4,0.25
CL_0000581,peritoneal macrophage,IL6,cytokine,Positive,4,1.19
CL_0000057,fibroblast,FGF1,cytokine,Unknown,4,18.21
CL_0000115,endothelial cell,PF4,cytokine,Positive,4,2.14
CL_0000134,mesenchymal cell,TNF,cytokine,Positive,4,0.55
CL_0000084,T cell,CXCL13,cytokine,Unknown,4,2.88
CL_0000129,microglial cell,TNF,cytokine,Unknown,4,1.19
CL_0000066,epithelial cell,TGFA,cytokine,Positive,4,10.15
CL_0000182,hepatocyte,TGFB1,cytokine,Unknown,4,2.27
CL_0000236,B cell,CSF2,cytokine,Positive,4,0.22
CL_0000182,hepatocyte,IFNA,cytokine,Negative,4,9.32
CL_0000451,dendritic cell,IFNG,cytokine,Unknown,4,0.89
CL_0000084,T cell,IL1,cytokine,Negative,4,0.51
CL_0000084,T cell,CCL6,cell,Positive,4,2.53
CL_0000084,T cell,LTA,cytokine,Positive,4,1.34
CL_0000576,monocyte,TGFB1,cytokine,Negative,4,1.11
CL_0000624,"CD4-positive, alpha-beta T cell",CXCL12,cytokine,Unknown,4,2.72
CL_0000138,chondrocyte,FGF2,cytokine,Unknown,4,4.92
CL_0000622,acinar cell,TGFB,cell,Positive,4,21.33
CL_0000129,microglial cell,CX3CL1,cytokine,Positive,4,10.33
CL_0000057,fibroblast,CSF1,cytokine,Positive,4,0.62
CL_0000034,stem cell,TGFB1,cytokine,Unknown,4,3.41
CL_0000545,T-helper 1 cell,IFNG,cytokine,Negative,4,1.2
CL_0000214,synovial cell,FGF2,cytokine,Positive,4,5.07
CL_0000546,T-helper 2 cell,IL18,cytokine,Positive,4,3.91
CL_0000653,glomerular visceral epithelial cell,TNF,cytokine,Positive,4,1.74
CL_0000169,type B pancreatic cell,IL1B,cytokine,Negative,4,47.79
CL_0000540,neuron,CCL2,cytokine,Unknown,4,3.42
CL_0000082,epithelial cell of lung,CCL2,cell,Positive,4,12.71
CL_0000556,megakaryocyte,IFNG,cytokine,Positive,4,0.53
CL_0000094,granulocyte,CSF3,cytokine,Negative,4,16.52
CL_0000771,eosinophil,IFNG,cytokine,Negative,4,0.81
CL_0000765,erythroblast,EPO,cytokine,Unknown,4,190.37
CL_0002328,bronchial epithelial cell,CXCL8,cytokine,Positive,4,5.55
CL_0000499,stromal cell,IL1,cytokine,Unknown,4,6.09
CL_0000127,astrocyte,TNF,cytokine,Unknown,4,1.28
CL_0000084,T cell,EPO,cytokine,Unknown,4,0.65
CL_0000771,eosinophil,CCL24,cytokine,Unknown,4,104.35
CL_0000115,endothelial cell,CCL2,cytokine,Unknown,4,1.55
CL_0000312,keratinocyte,TGFA,cytokine,Positive,4,7.45
CL_0000359,vascular associated smooth muscle cell,TGFB1,cytokine,Positive,4,6.66
CL_0000037,hematopoietic stem cell,TGFB1,cytokine,Negative,4,12.84
CL_0000540,neuron,TGFB1,cytokine,Negative,4,4.71
CL_0000576,monocyte,IL6,cytokine,Negative,4,0.74
CL_0000771,eosinophil,IL1,cell,Positive,4,0.72
CL_0000746,cardiac muscle cell,IL6,cytokine,Negative,4,12.3
CL_0000763,myeloid cell,IL6,cytokine,Unknown,4,5.31
CL_0000092,osteoclast,IL33,cytokine,Negative,4,44.28
CL_0000084,T cell,IFN1,cytokine,Unknown,4,1.52
CL_0000038,erythroid progenitor cell,IFNG,cytokine,Negative,4,7.24
CL_0000545,T-helper 1 cell,IL27,cytokine,Unknown,4,21.13
CL_0000084,T cell,CCL3,cell,Positive,4,0.9
CL_0000775,neutrophil,CXCL2,cytokine,Negative,4,21.93
CL_0000738,leukocyte,TGFB1,cytokine,Unknown,4,1.08
CL_0000624,"CD4-positive, alpha-beta T cell",CD40LG,cytokine,Unknown,4,1.88
CL_0000097,mast cell,TGFB,cell,Positive,4,0.83
CL_0000540,neuron,GDF15,cytokine,Positive,4,9.81
CL_0000771,eosinophil,IL12,cytokine,Unknown,4,1.95
CL_0000129,microglial cell,TGFB,cytokine,Unknown,4,2.42
CL_0000784,plasmacytoid dendritic cell,TNF,cell,Positive,4,1.13
CL_0001035,bone cell,TGFB,cytokine,Unknown,4,63.23
CL_0000134,mesenchymal cell,IFNG,cytokine,Positive,4,0.39
CL_0000792,"CD4-positive, CD25-positive, alpha-beta regulatory T cell",IL7,cytokine,Positive,4,1.28
CL_0000738,leukocyte,IFN1,cell,Positive,4,3.72
CL_0000792,"CD4-positive, CD25-positive, alpha-beta regulatory T cell",CCL22,cytokine,Unknown,4,81.45
CL_0002619,adult endothelial progenitor cell,CXCL12,cytokine,Positive,4,14.39
CL_0000233,platelet,IFNA,cytokine,Positive,4,0.64
CL_0000129,microglial cell,IL12,cell,Positive,4,1.93
CL_0000182,hepatocyte,IL1A,cytokine,Positive,4,3.84
CL_0000128,oligodendrocyte,TNF,cell,Positive,4,2.43
CL_0000893,thymocyte,IFNG,cell,Positive,4,0.47
CL_0000057,fibroblast,TNF,cytokine,Negative,4,0.73
CL_0000113,mononuclear phagocyte,TNF,cell,Positive,4,2.77
CL_0000127,astrocyte,IFNG,cytokine,Unknown,4,0.89
CL_0000312,keratinocyte,CCL27,cell,Positive,4,63.86
CL_0000623,natural killer cell,TGFB,cytokine,Unknown,4,0.64
CL_0002092,bone marrow cell,TGFB1,cytokine,Negative,4,21.63
CL_0000235,macrophage,IL27,cytokine,Negative,4,7.47
CL_0000084,T cell,IL17,cytokine,Positive,4,0.11
CL_0000581,peritoneal macrophage,CCL2,cell,Positive,4,3.47
CL_0000540,neuron,IFNG,cytokine,Unknown,4,0.53
CL_0000824,mature natural killer cell,IL2,cytokine,Negative,4,6.56
CL_0000034,stem cell,TGFB,cytokine,Positive,4,0.72
CL_0000738,leukocyte,MIF,cytokine,Positive,4,11.51
CL_0000115,endothelial cell,CXCL10,cytokine,Negative,4,27.12
CL_0000763,myeloid cell,IL1B,cell,Positive,4,4.32
CL_0000920,"CD8-positive, CD28-negative, alpha-beta regulatory T cell",IFNG,cell,Positive,4,27.59
CL_0000066,epithelial cell,IL22,cytokine,Unknown,4,22.02
CL_0000624,"CD4-positive, alpha-beta T cell",IL23,cytokine,Unknown,4,11.45
CL_0000136,fat cell,RETN,cytokine,Negative,4,93.19
CL_0000235,macrophage,CCL4,cytokine,Positive,4,1.5
CL_0002322,embryonic stem cell,TGFB,cytokine,Unknown,4,12.86
CL_0000233,platelet,CX3CL1,cytokine,Positive,4,3.96
CL_0002368,respiratory epithelial cell,CXCL10,cell,Positive,4,60.64
CL_0000451,dendritic cell,IL12,cytokine,Unknown,4,4.86
CL_0000062,osteoblast,IL11,cell,Positive,4,27.27
CL_0000115,endothelial cell,IL33,cytokine,Positive,4,1.89
CL_0000235,macrophage,CXCL8,cytokine,Positive,4,0.1
CL_0000775,neutrophil,IL33,cytokine,Unknown,4,2.9
CL_0000092,osteoclast,IL23,cytokine,Positive,4,11.08
CL_0000546,T-helper 2 cell,IL2,cytokine,Unknown,4,1.12
CL_0000084,T cell,IL1A,cytokine,Positive,4,0.39
CL_0000899,T-helper 17 cell,IL1B,cytokine,Positive,4,1.64
CL_0000312,keratinocyte,IL1A,cytokine,Unknown,4,12
CL_0000023,oocyte,IL6,cytokine,Unknown,4,13.18
CL_0000581,peritoneal macrophage,IFNG,cytokine,Negative,4,3.61
CL_0000819,B-1 B cell,IL5,cytokine,Unknown,4,115.87
CL_0000232,erythrocyte,TNF,cytokine,Unknown,4,4.68
CL_0000576,monocyte,IL13,cytokine,Negative,4,5.77
CL_0000540,neuron,CCL21,cell,Positive,4,61.32
CL_0000653,glomerular visceral epithelial cell,CCL2,cell,Positive,4,9.28
CL_0000623,natural killer cell,CSF2,cell,Positive,4,0.43
CL_0000738,leukocyte,IL10,cytokine,Negative,4,1.66
CL_0000540,neuron,FGF1,cell,Positive,4,17.97
CL_0000763,myeloid cell,IL4,cytokine,Positive,4,1.84
CL_0000557,granulocyte monocyte progenitor cell,IFNG,cytokine,Positive,4,0.89
CL_0000062,osteoblast,TNF,cell,Positive,4,0.52
CL_0000182,hepatocyte,CCL9,cytokine,Positive,4,40.8
CL_0000738,leukocyte,CXCL2,cytokine,Positive,4,5.76
CL_0000792,"CD4-positive, CD25-positive, alpha-beta regulatory T cell",IL4,cytokine,Negative,4,3.26
CL_0000084,T cell,CCL27,cytokine,Positive,4,3.96
CL_0000501,granulosa cell,TGFB1,cell,Positive,4,13.51
CL_0000576,monocyte,CD40LG,cytokine,Unknown,4,1.12
CL_0000092,osteoclast,IFNG,cytokine,Positive,4,0.2
CL_0000625,"CD8-positive, alpha-beta T cell",TGFB1,cytokine,Positive,4,0.34
CL_0000738,leukocyte,TGFB,cytokine,Positive,4,0.23
CL_0000540,neuron,TGFB1,cytokine,Positive,4,0.89
CL_0000794,"CD8-positive, alpha-beta cytotoxic T cell",IFNG,cytokine,Unknown,4,7.48
CL_0000738,leukocyte,IL12,cytokine,Positive,4,0.43
CL_0000669,pericyte cell,TGFB,cytokine,Unknown,4,25.29
CL_0000771,eosinophil,IL10,cytokine,Unknown,4,0.75
CL_0000192,smooth muscle cell,PDGF,cytokine,Unknown,4,134.82
CL_0000236,B cell,IL13,cytokine,Unknown,4,3.51
CL_0000057,fibroblast,IL1,cytokine,Negative,4,2.45
CL_0000092,osteoclast,CCL2,cell,Positive,4,1.54
CL_0000898,naive T cell,IL12,cytokine,Positive,4,6.4
CL_0000581,peritoneal macrophage,IL12,cytokine,Unknown,4,8.69
CL_0000625,"CD8-positive, alpha-beta T cell",CD40LG,cytokine,Positive,4,0.62
CL_0000235,macrophage,CSF3,cell,Positive,4,0.18
CL_0002619,adult endothelial progenitor cell,CXCL12,cytokine,Unknown,4,50.37
CL_0002139,endothelial cell of vascular tree,TGFB1,cytokine,Positive,4,5.23
CL_0000094,granulocyte,IFNG,cell,Positive,4,0.6
CL_0000625,"CD8-positive, alpha-beta T cell",TNF,cytokine,Positive,4,0.1
CL_0000096,mature neutrophil,CXCL8,cytokine,Positive,4,5.28
CL_0000763,myeloid cell,TNF,cytokine,Positive,4,0.83
CL_0000235,macrophage,IL13,cytokine,Negative,4,4.77
CL_0000624,"CD4-positive, alpha-beta T cell",IL1,cytokine,Unknown,4,0.99
CL_0000034,stem cell,IL6,cytokine,Unknown,4,2.28
CL_0000451,dendritic cell,IFNA,cytokine,Unknown,4,6.27
CL_0000138,chondrocyte,IL6,cytokine,Positive,4,0.61
CL_0000233,platelet,IFNG,cytokine,Positive,4,0.09
CL_0000775,neutrophil,CXCL6,cytokine,Unknown,4,51.32
CL_0000115,endothelial cell,HGF,cytokine,Negative,4,21.41
CL_0000099,interneuron,CXCL12,cytokine,Unknown,4,489.29
CL_0000557,granulocyte monocyte progenitor cell,IL6,cytokine,Positive,4,2.33
CL_0000084,T cell,IL23,cytokine,Unknown,4,2.61
CL_0000129,microglial cell,CSF2,cytokine,Positive,4,1.36
CL_0000127,astrocyte,IL1,cell,Positive,4,1.8
CL_0000182,hepatocyte,IL22,cytokine,Unknown,4,22.61
CL_0000576,monocyte,TGFB1,cytokine,Unknown,4,0.49
CL_0000546,T-helper 2 cell,TGFB,cytokine,Negative,3,3.86
CL_0000451,dendritic cell,IL10,cytokine,Positive,3,0.5
CL_0000624,"CD4-positive, alpha-beta T cell",IL16,cytokine,Negative,3,35.38
CL_0000767,basophil,IL3,cytokine,Negative,3,54.3
CL_0000540,neuron,CXCL8,cytokine,Unknown,3,1.76
CL_0002328,bronchial epithelial cell,CSF2,cell,Positive,3,6.31
CL_0000182,hepatocyte,IL4,cytokine,Positive,3,0.66
CL_0002363,keratocyte,TGFB1,cytokine,Positive,3,9.55
CL_0000499,stromal cell,IFNA,cytokine,Positive,3,1.55
CL_0000899,T-helper 17 cell,IL17F,cell,Positive,3,105.37
CL_0000034,stem cell,IFNG,cytokine,Unknown,3,0.65
CL_0000084,T cell,CXCL8,cytokine,Positive,3,0.05
CL_0000037,hematopoietic stem cell,CXCL8,cytokine,Positive,3,1.83
CL_0000540,neuron,IL10,cytokine,Unknown,3,1.05
CL_0000084,T cell,CCL20,cytokine,Unknown,3,2.73
CL_0000138,chondrocyte,IL1,cytokine,Negative,3,6.64
CL_0000546,T-helper 2 cell,CCL2,cytokine,Positive,3,1.15
CL_0002092,bone marrow cell,IL1,cytokine,Positive,3,2.48
CL_0000235,macrophage,IL1A,cytokine,Positive,3,0.41
CL_0000115,endothelial cell,IL4,cytokine,Negative,3,1.62
CL_0000359,vascular associated smooth muscle cell,TGFB,cytokine,Unknown,3,12.93
CL_0000836,promyelocyte,CSF2,cell,Positive,3,47.34
CL_0000351,trophoblast cell,IFNG,cell,Positive,3,4.41
CL_0000623,natural killer cell,TNFSF9,cytokine,Positive,3,1.41
CL_0000233,platelet,IL2,cytokine,Positive,3,0.1
CL_0000113,mononuclear phagocyte,CCL2,cytokine,Unknown,3,17.85
CL_0000540,neuron,IL17,cytokine,Positive,3,0.95
CL_0000893,thymocyte,IL6,cytokine,Unknown,3,2.19
CL_0000540,neuron,CCL26,cytokine,Positive,3,10.39
CL_0000084,T cell,CCL26,cytokine,Unknown,3,3.26
CL_0000453,Langerhans cell,IL4,cytokine,Negative,3,70.01
CL_0000094,granulocyte,CXCL8,cytokine,Unknown,3,4.75
CL_0000623,natural killer cell,IL6,cytokine,Negative,3,0.99
CL_0000738,leukocyte,TGFB,cytokine,Unknown,3,0.6
CL_0000586,germ cell,FGF2,cell,Positive,3,27.76
CL_0000056,myoblast,TNF,cytokine,Unknown,3,3.26
CL_0000650,mesangial cell,IL1,cytokine,Positive,3,4.1
CL_0000771,eosinophil,IL1,cytokine,Positive,3,0.29
CL_0000576,monocyte,IFN1,cell,Positive,3,1.26
CL_0000863,inflammatory macrophage,IL1B,cell,Positive,3,12.29
CL_0000214,synovial cell,IL4,cytokine,Positive,3,2
CL_0000187,muscle cell,TGFB,cytokine,Unknown,3,9.48
CL_0000545,T-helper 1 cell,IL23,cytokine,Unknown,3,21.81
CL_0000583,alveolar macrophage,IL1B,cytokine,Positive,3,2.34
CL_0000084,T cell,CCL3,cytokine,Positive,3,0.46
CL_0000576,monocyte,CSF1,cytokine,Negative,3,2.02
CL_0000792,"CD4-positive, CD25-positive, alpha-beta regulatory T cell",CCL17,cytokine,Positive,3,75.64
CL_0000453,Langerhans cell,TNF,cytokine,Positive,3,3.96
CL_0002368,respiratory epithelial cell,IL1B,cell,Positive,3,9.61
CL_0000096,mature neutrophil,CXCL8,cytokine,Unknown,3,13.86
CL_0000786,plasma cell,IL21,cytokine,Unknown,3,59.61
CL_0000235,macrophage,CCL19,cytokine,Unknown,3,31.95
CL_0000576,monocyte,IFNB1,cytokine,Negative,3,4.17
CL_0000545,T-helper 1 cell,IL15,cytokine,Positive,3,1.45
CL_0000792,"CD4-positive, CD25-positive, alpha-beta regulatory T cell",IL17,cytokine,Negative,3,6.46
CL_0000542,lymphocyte,IL16,cytokine,Negative,3,39.04
CL_0002328,bronchial epithelial cell,IL4,cytokine,Positive,3,2.96
CL_0000546,T-helper 2 cell,IL33,cytokine,Unknown,3,12.91
CL_0000542,lymphocyte,CCL2,cytokine,Positive,3,0.25
CL_0002063,type II pneumocyte,TNF,cell,Positive,3,16.9
CL_0000115,endothelial cell,IL1A,cytokine,Unknown,3,5.2
CL_0002629,mature microglial cell,TNF,cytokine,Positive,3,2.76
CL_0000738,leukocyte,IL4,cell,Positive,3,0.28
CL_0000771,eosinophil,IL4,cytokine,Negative,3,2.06
CL_0002097,cortical cell of adrenal gland,TGFB,cell,Positive,3,34.28
CL_0000901,Tr1 cell,IL10,cytokine,Unknown,3,18.51
CL_0000082,epithelial cell of lung,TGFB1,cytokine,Unknown,3,17.09
CL_0000746,cardiac muscle cell,FGF2,cytokine,Positive,3,2.67
CL_0000902,induced T-regulatory cell,IL2,cytokine,Unknown,3,7.65
CL_0000092,osteoclast,IL12,cytokine,Negative,3,8.78
CL_0000792,"CD4-positive, CD25-positive, alpha-beta regulatory T cell",CCL22,cytokine,Positive,3,17.46
CL_0000096,mature neutrophil,IFNG,cytokine,Unknown,3,3.12
CL_0000899,T-helper 17 cell,IL10,cytokine,Negative,3,5.14
CL_0000312,keratinocyte,IL15,cell,Positive,3,2.09
CL_0000169,type B pancreatic cell,CXCL12,cytokine,Positive,3,11.65
CL_1001607,articular chondrocyte,IL1B,cytokine,Positive,3,11.8
CL_0000092,osteoclast,TGFB,cytokine,Negative,3,3.49
CL_0000542,lymphocyte,IL18,cytokine,Unknown,3,3.02
CL_0000129,microglial cell,TNF,cytokine,Negative,3,2.04
CL_0002328,bronchial epithelial cell,TNF,cytokine,Positive,3,1.34
CL_0002419,mature T cell,IL7,cytokine,Unknown,3,488.12
CL_0000775,neutrophil,CCL3,cytokine,Positive,3,1.27
CL_0000899,T-helper 17 cell,IL27,cytokine,Unknown,3,34.17
CL_0002092,bone marrow cell,CSF3,cytokine,Unknown,3,9.27
CL_0000576,monocyte,IL1RN,cytokine,Negative,3,7.75
CL_0000545,T-helper 1 cell,IFN1,cytokine,Positive,3,3.63
CL_0000775,neutrophil,IL23,cytokine,Negative,3,12.38
CL_0000096,mature neutrophil,IL1RN,cell,Positive,3,80.15
CL_0000910,cytotoxic T cell,IL4,cytokine,Negative,3,12.44
CL_0000910,cytotoxic T cell,IL4,cytokine,Positive,3,1.56
CL_0000136,fat cell,IL6,cytokine,Negative,3,4.45
CL_0000312,keratinocyte,IL17A,cytokine,Positive,3,3.33
CL_0000817,precursor B cell,IL7,cytokine,Negative,3,111.22
CL_0000782,myeloid dendritic cell,IL12,cell,Positive,3,19.72
CL_0000338,neuroblast (sensu Nematoda and Protostomia),CXCL12,cytokine,Positive,3,81.56
CL_0000120,granule cell,CXCL12,cytokine,Unknown,3,428.13
CL_0000623,natural killer cell,IL21,cytokine,Unknown,3,2.91
CL_0000556,megakaryocyte,EPO,cytokine,Unknown,3,19.38
CL_0000625,"CD8-positive, alpha-beta T cell",IL7,cytokine,Negative,3,4.09
CL_0000540,neuron,LIF,cytokine,Unknown,3,32.53
CL_0000236,B cell,IL7,cytokine,Negative,3,2.92
CL_0000545,T-helper 1 cell,IFNB1,cytokine,Positive,3,2.23
CL_0000092,osteoclast,IL1B,cytokine,Negative,3,6.07
CL_0000584,enterocyte,IFNG,cytokine,Unknown,3,5.03
CL_0000499,stromal cell,HGF,cell,Positive,3,10.17
CL_0000625,"CD8-positive, alpha-beta T cell",IL17A,cell,Positive,3,1.72
CL_0000784,plasmacytoid dendritic cell,CSF2,cytokine,Positive,3,1.85
CL_0000127,astrocyte,TGFB1,cytokine,Unknown,3,2.62
CL_0000910,cytotoxic T cell,TNF,cytokine,Positive,3,0.7
CL_0000023,oocyte,IL2,cytokine,Unknown,3,5.44
CL_0000819,B-1 B cell,IL10,cytokine,Unknown,3,23.56
CL_0000037,hematopoietic stem cell,CXCL12,cytokine,Positive,3,4.03
CL_0000148,melanocyte,KITLG,cytokine,Unknown,3,162.19
CL_0000501,granulosa cell,CXCL8,cell,Positive,3,15.34
CL_0002608,hippocampal neuron,FGF2,cytokine,Positive,3,17.82
CL_0000235,macrophage,PF4,cell,Positive,3,0.65
CL_0000235,macrophage,RETN,cell,Positive,3,1.06
CL_0000542,lymphocyte,CX3CL1,cytokine,Positive,3,2.13
CL_0000057,fibroblast,CSF3,cell,Positive,3,0.48
CL_0000623,natural killer cell,CCL4,cell,Positive,3,4.48
CL_0000127,astrocyte,IL17,cell,Positive,3,2.36
CL_0000312,keratinocyte,CXCL8,cytokine,Positive,3,0.49
CL_0000738,leukocyte,IL1,cytokine,Negative,3,2.24
CL_0000650,mesangial cell,CCL2,cytokine,Unknown,3,11.69
CL_0000576,monocyte,CXCL13,cell,Positive,3,2.38
CL_0000233,platelet,IL1B,cytokine,Positive,3,0.35
CL_0000362,epidermal cell,TNF,cell,Positive,3,5.14
CL_0000034,stem cell,IL1,cytokine,Unknown,3,3.11
CL_0000134,mesenchymal cell,CSF3,cell,Positive,3,2.19
CL_0000576,monocyte,IL13,cytokine,Unknown,3,1.9
CL_0000097,mast cell,IFNG,cytokine,Negative,3,1.16
CL_0000492,CD4-positive helper T cell,IFNG,cell,Positive,3,8.28
CL_0000792,"CD4-positive, CD25-positive, alpha-beta regulatory T cell",IL27,cytokine,Negative,3,30.93
CL_0000583,alveolar macrophage,CXCL2,cell,Positive,3,50.07
CL_0000771,eosinophil,CCL24,cytokine,Negative,3,190.22
CL_0000542,lymphocyte,IL3,cytokine,Positive,3,0.89
CL_0000084,T cell,CCL25,cytokine,Unknown,3,13.87
CL_0000115,endothelial cell,IL6,cytokine,Negative,3,1.34
CL_0000084,T cell,IL12B,cytokine,Positive,3,1.19
CL_0000540,neuron,TGFB,cytokine,Positive,3,0.33
CL_0000097,mast cell,IL9,cytokine,Positive,3,17.17
CL_0000034,stem cell,CSF1,cytokine,Positive,3,1.78
CL_0000138,chondrocyte,TGFB3,cytokine,Positive,3,62.97
CL_0000738,leukocyte,CCL3,cytokine,Positive,3,3.54
CL_0000066,epithelial cell,IL6,cytokine,Unknown,3,1.11
CL_0000312,keratinocyte,IL1RN,cell,Positive,3,11.97
CL_0000540,neuron,IL1B,cytokine,Negative,3,6.07
CL_0000097,mast cell,IL10,cytokine,Negative,3,3.07
CL_0000545,T-helper 1 cell,IL27,cytokine,Negative,3,36.11
CL_0000893,thymocyte,TGFB,cell,Positive,3,1.02
CL_0000056,myoblast,EPO,cytokine,Positive,3,9.01
CL_0000138,chondrocyte,IL1A,cytokine,Positive,3,4.05
CL_0000499,stromal cell,TGFB,cytokine,Unknown,3,2.22
CL_0002092,bone marrow cell,IL3,cytokine,Unknown,3,32.88
CL_0000623,natural killer cell,CXCL10,cytokine,Unknown,3,5.27
CL_0002622,prostate stromal cell,TGFB1,cytokine,Positive,3,36.62
CL_0000746,cardiac muscle cell,LIF,cytokine,Unknown,3,127.04
CL_0000763,myeloid cell,TGFB,cytokine,Positive,3,1.26
CL_0000792,"CD4-positive, CD25-positive, alpha-beta regulatory T cell",IL15,cytokine,Unknown,3,4.34
CL_0000148,melanocyte,FGF2,cytokine,Unknown,3,16.93
CL_0000182,hepatocyte,TGFA,cytokine,Unknown,3,36.46
CL_0000092,osteoclast,CCL2,cytokine,Positive,3,0.78
CL_0000066,epithelial cell,CSF2,cytokine,Unknown,3,1.94
CL_0000312,keratinocyte,IL22,cytokine,Unknown,3,15.15
CL_0000581,peritoneal macrophage,IL12,cell,Positive,3,2.75
CL_0000771,eosinophil,IL3,cytokine,Unknown,3,5.16
CL_0000132,corneal endothelial cell,FGF2,cytokine,Positive,3,56.44
CL_0000134,mesenchymal cell,IFNG,cytokine,Unknown,3,1.02
CL_0000235,macrophage,CSF3,cytokine,Positive,3,0.09
CL_0000084,T cell,CCL4,cytokine,Positive,3,0.65
CL_0000082,epithelial cell of lung,TGFB,cytokine,Unknown,3,12.65
CL_0000775,neutrophil,IL2,cytokine,Negative,3,0.32
CL_0002620,skin fibroblast,TGFB,cytokine,Unknown,3,35.57
CL_0000794,"CD8-positive, alpha-beta cytotoxic T cell",IL2,cytokine,Unknown,3,8.08
CL_0000650,mesangial cell,PDGF,cytokine,Positive,3,35.53
CL_0000545,T-helper 1 cell,IL17,cytokine,Unknown,3,3.31
CL_0000092,osteoclast,SPP1,cytokine,Unknown,3,19.16
CL_0000542,lymphocyte,IL17A,cytokine,Unknown,3,3.87
CL_0002328,bronchial epithelial cell,TGFB1,cytokine,Unknown,3,17.09
CL_0000775,neutrophil,CCL3,cytokine,Negative,3,10.12
CL_0000312,keratinocyte,IL3,cell,Positive,3,2.96
CL_0000824,mature natural killer cell,IFNG,cytokine,Negative,3,3.41
CL_0000034,stem cell,KITLG,cytokine,Positive,3,10.78
CL_0000235,macrophage,CXCL1,cell,Positive,3,1.99
CL_0000038,erythroid progenitor cell,IL4,cytokine,Positive,3,1.73
CL_0000871,splenic macrophage,TNF,cell,Positive,3,7.39
CL_0000097,mast cell,IL2,cell,Positive,3,0.41
CL_0000912,helper T cell,IFNG,cytokine,Unknown,3,2.23
CL_0000192,smooth muscle cell,EGF,cytokine,Positive,3,37.78
CL_0000775,neutrophil,CXCL6,cytokine,Positive,3,11
CL_0000057,fibroblast,FGF2,cytokine,Negative,3,3.1
CL_0000650,mesangial cell,TGFB1,cytokine,Unknown,3,8.84
CL_0000037,hematopoietic stem cell,CCL4,cytokine,Positive,3,19.78
CL_0000746,cardiac muscle cell,TNF,cytokine,Unknown,3,2.21
CL_0000782,myeloid dendritic cell,IFNG,cytokine,Positive,3,2.44
CL_0000138,chondrocyte,EGF,cytokine,Positive,3,12.59
CL_0000182,hepatocyte,TGFB1,cytokine,Positive,3,0.49
CL_0000499,stromal cell,IL4,cytokine,Negative,3,5.54
CL_0000084,T cell,IL23,cytokine,Positive,3,0.56
CL_0000182,hepatocyte,FGF2,cell,Positive,3,1.11
CL_0000815,regulatory T cell,TGFB,cell,Positive,3,2.55
CL_0000623,natural killer cell,IL22,cell,Positive,3,2.72
CL_0000625,"CD8-positive, alpha-beta T cell",IL6,cell,Positive,3,0.2
CL_0000542,lymphocyte,CD40LG,cytokine,Positive,3,0.45
CL_0000233,platelet,CSF2,cytokine,Unknown,3,1.1
CL_0000899,T-helper 17 cell,TGFB,cytokine,Negative,3,5.64
CL_0000624,"CD4-positive, alpha-beta T cell",IL13,cytokine,Positive,3,0.91
CL_0000824,mature natural killer cell,IL15,cytokine,Positive,3,5.48
CL_0000312,keratinocyte,CSF2,cytokine,Positive,3,0.51
CL_0000056,myoblast,IL6,cytokine,Positive,3,1.71
CL_0000771,eosinophil,CXCL10,cytokine,Positive,3,3.25
CL_0000623,natural killer cell,TGFB1,cytokine,Unknown,3,0.65
CL_0000542,lymphocyte,IFNB1,cytokine,Positive,3,0.97
CL_0000084,T cell,IL17F,cell,Positive,3,4.39
CL_0000169,type B pancreatic cell,IL1,cytokine,Positive,3,4.24
CL_0000546,T-helper 2 cell,IL9,cytokine,Unknown,3,51.64
CL_0000092,osteoclast,CSF3,cytokine,Positive,3,0.77
CL_0000235,macrophage,PPBP,cell,Positive,3,0.85
CL_0000556,megakaryocyte,IFNA,cytokine,Unknown,3,9.91
CL_0000236,B cell,CXCL12,cytokine,Positive,3,0.48
CL_0000912,helper T cell,IL2,cytokine,Positive,3,0.92
CL_0000576,monocyte,CXCL12,cytokine,Unknown,3,1.22
CL_0000084,T cell,SPP1,cytokine,Unknown,3,1.29
CL_0000235,macrophage,IL33,cytokine,Negative,3,3.09
CL_0000115,endothelial cell,TGFB2,cytokine,Positive,3,5.45
CL_0000625,"CD8-positive, alpha-beta T cell",IL18,cytokine,Positive,3,1.21
CL_0000235,macrophage,IL1,cytokine,Negative,3,0.67
CL_0000909,"CD8-positive, alpha-beta memory T cell",IL7,cytokine,Positive,3,24.26
CL_0002563,intestinal epithelial cell,HGF,cytokine,Positive,3,28.91
CL_0000097,mast cell,CXCL8,cytokine,Positive,3,0.65
CL_0000893,thymocyte,IL4,cytokine,Negative,3,6.03
CL_0000738,leukocyte,CXCL12,cytokine,Negative,3,6.15
CL_0000092,osteoclast,TNFSF11,cytokine,Unknown,3,117.72
CL_0000556,megakaryocyte,IL11,cytokine,Positive,3,29.79
CL_0000625,"CD8-positive, alpha-beta T cell",TGFB,cytokine,Negative,3,1.19
CL_0000451,dendritic cell,IL12B,cell,Positive,3,32.86
CL_0000235,macrophage,IL1B,cytokine,Negative,3,0.71
CL_0000771,eosinophil,TGFB1,cytokine,Negative,3,2.54
CL_0000034,stem cell,CCL3,cytokine,Unknown,3,29.38
CL_0002334,preadipocyte,FGF2,cytokine,Positive,3,13.68
CL_0000557,granulocyte monocyte progenitor cell,IFNG,cytokine,Negative,3,5.32
CL_0000182,hepatocyte,LECT2,cell,Positive,3,103.99
CL_0000235,macrophage,IL34,cytokine,Positive,3,5.48
CL_0000898,naive T cell,IFNG,cell,Positive,3,1.29
CL_0000037,hematopoietic stem cell,IFNG,cytokine,Negative,3,2.46
CL_0000097,mast cell,IFNG,cytokine,Positive,3,0.15
CL_0000792,"CD4-positive, CD25-positive, alpha-beta regulatory T cell",IL33,cytokine,Unknown,3,7.49
CL_0000771,eosinophil,CCL24,cytokine,Positive,3,17.89
CL_0000746,cardiac muscle cell,CSF3,cytokine,Positive,3,2.25
CL_0000625,"CD8-positive, alpha-beta T cell",TGFB1,cytokine,Unknown,3,0.71
CL_0000540,neuron,TGFB1,cell,Positive,3,0.65
CL_0000235,macrophage,FGF2,cytokine,Positive,3,0.11
CL_0000669,pericyte cell,PDGFB,cytokine,Positive,3,530.86
CL_0002327,mammary epithelial cell,TGFB1,cytokine,Unknown,3,22.61
CL_0000192,smooth muscle cell,PDGF,cytokine,Negative,3,230.39
CL_0000595,enucleate erythrocyte,EPO,cytokine,Negative,3,126.15
CL_0000092,osteoclast,CCL2,cytokine,Negative,3,6.23
CL_0000814,mature NK T cell,IL2,cytokine,Unknown,3,6.15
CL_0000784,plasmacytoid dendritic cell,IL12,cell,Positive,3,4.35
CL_0000236,B cell,CCL2,cytokine,Positive,3,0.25
CL_0000113,mononuclear phagocyte,IL1,cell,Positive,3,6.92
CL_0000624,"CD4-positive, alpha-beta T cell",IFNB1,cytokine,Positive,3,0.88
CL_0000540,neuron,IL1RN,cytokine,Negative,3,33.01
CL_0000990,conventional dendritic cell,TNF,cell,Positive,3,9.1
CL_0000019,sperm,IL6,cytokine,Positive,3,6.12
CL_0000893,thymocyte,TNF,cytokine,Unknown,3,1.59
CL_0000097,mast cell,IL15,cytokine,Unknown,3,6.53
CL_0000084,T cell,CCL4,cytokine,Negative,3,5.19
CL_0000556,megakaryocyte,IL6,cytokine,Negative,3,8.37
CL_0000066,epithelial cell,IL13,cytokine,Unknown,3,8.65
CL_0002092,bone marrow cell,IL5,cell,Positive,3,7.46
CL_0000062,osteoblast,IL6,cytokine,Negative,3,3.89
CL_0000786,plasma cell,IL21,cytokine,Positive,3,28.39
CL_0000899,T-helper 17 cell,IFNB1,cytokine,Negative,3,38.28
CL_0000034,stem cell,CXCL12,cytokine,Negative,3,19.45
CL_0000669,pericyte cell,TGFB1,cell,Positive,3,10.81
CL_0002334,preadipocyte,TNF,cytokine,Negative,3,19.37
CL_0000576,monocyte,IFNB1,cytokine,Unknown,3,1.83
CL_0000863,inflammatory macrophage,IL4,cytokine,Positive,3,5.23
CL_0000893,thymocyte,CXCL12,cytokine,Positive,3,3.12
CL_0000057,fibroblast,TGFB2,cytokine,Positive,3,4.12
CL_0000233,platelet,PDGF,cytokine,Unknown,3,13.19
CL_0000091,Kupffer cell,IFNG,cytokine,Unknown,3,2.76
CL_0000125,glial cell,IL1B,cell,Positive,3,6.33
CL_0000545,T-helper 1 cell,CSF2,cytokine,Positive,3,0.52
CL_0000623,natural killer cell,IFN1,cytokine,Positive,3,1.52
CL_0000625,"CD8-positive, alpha-beta T cell",IL13,cytokine,Positive,3,1.06
CL_0000236,B cell,TNFSF13B,cytokine,Negative,3,19.91
CL_0000037,hematopoietic stem cell,CCL3,cytokine,Negative,3,110.71
CL_0000092,osteoclast,TGFB,cytokine,Unknown,3,1.53
CL_0000557,granulocyte monocyte progenitor cell,IL6,cytokine,Unknown,3,6.12
CL_0000138,chondrocyte,CXCL8,cell,Positive,3,1.15
CL_0000775,neutrophil,IL12,cytokine,Unknown,3,0.54
CL_0000091,Kupffer cell,IL10,cell,Positive,3,4.1
CL_0000233,platelet,CD40LG,cytokine,Negative,3,4.94
CL_0000235,macrophage,IL15,cell,Positive,3,0.33
CL_0000899,T-helper 17 cell,IL35,cytokine,Negative,3,325.38
CL_0000451,dendritic cell,IFN1,cytokine,Positive,3,6.1
CL_0000235,macrophage,IL17A,cell,Positive,3,0.58
CL_0000912,helper T cell,IL12,cytokine,Positive,3,3.49
CL_0000542,lymphocyte,TGFB,cytokine,Negative,3,1.14
CL_0000584,enterocyte,CXCL8,cell,Positive,3,9.44
CL_0000542,lymphocyte,IFNB1,cytokine,Negative,3,7.71
CL_0000233,platelet,IL11,cytokine,Positive,3,5.09
CL_0000451,dendritic cell,IL6,cytokine,Positive,3,0.5
CL_0000624,"CD4-positive, alpha-beta T cell",IL21,cytokine,Positive,3,0.78
CL_0000023,oocyte,FGF2,cell,Positive,3,9.61
CL_1001607,articular chondrocyte,TGFB1,cytokine,Positive,3,9.15
CL_0000650,mesangial cell,TNF,cell,Positive,3,1.36
CL_0000232,erythrocyte,IL2,cell,Positive,3,1.49
CL_0000192,smooth muscle cell,TNF,cytokine,Positive,3,0.75
CL_0000084,T cell,TNFSF15,cytokine,Unknown,3,6.66
CL_0000236,B cell,IL1B,cytokine,Positive,3,0.19
CL_0000546,T-helper 2 cell,IL6,cytokine,Positive,3,0.44
CL_0000037,hematopoietic stem cell,KITLG,cytokine,Positive,3,17.83
CL_0000912,helper T cell,IL2,cytokine,Unknown,3,3.22
CL_0000576,monocyte,CXCL1,cytokine,Positive,3,2.04
CL_0000584,enterocyte,IFNG,cytokine,Positive,3,1.92
CL_0000623,natural killer cell,TNF,cytokine,Negative,3,0.54
CL_0000233,platelet,IL1A,cytokine,Positive,3,1.59
CL_0000077,mesothelial cell,TGFB,cytokine,Positive,3,7.39
CL_0000771,eosinophil,IL18,cytokine,Positive,3,1.07
CL_0000819,B-1 B cell,IL10,cell,Positive,3,9.94
CL_0000540,neuron,IL10,cytokine,Negative,3,2.38
CL_0000049,common myeloid progenitor,IL3,cytokine,Positive,3,104.06
CL_0000576,monocyte,IL12,cytokine,Unknown,3,0.51
CL_0000792,"CD4-positive, CD25-positive, alpha-beta regulatory T cell",IL21,cytokine,Positive,3,1.71
CL_0000738,leukocyte,CXCL10,cytokine,Unknown,3,6.58
CL_0000771,eosinophil,CCL2,cell,Positive,3,0.47
CL_0000148,melanocyte,KITLG,cytokine,Positive,3,61.79
CL_0000542,lymphocyte,IL21,cytokine,Unknown,3,3.03
CL_0000233,platelet,TGFB,cytokine,Positive,3,0.2
CL_0000233,platelet,CXCL12,cytokine,Unknown,3,3.13
CL_0000057,fibroblast,CXCL10,cytokine,Negative,3,12.28
CL_0000786,plasma cell,CSF3,cell,Positive,3,7.28
CL_0000625,"CD8-positive, alpha-beta T cell",IFNA,cytokine,Unknown,3,1.28
CL_0000128,oligodendrocyte,IL1B,cytokine,Positive,3,4.36
CL_0000097,mast cell,IL6,cytokine,Unknown,3,1.34
CL_0000056,myoblast,TGFB,cytokine,Unknown,3,6.62
CL_0000192,smooth muscle cell,IL1B,cytokine,Positive,3,2.65
CL_0000557,granulocyte monocyte progenitor cell,IFNA,cytokine,Unknown,3,16.51
CL_0000129,microglial cell,IL4,cytokine,Unknown,3,1.98
CL_0000047,neuronal stem cell,FGF2,cytokine,Positive,3,13.02
CL_0000127,astrocyte,CSF1,cell,Positive,3,2.7
CL_0000235,macrophage,CD40LG,cytokine,Negative,3,1.27
CL_0000097,mast cell,IFNG,cytokine,Unknown,3,0.51
CL_0000893,thymocyte,IL4,cytokine,Positive,3,0.76
CL_0000540,neuron,CCL26,cell,Positive,3,15.33
CL_0000084,T cell,XCL1,cytokine,Positive,3,4.75
CL_0000097,mast cell,IL10,cytokine,Unknown,3,1.35
CL_0000135,fibrocyte,TGFB1,cell,Positive,3,11.58
CL_0000624,"CD4-positive, alpha-beta T cell",TNFSF4,cytokine,Positive,3,7.72
CL_0002139,endothelial cell of vascular tree,IFNG,cytokine,Positive,3,1
CL_0000623,natural killer cell,IL4,cytokine,Positive,3,0.15
CL_0000623,natural killer cell,CSF3,cytokine,Negative,3,1.92
CL_0000910,cytotoxic T cell,IL10,cytokine,Negative,3,10.36
CL_0000899,T-helper 17 cell,CCL20,cytokine,Positive,3,18.73
CL_0000034,stem cell,CSF1,cell,Positive,3,2.63
CL_0002334,preadipocyte,IL6,cell,Positive,3,6.57
CL_0000576,monocyte,IFN1,cytokine,Unknown,3,2.98
CL_0000738,leukocyte,CCL4,cytokine,Unknown,3,13.25
CL_0000775,neutrophil,IFNB1,cytokine,Positive,3,0.55
CL_0002328,bronchial epithelial cell,IL13,cytokine,Positive,3,19.12
CL_0000775,neutrophil,IFNG,cytokine,Unknown,3,0.1
CL_0000623,natural killer cell,IL15,cytokine,Negative,3,6.43
CL_0000125,glial cell,IL1,cytokine,Unknown,3,14.17
CL_0000625,"CD8-positive, alpha-beta T cell",CCL2,cytokine,Positive,3,0.27
CL_0000127,astrocyte,CXCL12,cell,Positive,3,3.7
CL_0000820,B-1a B cell,IL10,cell,Positive,3,36.43
CL_0000545,T-helper 1 cell,IL22,cell,Positive,3,6.52
CL_0000893,thymocyte,TGFB,cytokine,Positive,3,0.69
CL_0000540,neuron,CSF1,cytokine,Positive,3,1.08
CL_0000092,osteoclast,IL1,cytokine,Unknown,3,2.51
CL_0000623,natural killer cell,IL7,cytokine,Unknown,3,1.64
CL_0000236,B cell,IFN1,cytokine,Positive,3,1.18
CL_0000910,cytotoxic T cell,IL12,cytokine,Positive,3,2.7
CL_0000351,trophoblast cell,TNF,cytokine,Unknown,3,11.22
CL_0000738,leukocyte,IL13,cytokine,Unknown,3,4.22
CL_0000101,sensory neuron,IL31,cytokine,Positive,3,1876.98
CL_0000187,muscle cell,TGFB1,cytokine,Positive,3,3.66
CL_0000624,"CD4-positive, alpha-beta T cell",IL5,cytokine,Positive,3,0.43
CL_0000160,goblet cell,IL33,cytokine,Positive,3,26.37
CL_0000129,microglial cell,CCL2,cytokine,Positive,3,1.54
CL_0002404,fetal thymocyte,IL2,cytokine,Unknown,3,47.16
CL_0000127,astrocyte,FGF1,cytokine,Positive,3,15.46
CL_0000771,eosinophil,IL3,cytokine,Positive,3,1.11
CL_0000581,peritoneal macrophage,IL4,cytokine,Positive,3,1.08
CL_0000625,"CD8-positive, alpha-beta T cell",CSF2,cytokine,Unknown,3,0.83
CL_0000056,myoblast,IFNG,cytokine,Positive,3,0.65
CL_0000583,alveolar macrophage,TGFB1,cell,Positive,3,2.68
CL_0002620,skin fibroblast,TGFB,cytokine,Positive,3,10.16
CL_0000092,osteoclast,IL11,cytokine,Positive,3,11.21
CL_0000094,granulocyte,IL1,cytokine,Positive,3,1.45
CL_0000066,epithelial cell,IL15,cell,Positive,3,2.28
CL_0000650,mesangial cell,TGFB,cytokine,Negative,3,19.87
CL_0000860,classical monocyte,CCL2,cytokine,Positive,3,20.76
CL_0000232,erythrocyte,IFNG,cytokine,Unknown,3,2.45
CL_0000746,cardiac muscle cell,TGFB1,cytokine,Positive,3,1.73
CL_0000097,mast cell,CCL11,cell,Positive,3,5.36
CL_0000092,osteoclast,SPP1,cytokine,Positive,3,5.48
CL_0000138,chondrocyte,CXCL12,cytokine,Positive,3,3.81
CL_0002328,bronchial epithelial cell,TGFB1,cytokine,Positive,3,4.88
CL_0000775,neutrophil,CCL3,cytokine,Unknown,3,4.44
CL_0000451,dendritic cell,IFNA,cytokine,Positive,3,1.34
CL_0000034,stem cell,LIF,cytokine,Unknown,3,53.6
CL_0000898,naive T cell,IL7,cytokine,Positive,3,8.72
CL_0000738,leukocyte,IL7,cytokine,Unknown,3,2.05
CL_0000182,hepatocyte,IL1RN,cell,Positive,3,8.94
CL_0000187,muscle cell,GDF15,cytokine,Positive,3,60.83
CL_0000546,T-helper 2 cell,IL12,cytokine,Positive,3,0.91
CL_0000624,"CD4-positive, alpha-beta T cell",IL21,cytokine,Unknown,3,2.74
CL_0000127,astrocyte,TGFA,cell,Positive,3,14.23
CL_0000910,cytotoxic T cell,IL4,cell,Positive,3,2.3
CL_0002372,myotube,TNF,cytokine,Positive,3,6.68
CL_0000860,classical monocyte,TNF,cell,Positive,3,8.45
CL_0000235,macrophage,CCL26,cytokine,Unknown,3,5.64
CL_0000792,"CD4-positive, CD25-positive, alpha-beta regulatory T cell",IL1B,cell,Positive,3,0.72
CL_0000542,lymphocyte,IL1B,cytokine,Negative,3,1.98
CL_0000182,hepatocyte,TNF,cytokine,Negative,3,1.41
CL_0000216,Sertoli cell,IL1A,cell,Positive,3,73.83
CL_0000542,lymphocyte,CCL6,cell,Positive,3,9.18
CL_0000235,macrophage,IL17,cytokine,Unknown,3,0.51
CL_0000815,regulatory T cell,TGFB,cytokine,Positive,3,1.73
CL_0000312,keratinocyte,IL6,cytokine,Positive,3,0.39
CL_0000738,leukocyte,IFNB1,cytokine,Positive,3,1.16
CL_0000322,pneumocyte,TGFB1,cytokine,Positive,3,7.85
CL_0000576,monocyte,CX3CL1,cytokine,Positive,3,1.15
CL_0000746,cardiac muscle cell,IL17A,cytokine,Positive,3,13.26
CL_0000775,neutrophil,IL27,cytokine,Negative,3,11.99
CL_0000738,leukocyte,CCL2,cytokine,Negative,3,2.44
CL_0000235,macrophage,IL3,cytokine,Positive,3,0.32
CL_0000784,plasmacytoid dendritic cell,CSF2,cytokine,Unknown,3,6.46
CL_0000127,astrocyte,TGFB,cytokine,Positive,3,0.55
CL_0000047,neuronal stem cell,CCL2,cytokine,Unknown,3,39.13
CL_0000034,stem cell,IFNA,cytokine,Unknown,3,4.61
CL_0000788,naive B cell,IL4,cytokine,Positive,3,19.75
CL_0000792,"CD4-positive, CD25-positive, alpha-beta regulatory T cell",IL21,cytokine,Negative,3,13.61
CL_0000092,osteoclast,TNF,cytokine,Negative,3,1.72
CL_0000138,chondrocyte,IFNG,cytokine,Negative,3,1.39
CL_0000218,myelinating Schwann cell,TNF,cell,Positive,3,3.82
CL_0000546,T-helper 2 cell,TGFB,cytokine,Positive,3,0.48
CL_0000092,osteoclast,CXCL8,cytokine,Positive,3,0.67
CL_0000556,megakaryocyte,IFNA,cytokine,Positive,3,2.83
CL_0000624,"CD4-positive, alpha-beta T cell",IL16,cell,Positive,3,6.55
CL_0000359,vascular associated smooth muscle cell,PDGF,cytokine,Positive,3,70.26
CL_0000771,eosinophil,TGFB,cytokine,Negative,3,2.35
CL_0000792,"CD4-positive, CD25-positive, alpha-beta regulatory T cell",TNF,cytokine,Unknown,3,0.48
CL_0000576,monocyte,CXCL12,cytokine,Positive,3,0.35
CL_0000738,leukocyte,CCL20,cytokine,Unknown,3,15.85
CL_0002619,adult endothelial progenitor cell,TNF,cytokine,Negative,3,12.53
CL_0000214,synovial cell,IL1,cell,Positive,3,4.43
CL_0002328,bronchial epithelial cell,CXCL8,cytokine,Unknown,3,14.56
CL_0000235,macrophage,IL33,cytokine,Unknown,3,1.36
CL_0000623,natural killer cell,IL1,cytokine,Unknown,3,0.79
CL_0000081,blood cell,CSF2,cytokine,Positive,3,18.33
CL_0002563,intestinal epithelial cell,IFNG,cytokine,Positive,3,1.23
CL_0000084,T cell,CCL22,cytokine,Positive,3,1.83
CL_0000775,neutrophil,IL1A,cytokine,Negative,3,5.21
CL_0000763,myeloid cell,CSF1,cytokine,Unknown,3,14.55
CL_0002139,endothelial cell of vascular tree,HGF,cytokine,Positive,3,31.49
CL_0000623,natural killer cell,IL33,cytokine,Positive,3,1.04
CL_0000138,chondrocyte,TGFB3,cytokine,Unknown,3,220.37
CL_0000775,neutrophil,IL4,cytokine,Positive,3,0.12
CL_0000792,"CD4-positive, CD25-positive, alpha-beta regulatory T cell",IL10,cytokine,Negative,3,2.04
CL_0000057,fibroblast,IFNB1,cytokine,Positive,3,1.27
CL_0000546,T-helper 2 cell,IL25,cytokine,Unknown,3,84.87
CL_0000625,"CD8-positive, alpha-beta T cell",IL21,cytokine,Negative,3,7.25
CL_0000815,regulatory T cell,IL17,cell,Positive,3,7.37
CL_0000127,astrocyte,CX3CL1,cell,Positive,3,16.34
CL_0000625,"CD8-positive, alpha-beta T cell",CCL2,cytokine,Negative,3,2.13
CL_0000547,proerythroblast,EPO,cytokine,Unknown,3,678.18
CL_0000545,T-helper 1 cell,IL21,cytokine,Positive,3,1.99
CL_0000792,"CD4-positive, CD25-positive, alpha-beta regulatory T cell",IL33,cytokine,Positive,3,2.14
CL_0000094,granulocyte,CXCL8,cytokine,Positive,3,1.36
CL_0000623,natural killer cell,IL6,cell,Positive,3,0.18
CL_0000233,platelet,FGF2,cytokine,Unknown,3,1.45
CL_0000235,macrophage,IL1RN,cytokine,Unknown,3,2.25
CL_0000127,astrocyte,IL33,cell,Positive,3,6.24
CL_0000624,"CD4-positive, alpha-beta T cell",CCL9,cytokine,Positive,3,10.98
CL_0000236,B cell,TGFB,cytokine,Positive,3,0.11
CL_0000232,erythrocyte,EPO,cytokine,Negative,3,77.26
CL_0002327,mammary epithelial cell,TGFB1,cytokine,Positive,3,6.46
CL_0000792,"CD4-positive, CD25-positive, alpha-beta regulatory T cell",IL12,cytokine,Unknown,3,1.86
CL_0000738,leukocyte,CCL5,cytokine,Positive,3,4.32
CL_0000092,osteoclast,IL6,cytokine,Negative,3,3.15
CL_0000148,melanocyte,FGF2,cytokine,Negative,3,38.58
CL_1000488,cholangiocyte,IL6,cytokine,Positive,3,13.35
CL_0000182,hepatocyte,TGF,cytokine,Unknown,3,48.44
CL_0000624,"CD4-positive, alpha-beta T cell",IL5,cytokine,Unknown,3,1.52
CL_0000312,keratinocyte,IL22,cytokine,Negative,3,34.51
CL_0000127,astrocyte,FGF2,cytokine,Positive,3,1.16
CL_0000322,pneumocyte,CSF2,cytokine,Positive,3,9.16
CL_0000066,epithelial cell,IL13,cytokine,Positive,3,2.47
CL_0000129,microglial cell,IL10,cytokine,Positive,3,0.47
CL_0000235,macrophage,IL2,cytokine,Positive,3,0.03
CL_0000136,fat cell,IL17A,cytokine,Positive,3,4.8
CL_0000669,pericyte cell,TGFB1,cytokine,Positive,3,7.32
CL_0000545,T-helper 1 cell,IL17,cytokine,Negative,3,7.54
CL_0000746,cardiac muscle cell,TGFB,cytokine,Positive,3,1.28
CL_0000893,thymocyte,IFNG,cytokine,Negative,3,1.9
CL_0000092,osteoclast,SPP1,cytokine,Negative,3,43.67
CL_0000557,granulocyte monocyte progenitor cell,IL4,cytokine,Negative,3,22.5
CL_0000129,microglial cell,TGFB1,cytokine,Negative,3,5.58
CL_0000091,Kupffer cell,IFNG,cytokine,Positive,3,0.79
CL_0000062,osteoblast,CSF2,cell,Positive,3,1.26
CL_0000115,endothelial cell,IL18,cytokine,Unknown,3,3.93
CL_0000624,"CD4-positive, alpha-beta T cell",IL12,cytokine,Negative,3,1.95
CL_0000127,astrocyte,IFNB1,cytokine,Positive,3,3.77
CL_0000540,neuron,IL6,cytokine,Negative,3,2.36
CL_0000545,T-helper 1 cell,IL6,cell,Positive,3,0.44
CL_0000115,endothelial cell,CSF2,cell,Positive,3,0.43
CL_0000584,enterocyte,CCL20,cell,Positive,3,163
CL_0000182,hepatocyte,IL1B,cytokine,Positive,3,0.63
CL_0000096,mature neutrophil,IL12,cell,Positive,3,7.2
CL_0000625,"CD8-positive, alpha-beta T cell",IL15,cytokine,Negative,3,5.27
CL_0000362,epidermal cell,EGF,cytokine,Positive,3,175.77
CL_0000576,monocyte,TGFB,cytokine,Negative,3,0.61
CL_0000890,alternatively activated macrophage,IL6,cell,Positive,3,4.93
CL_0000235,macrophage,LIF,cytokine,Positive,3,1.44
CL_0000815,regulatory T cell,TGFB,cytokine,Unknown,3,6.05
CL_0000084,T cell,IL27,cytokine,Positive,3,0.41
CL_0000624,"CD4-positive, alpha-beta T cell",IL13,cytokine,Unknown,3,3.19
CL_0000037,hematopoietic stem cell,IL6,cytokine,Unknown,3,2.82
CL_0000540,neuron,CXCL10,cell,Positive,3,8.86
CL_0000556,megakaryocyte,TGFB1,cytokine,Positive,3,1.57
CL_0000235,macrophage,IL27,cytokine,Positive,3,0.7
CL_0000057,fibroblast,GDF15,cell,Positive,3,4.64
CL_0000784,plasmacytoid dendritic cell,CCL4L2,cell,Positive,3,464.96
CL_0000362,epidermal cell,IL10,cell,Positive,3,9.5
CL_0000034,stem cell,HGF,cytokine,Positive,3,5.86
CL_0000650,mesangial cell,TNF,cytokine,Positive,3,0.92
CL_0000540,neuron,IL1,cytokine,Negative,3,4.3
CL_0000338,neuroblast (sensu Nematoda and Protostomia),FGF2,cytokine,Positive,3,37.63
CL_0000084,T cell,TNFSF15,cytokine,Positive,3,1.9
CL_0000216,Sertoli cell,IL6,cell,Positive,3,8.34
CL_0000218,myelinating Schwann cell,GDF15,cytokine,Positive,3,117.73
CL_0000542,lymphocyte,CSF3,cytokine,Unknown,2,0.58
CL_0000236,B cell,CXCL12,cytokine,Unknown,2,1.12
CL_0000129,microglial cell,CXCL12,cytokine,Unknown,2,5.45
CL_0000084,T cell,IL32,cytokine,Unknown,2,4.44
CL_0002092,bone marrow cell,EPO,cytokine,Positive,2,4.78
CL_0000623,natural killer cell,CCL2,cytokine,Positive,2,0.16
CL_0000738,leukocyte,PF4,cytokine,Positive,2,0.99
CL_0000910,cytotoxic T cell,CSF2,cytokine,Positive,2,1.5
CL_0000145,professional antigen presenting cell,PF4,cytokine,Unknown,2,56.53
CL_0000122,stellate cell,TGFB,cytokine,Unknown,2,31.61
CL_0000312,keratinocyte,CXCL12,cytokine,Positive,2,0.97
CL_0000115,endothelial cell,CXCL12,cytokine,Negative,2,4.45
CL_0000097,mast cell,IL4,cytokine,Negative,2,2.45
CL_0000056,myoblast,PPBP,cytokine,Positive,2,14.35
CL_0000813,memory T cell,IL7,cytokine,Unknown,2,30.27
CL_0000792,"CD4-positive, CD25-positive, alpha-beta regulatory T cell",IFNA,cytokine,Positive,2,0.46
CL_0000553,megakaryocyte progenitor cell,IL3,cytokine,Positive,2,135.28
CL_0000233,platelet,IL1B,cytokine,Negative,2,1.84
CL_0000187,muscle cell,IL1B,cytokine,Unknown,2,11.01
CL_0000077,mesothelial cell,TGFB1,cytokine,Unknown,2,23.3
CL_0000023,oocyte,IL2,cytokine,Positive,2,1.04
CL_0000125,glial cell,CCL2,cell,Positive,2,4.33
CL_0000169,type B pancreatic cell,IL1B,cytokine,Unknown,2,10.49
CL_0000909,"CD8-positive, alpha-beta memory T cell",IL7,cytokine,Unknown,2,56.59
CL_0000545,T-helper 1 cell,IL2,cytokine,Negative,2,0.87
CL_0002397,"CD14-positive, CD16-positive monocyte",TNF,cell,Positive,2,8.76
CL_0000235,macrophage,PPBP,cytokine,Unknown,2,1.35
CL_0000556,megakaryocyte,IL1,cytokine,Unknown,2,4.45
CL_0000542,lymphocyte,CXCL10,cytokine,Positive,2,1.04
CL_0000182,hepatocyte,IL1,cytokine,Positive,2,0.79
CL_0000824,mature natural killer cell,TGFB1,cytokine,Negative,2,8.92
CL_1000742,glomerular mesangial cell,TGFB,cytokine,Positive,2,21.68
CL_0000127,astrocyte,IL17A,cell,Positive,2,4.24
CL_0000037,hematopoietic stem cell,RETN,cytokine,Positive,2,8.44
CL_0000540,neuron,TGFA,cytokine,Positive,2,3.8
CL_0000910,cytotoxic T cell,IFNG,cytokine,Negative,2,2.62
CL_0000235,macrophage,EPO,cytokine,Unknown,2,0.57
CL_0000576,monocyte,IL34,cytokine,Positive,2,8.29
CL_0000798,gamma-delta T cell,TNF,cytokine,Unknown,2,3.9
CL_0000792,"CD4-positive, CD25-positive, alpha-beta regulatory T cell",TNFSF4,cytokine,Positive,2,11.21
CL_0002544,aortic endothelial cell,TGFB,cytokine,Positive,2,4.93
CL_0000650,mesangial cell,CX3CL1,cytokine,Positive,2,55.93
CL_0000540,neuron,FGF1,cytokine,Negative,2,48.56
CL_0000236,B cell,LTA,cytokine,Unknown,2,6.81
CL_0002327,mammary epithelial cell,IL6,cytokine,Unknown,2,10.08
CL_0000050,megakaryocyte-erythroid progenitor cell,THPO,cytokine,Positive,2,252.06
CL_0000557,granulocyte monocyte progenitor cell,IFNA,cytokine,Positive,2,3.15
CL_0000624,"CD4-positive, alpha-beta T cell",IL3,cell,Positive,2,0.79
CL_0000066,epithelial cell,CCL11,cell,Positive,2,4.45
CL_0000182,hepatocyte,CCL5,cell,Positive,2,13.4
CL_0000136,fat cell,TGFB1,cytokine,Negative,2,4.44
CL_0000624,"CD4-positive, alpha-beta T cell",IFNA,cytokine,Negative,2,1.67
CL_0000898,naive T cell,IFNG,cytokine,Unknown,2,2.04
CL_0000795,"CD8-positive, alpha-beta regulatory T cell",IL10,cell,Positive,2,36.43
CL_0000771,eosinophil,IL22,cytokine,Negative,2,12.68
CL_0000819,B-1 B cell,IL6,cytokine,Positive,2,4.45
CL_0000990,conventional dendritic cell,IFNG,cytokine,Negative,2,22.94
CL_0000137,osteocyte,CCL2,cell,Positive,2,17.87
CL_0000771,eosinophil,CCL24,cell,Positive,2,26.4
CL_0000542,lymphocyte,IL33,cell,Positive,2,1.07
CL_0000137,osteocyte,IL1B,cytokine,Positive,2,17.7
CL_0002038,T follicular helper cell,IL6,cytokine,Positive,2,8.16
CL_0000542,lymphocyte,IL5,cytokine,Unknown,2,1.12
CL_0000576,monocyte,CCL5,cytokine,Positive,2,1.3
CL_0000746,cardiac muscle cell,CSF3,cytokine,Unknown,2,5.25
CL_0000188,skeletal muscle cell,TNF,cytokine,Positive,2,6.68
CL_0000057,fibroblast,IL25,cell,Positive,2,5.18
CL_0002619,adult endothelial progenitor cell,CSF2,cytokine,Positive,2,3.77
CL_0000542,lymphocyte,CXCL13,cytokine,Unknown,2,6.97
CL_0000233,platelet,EPO,cytokine,Unknown,2,2.21
CL_0000775,neutrophil,CXCL10,cytokine,Positive,2,0.6
CL_0002368,respiratory epithelial cell,IFNG,cytokine,Unknown,2,2.26
CL_0000767,basophil,IL5,cytokine,Positive,2,2.44
CL_0000128,oligodendrocyte,PDGF,cytokine,Unknown,2,110.96
CL_0000351,trophoblast cell,TGFB,cytokine,Positive,2,4.34
CL_0000084,T cell,CX3CL1,cytokine,Negative,2,2.34
CL_0002328,bronchial epithelial cell,IL16,cell,Positive,2,91.67
CL_0000814,mature NK T cell,IL18,cytokine,Positive,2,14.26
CL_0000542,lymphocyte,CCL1,cytokine,Unknown,2,44.74
CL_0000066,epithelial cell,CCL26,cell,Positive,2,10.92
CL_0000182,hepatocyte,CSF3,cytokine,Positive,2,0.42
CL_0000047,neuronal stem cell,TGFB,cytokine,Unknown,2,14.59
CL_0000624,"CD4-positive, alpha-beta T cell",IFNB1,cytokine,Unknown,2,2.04
CL_0000023,oocyte,TGFB1,cytokine,Negative,2,22.46
CL_0000034,stem cell,IL1A,cytokine,Positive,2,2.88
CL_0000127,astrocyte,CXCL8,cell,Positive,2,1.26
CL_0000134,mesenchymal cell,FGF2,cytokine,Negative,2,9.33
CL_0000145,professional antigen presenting cell,CSF2,cytokine,Positive,2,2.95
CL_0000038,erythroid progenitor cell,EPO,cytokine,Negative,2,40.01
CL_0000576,monocyte,IL17,cytokine,Unknown,2,0.52
CL_0002563,intestinal epithelial cell,IL17A,cytokine,Positive,2,13.81
CL_0000625,"CD8-positive, alpha-beta T cell",CCL5,cytokine,Positive,2,2.52
CL_0000127,astrocyte,FGF2,cytokine,Unknown,2,2.7
CL_0000540,neuron,IL2,cell,Positive,2,0.16
CL_0000235,macrophage,CSF3,cytokine,Negative,2,0.48
CL_0000145,professional antigen presenting cell,IL10,cytokine,Negative,2,13.58
CL_0000576,monocyte,IL18,cytokine,Unknown,2,1.09
CL_0002563,intestinal epithelial cell,IL7,cell,Positive,2,9
CL_0000056,myoblast,FGF2,cytokine,Unknown,2,9.19
CL_0000137,osteocyte,TNFSF11,cell,Positive,2,769.39
CL_0000540,neuron,CSF2,cytokine,Negative,2,2.75
CL_0000236,B cell,IL3,cytokine,Positive,2,0.89
CL_0000746,cardiac muscle cell,EPO,cytokine,Unknown,2,14.24
CL_0000763,myeloid cell,CXCL8,cytokine,Positive,2,1.29
CL_0000094,granulocyte,IFNA,cytokine,Positive,2,1.44
CL_0000623,natural killer cell,IL7,cytokine,Positive,2,0.31
CL_0000129,microglial cell,IL10,cytokine,Unknown,2,1.1
CL_0002092,bone marrow cell,IL4,cytokine,Positive,2,1.1
CL_0000653,glomerular visceral epithelial cell,IL13,cytokine,Positive,2,9.94
CL_0000037,hematopoietic stem cell,TNF,cytokine,Unknown,2,1.03
CL_0000576,monocyte,PF4,cytokine,Unknown,2,1.55
CL_1001607,articular chondrocyte,FGF2,cytokine,Positive,2,9.41
CL_0000771,eosinophil,IL12,cytokine,Positive,2,0.22
CL_0000893,thymocyte,CXCL12,cytokine,Negative,2,16.6
CL_0000057,fibroblast,TGFB2,cytokine,Unknown,2,9.6
CL_0000214,synovial cell,TGFB1,cytokine,Negative,2,13.12
CL_0000138,chondrocyte,CSF1,cell,Positive,2,1.64
CL_0002404,fetal thymocyte,IL2,cytokine,Positive,2,8.98
CL_0000113,mononuclear phagocyte,IL1RN,cell,Positive,2,35.43
CL_0000034,stem cell,IL7,cytokine,Positive,2,1.24
CL_0000767,basophil,CCL3,cell,Positive,2,33.37
CL_0000037,hematopoietic stem cell,IL22,cytokine,Positive,2,16.04
CL_0000235,macrophage,CX3CL1,cytokine,Unknown,2,1.78
CL_0000642,folliculostellate cell,IL6,cell,Positive,2,48.17
CL_0002064,pancreatic acinar cell,TGFB,cytokine,Positive,2,12.05
CL_0000583,alveolar macrophage,TNF,cytokine,Negative,2,3.52
CL_0000813,memory T cell,IFNG,cytokine,Positive,2,0.87
CL_0000084,T cell,CCL5,cytokine,Negative,2,5.92
CL_0000138,chondrocyte,IL6,cytokine,Unknown,2,1.07
CL_0000542,lymphocyte,LTA,cytokine,Unknown,2,9.1
CL_0002620,skin fibroblast,TGFB1,cytokine,Negative,2,73
CL_0000763,myeloid cell,IL1,cytokine,Negative,2,11.02
CL_0000499,stromal cell,TNF,cytokine,Unknown,2,0.73
CL_0000556,megakaryocyte,PF4,cytokine,Negative,2,53.36
CL_0000542,lymphocyte,IFN1,cytokine,Unknown,2,3.68
CL_0000066,epithelial cell,IL15,cytokine,Positive,2,1.03
CL_0000129,microglial cell,IL12,cytokine,Positive,2,0.98
CL_0002092,bone marrow cell,KITLG,cytokine,Unknown,2,70.08
CL_0000235,macrophage,IL23,cytokine,Unknown,2,2.26
CL_0000057,fibroblast,FGF1,cytokine,Negative,2,20.75
CL_0000134,mesenchymal cell,TNF,cytokine,Unknown,2,0.97
CL_0000084,T cell,IL16,cytokine,Positive,2,0.67
CL_0000632,hepatic stellate cell,CCL4,cytokine,Positive,2,92.3
CL_0000034,stem cell,CXCL8,cytokine,Positive,2,0.55
CL_0000794,"CD8-positive, alpha-beta cytotoxic T cell",IL2,cytokine,Positive,2,1.54
CL_0000650,mesangial cell,TGFB,cytokine,Unknown,2,4.36
CL_0000545,T-helper 1 cell,IL17,cytokine,Positive,2,0.63
CL_0000775,neutrophil,PPBP,cytokine,Positive,2,0.62
CL_0000893,thymocyte,IFNG,cytokine,Positive,2,0.16
CL_0000792,"CD4-positive, CD25-positive, alpha-beta regulatory T cell",IL17A,cell,Positive,2,2.15
CL_0000557,granulocyte monocyte progenitor cell,IL6,cytokine,Negative,2,9.3
CL_0000623,natural killer cell,IL1B,cytokine,Positive,2,0.24
CL_0000451,dendritic cell,IFNB1,cytokine,Positive,2,2.5
CL_0000235,macrophage,IL17A,cytokine,Unknown,2,1.38
CL_0000312,keratinocyte,IL4,cytokine,Unknown,2,0.82
CL_0000115,endothelial cell,IL2,cytokine,Positive,2,0.06
CL_0000034,stem cell,LIF,cytokine,Positive,2,10.21
CL_0000738,leukocyte,IL9,cytokine,Positive,2,3.48
CL_0000037,hematopoietic stem cell,IL4,cytokine,Unknown,2,2.28
CL_0000793,"CD4-positive, alpha-beta intraepithelial T cell",TGFB,cytokine,Positive,2,5.16
CL_0000312,keratinocyte,CSF1,cell,Positive,2,2.09
CL_0000115,endothelial cell,CSF3,cytokine,Unknown,2,0.76
CL_0000912,helper T cell,IL12,cytokine,Unknown,2,8.15
CL_0000542,lymphocyte,TGF,cytokine,Positive,2,3.65
CL_0002231,epithelial cell of prostate,CCL2,cytokine,Positive,2,21.53
CL_0000763,myeloid cell,IL10,cytokine,Positive,2,0.77
CL_0000092,osteoclast,IL18,cytokine,Negative,2,14.06
CL_0002363,keratocyte,IL13,cytokine,Positive,2,33.26
CL_0000980,plasmablast,IL6,cytokine,Unknown,2,68.54
CL_0000178,Leydig cell,IL1,cell,Positive,2,18.78
CL_0000127,astrocyte,TGFA,cytokine,Positive,2,9.64
CL_0000023,oocyte,CSF3,cytokine,Unknown,2,12.83
CL_0000624,"CD4-positive, alpha-beta T cell",CXCL10,cytokine,Positive,2,0.95
CL_0000115,endothelial cell,IFNA,cytokine,Negative,2,2.41
CL_0000169,type B pancreatic cell,IFNG,cytokine,Unknown,2,2.08
CL_0000540,neuron,IFNG,cytokine,Negative,2,0.6
CL_0000771,eosinophil,IL17,cytokine,Unknown,2,1.19
CL_0000236,B cell,TNFSF4,cytokine,Positive,2,4.25
CL_0000051,common lymphoid progenitor,TNF,cytokine,Positive,2,26.72
CL_0000232,erythrocyte,IL2,cytokine,Unknown,2,2.36
CL_0000775,neutrophil,TGFB,cytokine,Unknown,2,0.19
CL_0000135,fibrocyte,CCL2,cytokine,Positive,2,6.92
CL_0000148,melanocyte,IL24,cytokine,Unknown,2,796.2
CL_0000084,T cell,CCL18,cytokine,Positive,2,3.66
CL_0000557,granulocyte monocyte progenitor cell,TNF,cytokine,Positive,2,0.64
CL_0000236,B cell,IL1A,cytokine,Unknown,2,1.99
CL_0000576,monocyte,CCL11,cytokine,Positive,2,0.44
CL_0000556,megakaryocyte,CSF2,cytokine,Unknown,2,4.28
CL_0000622,acinar cell,FGF2,cytokine,Positive,2,15.05
CL_0002138,endothelial cell of lymphatic vessel,TGFB,cytokine,Unknown,2,15.18
CL_0000556,megakaryocyte,CSF3,cytokine,Negative,2,10.86
CL_0000542,lymphocyte,CD40LG,cytokine,Negative,2,2.37
CL_0000129,microglial cell,CSF2,cytokine,Negative,2,4.34
CL_0000622,acinar cell,TGFB,cytokine,Unknown,2,25.29
CL_0000066,epithelial cell,GDF15,cytokine,Positive,2,5.24
CL_0000129,microglial cell,CX3CL1,cytokine,Unknown,2,27.12
CL_0000100,motor neuron,IL6,cytokine,Unknown,2,16.32
CL_0000115,endothelial cell,IL3,cytokine,Unknown,2,2.7
CL_0000034,stem cell,TGFB1,cytokine,Negative,2,3.88
CL_0000738,leukocyte,OSM,cell,Positive,2,15.1
CL_0000136,fat cell,CCL2,cytokine,Positive,2,0.74
CL_0000746,cardiac muscle cell,IL18,cytokine,Unknown,2,18.08
CL_0000763,myeloid cell,IL1B,cytokine,Positive,2,1.46
CL_0000057,fibroblast,PF4,cytokine,Positive,2,0.81
CL_0002619,adult endothelial progenitor cell,PDGF,cytokine,Positive,2,30.31
CL_0000129,microglial cell,IL23,cell,Positive,2,9.69
CL_0000084,T cell,PPBP,cytokine,Unknown,2,0.78
CL_0002476,bone marrow macrophage,IL12,cell,Positive,2,50.39
CL_1001319,bladder cell,TGFB1,cytokine,Unknown,2,25.63
CL_0000115,endothelial cell,IFNB1,cytokine,Positive,2,0.84
CL_0000738,leukocyte,IL1A,cytokine,Positive,2,0.91
CL_0000540,neuron,IL1,cytokine,Positive,2,0.36
CL_0000576,monocyte,IL12,cytokine,Negative,2,0.77
CL_0002322,embryonic stem cell,TGFB,cytokine,Positive,2,2.76
CL_0002144,capillary endothelial cell,FGF2,cytokine,Positive,2,75.25
CL_0000092,osteoclast,CXCL1,cytokine,Positive,2,7.72
CL_0002548,cardiac fibroblast,IL6,cytokine,Positive,2,5.76
CL_0000057,fibroblast,IL2,cytokine,Negative,2,0.37
CL_0000092,osteoclast,FGF2,cytokine,Negative,2,4.84
CL_0000499,stromal cell,LTA,cytokine,Unknown,2,40.59
CL_0000624,"CD4-positive, alpha-beta T cell",TNF,cytokine,Negative,2,0.34
CL_0002139,endothelial cell of vascular tree,FGF2,cytokine,Unknown,2,14.11
CL_0000623,natural killer cell,IL3,cytokine,Unknown,2,1.99
CL_0000625,"CD8-positive, alpha-beta T cell",LTA,cytokine,Positive,2,2.73
CL_0000066,epithelial cell,IFNA,cell,Positive,2,0.84
CL_0000182,hepatocyte,IL1,cytokine,Unknown,2,1.38
CL_0002368,respiratory epithelial cell,CXCL8,cytokine,Unknown,2,10.04
CL_0000235,macrophage,IL1A,cytokine,Unknown,2,0.95
CL_0000625,"CD8-positive, alpha-beta T cell",IFNA,cytokine,Negative,2,1.94
CL_0000910,cytotoxic T cell,IFNA,cytokine,Positive,2,2.32
CL_0000145,professional antigen presenting cell,TNFSF9,cytokine,Unknown,2,67.33
CL_0000576,monocyte,IL3,cytokine,Negative,2,2.55
CL_0000128,oligodendrocyte,IL1B,cytokine,Negative,2,23.16
CL_0000792,"CD4-positive, CD25-positive, alpha-beta regulatory T cell",TNF,cytokine,Positive,2,0.09
CL_0000763,myeloid cell,IL33,cell,Positive,2,9.45
CL_0000050,megakaryocyte-erythroid progenitor cell,IL3,cytokine,Positive,2,135.28
CL_0000129,microglial cell,IL4,cytokine,Negative,2,3.01
CL_0000916,dendritic epidermal T cell,IFNG,cell,Positive,2,20.69
CL_0000624,"CD4-positive, alpha-beta T cell",IL27,cytokine,Positive,2,1.19
CL_0000499,stromal cell,IL1,cytokine,Negative,2,5.55
CL_0000623,natural killer cell,IL1,cytokine,Positive,2,0.15
CL_0000136,fat cell,TGFB,cytokine,Unknown,2,1.44
CL_0000115,endothelial cell,IL1,cytokine,Negative,2,1.62
CL_0000738,leukocyte,IL1RN,cytokine,Unknown,2,5.04
CL_0000581,peritoneal macrophage,IFNG,cytokine,Unknown,2,1.19
CL_0000771,eosinophil,IL2,cytokine,Unknown,2,0.31
CL_0000819,B-1 B cell,IL5,cytokine,Positive,2,16.55
CL_0000540,neuron,IL13,cytokine,Unknown,2,5.4
CL_0002320,connective tissue cell,TGFB,cytokine,Positive,2,18.07
CL_0000826,pro-B cell,IL7,cytokine,Unknown,2,216.94
CL_0002563,intestinal epithelial cell,IL1,cytokine,Unknown,2,10.22
CL_0000775,neutrophil,TNFSF13B,cell,Positive,2,1.88
CL_0000514,smooth muscle myoblast,TNF,cytokine,Negative,2,32.78
CL_0000163,endocrine cell,IL6,cell,Positive,2,48.17
CL_0000092,osteoclast,TNFSF9,cytokine,Negative,2,35.88
CL_0000148,melanocyte,TGFB1,cytokine,Negative,2,16.69
CL_0000501,granulosa cell,IL6,cell,Positive,2,4.52
CL_0000540,neuron,CCL26,cytokine,Unknown,2,24.24
CL_0000135,fibrocyte,TGFB1,cytokine,Unknown,2,18.31
CL_0000738,leukocyte,CXCL6,cytokine,Unknown,2,53.72
CL_0002038,T follicular helper cell,IL21,cytokine,Positive,2,54.88
CL_0000082,epithelial cell of lung,CXCL8,cytokine,Positive,2,3.7
CL_0000499,stromal cell,PDGFB,cytokine,Positive,2,31.11
CL_0000542,lymphocyte,CXCL12,cytokine,Unknown,2,1.5
CL_0000236,B cell,CXCL8,cytokine,Unknown,2,0.38
CL_0000624,"CD4-positive, alpha-beta T cell",IL17A,cytokine,Unknown,2,2.34
CL_0000062,osteoblast,IL18,cytokine,Positive,2,2.18
CL_0000499,stromal cell,CCL2,cytokine,Positive,2,0.76
CL_0000653,glomerular visceral epithelial cell,CCL2,cytokine,Positive,2,2.52
CL_0000623,natural killer cell,CSF2,cytokine,Positive,2,0.14
CL_0000786,plasma cell,IFNA,cytokine,Unknown,2,15.94
CL_0000084,T cell,IL12B,cytokine,Negative,2,6.32
CL_0000836,promyelocyte,TGFB,cytokine,Unknown,2,47.42
CL_0000136,fat cell,FGF2,cytokine,Positive,2,0.86
CL_0000624,"CD4-positive, alpha-beta T cell",CCL3,cytokine,Positive,2,1.34
CL_0002539,aortic smooth muscle cell,CXCL16,cytokine,Unknown,2,3503.3
CL_0000650,mesangial cell,IFNG,cell,Positive,2,0.63
CL_0000236,B cell,SPP1,cytokine,Unknown,2,3.12
CL_0000912,helper T cell,IL4,cytokine,Positive,2,1.35
CL_0002327,mammary epithelial cell,TGFB,cytokine,Negative,2,25.42
CL_0002322,embryonic stem cell,FGF2,cytokine,Unknown,2,13.39
CL_0000541,melanoblast,KITLG,cytokine,Positive,2,540.69
CL_0000182,hepatocyte,OSM,cytokine,Positive,2,21.53
CL_0000160,goblet cell,IL17A,cytokine,Unknown,2,62.71
CL_1000490,mesothelial cell of peritoneum,TGFB1,cytokine,Positive,2,18.31
CL_0000081,blood cell,IL3,cytokine,Positive,2,48.31
CL_0000125,glial cell,IFNB1,cytokine,Positive,2,11.15
CL_0000738,leukocyte,IL21,cytokine,Unknown,2,2.42
CL_0000581,peritoneal macrophage,IL1,cytokine,Positive,2,1.08
CL_0000134,mesenchymal cell,EPO,cytokine,Unknown,2,9.37
CL_0000545,T-helper 1 cell,IL22,cytokine,Unknown,2,10.3
CL_0000019,sperm,IL1,cell,Positive,2,27.39
CL_0000893,thymocyte,IL7,cytokine,Negative,2,12.62
CL_0000115,endothelial cell,CCL2,cytokine,Negative,2,1.76
CL_0000576,monocyte,IL17A,cytokine,Positive,2,0.4
CL_0000019,sperm,TNF,cytokine,Negative,2,17.76
CL_0000738,leukocyte,FGF2,cytokine,Unknown,2,0.83
CL_0000501,granulosa cell,TGFB1,cytokine,Positive,2,4.58
CL_0000540,neuron,CSF1,cell,Positive,2,1.06
CL_0000911,effector T cell,IFNG,cytokine,Positive,2,0.54
CL_0000092,osteoclast,IL1,cytokine,Negative,2,3.82
CL_0000453,Langerhans cell,TNF,cytokine,Negative,2,15.78
CL_0002139,endothelial cell of vascular tree,IL1A,cytokine,Positive,2,15.49
CL_0000129,microglial cell,IL1,cytokine,Unknown,2,1.99
CL_0000057,fibroblast,CXCL8,cytokine,Positive,2,0.14
CL_0000115,endothelial cell,LECT1,cytokine,Negative,2,318.94
CL_0000127,astrocyte,IL4,cell,Positive,2,0.6
CL_0000624,"CD4-positive, alpha-beta T cell",CD40LG,cytokine,Negative,2,2.14
CL_0000586,germ cell,KITLG,cytokine,Unknown,2,420.49
CL_0000351,trophoblast cell,TNF,cytokine,Negative,2,25.57
CL_0000738,leukocyte,IL13,cytokine,Negative,2,6.41
CL_0002334,preadipocyte,RETN,cytokine,Positive,2,46.57
CL_0000890,alternatively activated macrophage,IL13,cytokine,Positive,2,17.39
CL_0000214,synovial cell,TGFB,cytokine,Unknown,2,4.26
CL_0000557,granulocyte monocyte progenitor cell,IL2,cytokine,Negative,2,5.12
CL_0000546,T-helper 2 cell,IL31,cytokine,Unknown,2,130.33
CL_0000814,mature NK T cell,IL21,cytokine,Unknown,2,50.1
CL_0002138,endothelial cell of lymphatic vessel,CXCL8,cytokine,Positive,2,6.65
CL_0000623,natural killer cell,IL17A,cytokine,Positive,2,0.71
CL_0000815,regulatory T cell,IL23,cytokine,Negative,2,174.84
CL_0000540,neuron,IL1RN,cell,Positive,2,4.07
CL_0000625,"CD8-positive, alpha-beta T cell",CSF2,cytokine,Negative,2,1.26
CL_0000038,erythroid progenitor cell,IL3,cytokine,Negative,2,52.37
CL_0000871,splenic macrophage,IL10,cell,Positive,2,9.11
CL_0000442,follicular dendritic cell,IL6,cell,Positive,2,20.64
CL_0000813,memory T cell,IFNG,cytokine,Unknown,2,3.04
CL_0000540,neuron,CSF3,cytokine,Unknown,2,1.34
CL_0000746,cardiac muscle cell,FGF2,cytokine,Negative,2,14.17
CL_0000911,effector T cell,IL15,cytokine,Negative,2,55.32
CL_0002139,endothelial cell of vascular tree,TNF,cytokine,Unknown,2,3.34
CL_0000094,granulocyte,IFNG,cytokine,Positive,2,0.3
CL_0000542,lymphocyte,FGF2,cytokine,Unknown,2,0.69
CL_0002368,respiratory epithelial cell,TGFB,cytokine,Unknown,2,6.54
CL_0000182,hepatocyte,IL18,cell,Positive,2,2.14
CL_0000235,macrophage,IL21,cytokine,Negative,2,1.64
CL_0000057,fibroblast,EPO,cell,Positive,2,0.66
CL_0000624,"CD4-positive, alpha-beta T cell",IL1RN,cytokine,Unknown,2,3.8
CL_0000115,endothelial cell,PDGF,cell,Positive,2,3.47
CL_0000134,mesenchymal cell,THPO,cell,Positive,2,9.64
CL_0000084,T cell,IL16,cytokine,Unknown,2,2.36
CL_1001319,bladder cell,CSF3,cytokine,Positive,2,9.53
CL_0000899,T-helper 17 cell,IFNG,cytokine,Unknown,2,0.57
CL_0000136,fat cell,IL1B,cytokine,Negative,2,8.59
CL_0000312,keratinocyte,IL10,cytokine,Unknown,2,0.68
CL_1001607,articular chondrocyte,IL18,cytokine,Positive,2,27.34
CL_0000037,hematopoietic stem cell,CCL2,cytokine,Unknown,2,3.73
CL_0000860,classical monocyte,CCL2,cytokine,Unknown,2,48.44
CL_0000746,cardiac muscle cell,TGFB1,cytokine,Unknown,2,4.04
CL_0000775,neutrophil,PF4,cytokine,Positive,2,0.71
CL_0000893,thymocyte,IFNG,cytokine,Unknown,2,0.56
CL_0000057,fibroblast,TGFB3,cytokine,Positive,2,11.61
CL_0000792,"CD4-positive, CD25-positive, alpha-beta regulatory T cell",IL17,cytokine,Positive,2,0.54
CL_0000738,leukocyte,CCL8,cytokine,Positive,2,61.4
CL_0000233,platelet,CCL4,cytokine,Unknown,2,10.24
CL_0000129,microglial cell,CCL5,cytokine,Positive,2,8.72
CL_0000084,T cell,IL22,cytokine,Unknown,2,0.92
CL_0000815,regulatory T cell,IL6,cytokine,Unknown,2,3.65
CL_0000034,stem cell,IL6,cytokine,Positive,2,0.33
CL_0000127,astrocyte,IFNG,cytokine,Negative,2,1.02
CL_0000767,basophil,CSF2,cytokine,Positive,2,1.15
CL_0000545,T-helper 1 cell,IL6,cytokine,Positive,2,0.2
CL_0000312,keratinocyte,CCL20,cell,Positive,2,12.56
CL_0000115,endothelial cell,CSF2,cytokine,Positive,2,0.29
CL_0000542,lymphocyte,MIF,cell,Positive,2,7.07
CL_0000576,monocyte,CSF3,cytokine,Negative,2,0.72
CL_0002224,lens epithelial cell,TGFB,cytokine,Positive,2,21.68
CL_0000084,T cell,IL9,cytokine,Positive,2,0.9
CL_0002368,respiratory epithelial cell,TNF,cytokine,Unknown,2,3.22
CL_0000235,macrophage,IL25,cell,Positive,2,1.88
CL_0000624,"CD4-positive, alpha-beta T cell",IL21,cytokine,Negative,2,4.17
CL_0000899,T-helper 17 cell,IL12,cytokine,Positive,2,0.89
CL_0000624,"CD4-positive, alpha-beta T cell",CX3CL1,cytokine,Positive,2,1.93
CL_0000312,keratinocyte,IL17,cytokine,Unknown,2,2.16
CL_0000034,stem cell,EPO,cytokine,Positive,2,1.72
CL_0000540,neuron,IFNB1,cytokine,Negative,2,11.83
CL_0000545,T-helper 1 cell,IL17A,cytokine,Positive,2,1.7
CL_0000099,interneuron,CXCL12,cytokine,Positive,2,69.91
CL_1000300,fibroblast of outer membrane of prostatic capsule,TGFB1,cytokine,Positive,2,48.83
CL_0000092,osteoclast,TGFB1,cytokine,Negative,2,3.14
CL_0000084,T cell,CCL11,cytokine,Unknown,2,0.59
CL_0000557,granulocyte monocyte progenitor cell,TNF,cytokine,Negative,2,5.07
CL_0000233,platelet,PPBP,cytokine,Negative,2,12
CL_0000542,lymphocyte,CCL5,cytokine,Positive,2,2.4
CL_0000129,microglial cell,CSF1,cytokine,Unknown,2,3.98
CL_0000899,T-helper 17 cell,IL6,cytokine,Negative,2,3.4
CL_0000556,megakaryocyte,CXCL12,cytokine,Positive,2,3.5
CL_0000066,epithelial cell,FGF2,cytokine,Unknown,2,1.7
CL_0000084,T cell,IL3,cytokine,Unknown,2,0.43
CL_0000115,endothelial cell,IL25,cytokine,Unknown,2,16.28
CL_0000359,vascular associated smooth muscle cell,IL1A,cytokine,Positive,2,29.57
CL_0000738,leukocyte,MIF,cytokine,Unknown,2,20.15
CL_0000134,mesenchymal cell,IL6,cytokine,Unknown,2,1.78
CL_0000097,mast cell,IL33,cytokine,Negative,2,17.12
CL_0000798,gamma-delta T cell,IL10,cell,Positive,2,3.04
CL_0000138,chondrocyte,TGFA,cytokine,Positive,2,5.87
CL_0002231,epithelial cell of prostate,TGFB,cytokine,Negative,2,96.05
CL_0000092,osteoclast,IL1A,cytokine,Unknown,2,8.16
CL_0000057,fibroblast,PDGFB,cytokine,Positive,2,6.86
CL_0000792,"CD4-positive, CD25-positive, alpha-beta regulatory T cell",CXCL12,cytokine,Unknown,2,2.96
CL_0000084,T cell,PF4,cytokine,Negative,2,1.35
CL_0000062,osteoblast,SPP1,cytokine,Positive,2,4.51
CL_0000178,Leydig cell,TGFB1,cytokine,Negative,2,83.43
CL_0000136,fat cell,IL6,cytokine,Positive,2,0.37
CL_0000624,"CD4-positive, alpha-beta T cell",CXCL13,cell,Positive,2,4
CL_0000909,"CD8-positive, alpha-beta memory T cell",IL15,cytokine,Unknown,2,72.83
CL_0000236,B cell,TNFSF9,cytokine,Unknown,2,2.56
CL_0000540,neuron,IL1,cytokine,Unknown,2,1.26
CL_0000097,mast cell,CSF2,cytokine,Positive,2,0.44
CL_0002322,embryonic stem cell,TGFB,cytokine,Negative,2,21.98
CL_0000135,fibrocyte,CXCL12,cytokine,Unknown,2,61.16
CL_0000092,osteoclast,TGFB2,cytokine,Positive,2,8.56
CL_0000235,macrophage,PDGF,cytokine,Positive,2,0.64
CL_0000216,Sertoli cell,KITLG,cell,Positive,2,122.75
CL_0002548,cardiac fibroblast,IL1B,cytokine,Positive,2,11.1
CL_0000499,stromal cell,IL7,cytokine,Unknown,2,5.08
CL_0000625,"CD8-positive, alpha-beta T cell",IFN1,cytokine,Unknown,2,5.79
CL_0000540,neuron,PDGF,cytokine,Positive,2,4.16
CL_0000145,professional antigen presenting cell,PF4,cytokine,Positive,2,16.15
CL_0000624,"CD4-positive, alpha-beta T cell",CCL17,cytokine,Positive,2,23.17
CL_0000798,gamma-delta T cell,IL7,cytokine,Unknown,2,27.12
CL_0000084,T cell,CSF1,cytokine,Unknown,2,0.23
CL_0000696,PP cell,IFNG,cell,Positive,2,18.39
CL_0000236,B cell,IL9,cytokine,Unknown,2,7.59
CL_0002293,epithelial cell of thymus,IL1,cell,Positive,2,56.35
CL_0000775,neutrophil,IL33,cytokine,Negative,2,4.96
CL_0000192,smooth muscle cell,IL10,cytokine,Negative,2,7.36
CL_0000792,"CD4-positive, CD25-positive, alpha-beta regulatory T cell",IFNB1,cytokine,Negative,2,10.14
CL_0000738,leukocyte,CCL20,cytokine,Negative,2,24.08
CL_0000214,synovial cell,IL1,cytokine,Unknown,2,7.01
CL_0000542,lymphocyte,IL1,cytokine,Negative,2,1.24
CL_0000129,microglial cell,IL33,cytokine,Positive,2,2.63
CL_0000057,fibroblast,IFNA,cytokine,Unknown,2,0.8
CL_0000546,T-helper 2 cell,IL1B,cytokine,Positive,2,0.56
CL_0000623,natural killer cell,IFNL3,cytokine,Positive,2,12.3
CL_0000047,neuronal stem cell,CXCL12,cytokine,Unknown,2,65.87
CL_0000899,T-helper 17 cell,IL1B,cytokine,Unknown,2,2.87
CL_0000034,stem cell,IFNG,cytokine,Positive,2,0.12
CL_0000134,mesenchymal cell,CSF2,cell,Positive,2,1.31
CL_0000819,B-1 B cell,IL5,cytokine,Negative,2,132.01
CL_0000540,neuron,IL10,cytokine,Positive,2,0.2
CL_0002320,connective tissue cell,PPBP,cytokine,Positive,2,205.62
CL_0000792,"CD4-positive, CD25-positive, alpha-beta regulatory T cell",IL23,cytokine,Positive,2,3.56
CL_0000542,lymphocyte,IL33,cytokine,Positive,2,0.72
CL_0000576,monocyte,CCL3,cytokine,Positive,2,0.8
CL_0000546,T-helper 2 cell,TNFSF4,cytokine,Unknown,2,67.58
CL_0002368,respiratory epithelial cell,CXCL9,cell,Positive,2,297.15
CL_0000312,keratinocyte,TGF,cytokine,Unknown,2,28.85
CL_0000653,glomerular visceral epithelial cell,CCL2,cytokine,Unknown,2,8.81
CL_0000623,natural killer cell,CSF2,cytokine,Unknown,2,0.5
CL_0000359,vascular associated smooth muscle cell,TGFB,cytokine,Positive,2,2.46
CL_0000136,fat cell,CXCL8,cytokine,Positive,2,0.63
CL_0000899,T-helper 17 cell,CCL20,cytokine,Negative,2,99.57
CL_0000128,oligodendrocyte,IL6,cytokine,Positive,2,1.51
CL_0000792,"CD4-positive, CD25-positive, alpha-beta regulatory T cell",TNFSF9,cytokine,Unknown,2,6.74
CL_0000669,pericyte cell,IL6,cell,Positive,2,4.82
CL_0000746,cardiac muscle cell,IL33,cytokine,Negative,2,77.83
CL_0000092,osteoclast,IL3,cytokine,Negative,2,14.5
CL_0000066,epithelial cell,IL4,cytokine,Positive,2,0.26
CL_0002328,bronchial epithelial cell,IFNG,cytokine,Positive,2,0.93
CL_0000740,retinal ganglion cell,TNF,cytokine,Positive,2,10.69
CL_0000182,hepatocyte,CCL9,cytokine,Unknown,2,71.39
CL_0000581,peritoneal macrophage,IL1,cytokine,Unknown,2,3.78
CL_0000492,CD4-positive helper T cell,IL2,cytokine,Unknown,2,18.86
CL_0000148,melanocyte,TNF,cytokine,Negative,2,6.09
CL_0000097,mast cell,IL10,cytokine,Positive,2,0.26
CL_0000771,eosinophil,CCL3,cytokine,Positive,2,1.83
CL_0000787,memory B cell,IL10,cell,Positive,2,21.86
CL_0000540,neuron,CD40LG,cytokine,Positive,2,0.68
CL_0000236,B cell,IL27,cytokine,Positive,2,0.98
CL_0000816,immature B cell,IL4,cytokine,Positive,2,47.41
CL_0000092,osteoclast,IFNG,cytokine,Unknown,2,0.35
CL_0000556,megakaryocyte,IL3,cytokine,Unknown,2,16.91
CL_0000066,epithelial cell,IL1,cytokine,Positive,2,0.38
CL_0002368,respiratory epithelial cell,IFNG,cytokine,Positive,2,0.64
CL_0000451,dendritic cell,IL2,cytokine,Unknown,2,0.64
CL_0000623,natural killer cell,CX3CL1,cytokine,Unknown,2,4.78
CL_0000653,glomerular visceral epithelial cell,EPO,cytokine,Negative,2,53.52
CL_0002622,prostate stromal cell,TGFB,cytokine,Unknown,2,47.42
CL_0000097,mast cell,PF4,cytokine,Positive,2,2.43
CL_0000056,myoblast,TNF,cytokine,Positive,2,0.62
CL_0000351,trophoblast cell,TGFB1,cytokine,Negative,2,46.72
CL_0000650,mesangial cell,IL1B,cytokine,Unknown,2,7.59
CL_0000232,erythrocyte,CXCL8,cytokine,Unknown,2,7.28
CL_0002319,neural cell,CXCL12,cytokine,Positive,2,32.62
CL_0000542,lymphocyte,IL13,cytokine,Positive,2,0.67
CL_0000233,platelet,IL35,cytokine,Unknown,2,26.7
CL_0000236,B cell,IL13,cytokine,Negative,2,4
CL_1000488,cholangiocyte,IL6,cytokine,Unknown,2,31.15
CL_0000700,dopaminergic neuron,CSF3,cytokine,Positive,2,10.03
CL_0000546,T-helper 2 cell,IL3,cytokine,Unknown,2,7.04
CL_0000066,epithelial cell,CSF1,cytokine,Unknown,2,2.7
CL_0000047,neuronal stem cell,TGFB,cell,Positive,2,6.15
CL_0000235,macrophage,IL12,cytokine,Negative,2,0.51
CL_0002629,mature microglial cell,IL10,cytokine,Negative,2,27.15
CL_0000034,stem cell,IL2,cytokine,Unknown,2,0.63
CL_0000898,naive T cell,IL12,cytokine,Unknown,2,11.2
CL_0000738,leukocyte,IL22,cell,Positive,2,2.27
CL_0000581,peritoneal macrophage,IL10,cytokine,Positive,2,0.9
CL_0000037,hematopoietic stem cell,IL10,cytokine,Unknown,2,1.9
CL_0000576,monocyte,IL17,cytokine,Positive,2,0.15
CL_0000625,"CD8-positive, alpha-beta T cell",CD40LG,cytokine,Unknown,2,1.09
CL_0000771,eosinophil,IL32,cytokine,Positive,2,11.45
CL_0000646,basal cell,TGFB,cytokine,Unknown,2,54.2
CL_0000145,professional antigen presenting cell,IL10,cytokine,Unknown,2,5.96
CL_0000038,erythroid progenitor cell,IL11,cytokine,Positive,2,27
CL_0000115,endothelial cell,CD40LG,cytokine,Unknown,2,1.35
CL_0000198,pain receptor cell,CCL2,cytokine,Positive,2,96.89
CL_0000322,pneumocyte,CSF2,cell,Positive,2,13.52
CL_0000746,cardiac muscle cell,EPO,cytokine,Positive,2,4.07
CL_0000057,fibroblast,IL6,cytokine,Negative,2,0.67
CL_0000792,"CD4-positive, CD25-positive, alpha-beta regulatory T cell",CCL20,cytokine,Unknown,2,17.36
CL_0002139,endothelial cell of vascular tree,TGFB1,cytokine,Unknown,2,9.15
CL_0000546,T-helper 2 cell,IL1,cytokine,Positive,2,0.53
CL_0000065,ependymal cell,FGF1,cell,Positive,2,1114.29
CL_0000235,macrophage,IFN1,cytokine,Unknown,2,1.31
CL_0000794,"CD8-positive, alpha-beta cytotoxic T cell",IL12,cytokine,Unknown,2,20.49
CL_0000540,neuron,HGF,cell,Positive,2,3.5
CL_0000771,eosinophil,IL13,cytokine,Negative,2,6.65
CL_0000236,B cell,TNF,cytokine,Negative,2,0.28
CL_0000775,neutrophil,MIF,cytokine,Positive,2,4.12
CL_0000792,"CD4-positive, CD25-positive, alpha-beta regulatory T cell",IL17,cytokine,Unknown,2,1.89
CL_0000092,osteoclast,LIF,cell,Positive,2,12.19
CL_0000148,melanocyte,HGF,cytokine,Unknown,2,58.78
CL_0000542,lymphocyte,IL17,cytokine,Unknown,2,0.96
CL_0000066,epithelial cell,TGF,cytokine,Negative,2,71.68
CL_0000182,hepatocyte,TGFB,cytokine,Negative,2,1.91
CL_0000101,sensory neuron,IL6,cytokine,Unknown,2,34.27
CL_0000499,stromal cell,IL1A,cytokine,Positive,2,3.39
CL_0000160,goblet cell,IL4,cytokine,Positive,2,3.78
CL_0000625,"CD8-positive, alpha-beta T cell",IL3,cell,Positive,2,0.92
CL_0000815,regulatory T cell,IL4,cytokine,Positive,2,1.26
CL_0001035,bone cell,TGFB1,cytokine,Unknown,2,42.72
CL_0000115,endothelial cell,IL18,cytokine,Negative,2,5.97
CL_0000062,osteoblast,CXCL12,cytokine,Unknown,2,5.69
CL_0000898,naive T cell,IL4,cytokine,Positive,2,1.85
CL_0000625,"CD8-positive, alpha-beta T cell",CSF3,cytokine,Negative,2,1.4
CL_0000127,astrocyte,IFNB1,cytokine,Unknown,2,8.79
CL_0000134,mesenchymal cell,IL17,cytokine,Positive,2,1.62
CL_0002097,cortical cell of adrenal gland,TGFB1,cytokine,Positive,2,20.93
CL_0000545,T-helper 1 cell,IL6,cytokine,Unknown,2,0.69
CL_0002496,intraepithelial lymphocyte,IFNG,cell,Positive,2,27.59
CL_0000097,mast cell,IL1B,cytokine,Positive,2,0.49
CL_0000082,epithelial cell of lung,TGFB1,cytokine,Positive,2,3.26
CL_0000746,cardiac muscle cell,GDF15,cytokine,Unknown,2,67.05
CL_0002620,skin fibroblast,TGFB1,cytokine,Positive,2,9.15
CL_0000057,fibroblast,IL7,cytokine,Positive,2,0.32
CL_0000542,lymphocyte,IFN1,cytokine,Positive,2,1.05
CL_0002092,bone marrow cell,TGFB,cytokine,Negative,2,8
CL_0000182,hepatocyte,IL1B,cytokine,Unknown,2,2.19
CL_0000451,dendritic cell,IL33,cytokine,Positive,2,2.8
CL_0000096,mature neutrophil,IL10,cytokine,Negative,2,12.5
CL_0000653,glomerular visceral epithelial cell,SPP1,cytokine,Unknown,2,61.72
CL_0000362,epidermal cell,CXCL8,cell,Positive,2,10.67
CL_0000115,endothelial cell,GDF15,cytokine,Positive,2,2.78
CL_0000844,germinal center B cell,IL21,cytokine,Unknown,2,288.1
CL_0000540,neuron,IFNA,cytokine,Unknown,2,1.86
CL_0000817,precursor B cell,CXCL12,cytokine,Positive,2,12.23
CL_0000232,erythrocyte,IL10,cytokine,Unknown,2,4.32
CL_0000775,neutrophil,RETN,cytokine,Unknown,2,2.7
CL_0000782,myeloid dendritic cell,IFN1,cytokine,Positive,2,52.17
CL_0000236,B cell,IL18,cytokine,Negative,2,3.43
CL_0000066,epithelial cell,CXCL8,cytokine,Unknown,2,1.25
CL_0002092,bone marrow cell,CSF2,cytokine,Negative,2,12.63
CL_0000815,regulatory T cell,TGFB1,cytokine,Positive,2,1.56
CL_0002092,bone marrow cell,CSF3,cytokine,Positive,2,1.77
CL_0000100,motor neuron,FGF2,cytokine,Unknown,2,37.62
CL_0000624,"CD4-positive, alpha-beta T cell",IL13,cytokine,Negative,2,7.26
CL_0000312,keratinocyte,IL4,cytokine,Positive,2,0.35
CL_0000824,mature natural killer cell,IL12,cytokine,Positive,2,2.35
CL_0000581,peritoneal macrophage,TNF,cytokine,Unknown,2,1.13
CL_0000134,mesenchymal cell,IL1B,cytokine,Positive,2,0.98
CL_0000128,oligodendrocyte,GDF15,cytokine,Unknown,2,131
CL_0000122,stellate cell,CCL4,cytokine,Positive,2,199.98
CL_0000059,ameloblast,TGFB1,cytokine,Unknown,2,192.23
CL_0000322,pneumocyte,TGFB,cytokine,Negative,2,30.87
CL_0000545,T-helper 1 cell,IFNA,cytokine,Negative,2,4.25
CL_0000556,megakaryocyte,TGFB1,cytokine,Unknown,2,3.66
CL_0000214,synovial cell,CSF2,cell,Positive,2,2.84
CL_0000182,hepatocyte,IL22,cytokine,Negative,2,25.75
CL_0000625,"CD8-positive, alpha-beta T cell",IL17,cytokine,Negative,2,2.29
CL_0000178,Leydig cell,PDGF,cytokine,Unknown,2,515.19
CL_0000127,astrocyte,TGFB,cytokine,Negative,2,2.95
CL_0000969,regulatory B cell,TGFB,cell,Positive,2,4.71
CL_0000844,germinal center B cell,IL4,cytokine,Positive,2,9.88
CL_0000788,naive B cell,IL2,cytokine,Positive,2,5.99
CL_0000169,type B pancreatic cell,IFNG,cytokine,Positive,2,0.59
CL_0000235,macrophage,CCL3,cytokine,Unknown,2,1.84
CL_0000775,neutrophil,TGFB,cytokine,Positive,2,0.05
CL_0000097,mast cell,CSF2,cytokine,Unknown,2,1.56
CL_0002322,embryonic stem cell,TDGF1P3,cytokine,Unknown,2,1731.86
CL_0000583,alveolar macrophage,CCL2,cell,Positive,2,2.36
CL_0000084,T cell,CCL19,cytokine,Positive,2,3.52
CL_0000235,macrophage,OSM,cytokine,Unknown,2,10.65
CL_0000499,stromal cell,IL4,cytokine,Positive,2,0.46
CL_0002138,endothelial cell of lymphatic vessel,TGFB1,cytokine,Positive,2,5.86
CL_0000625,"CD8-positive, alpha-beta T cell",IL6,cytokine,Negative,2,0.72
CL_0000542,lymphocyte,CD40LG,cytokine,Unknown,2,1.04
CL_0000499,stromal cell,IL6,cytokine,Positive,2,0.38
CL_0000094,granulocyte,CSF1,cytokine,Positive,2,1.94
CL_0000062,osteoblast,IL1,cytokine,Unknown,2,2.07
CL_0000115,endothelial cell,IL3,cytokine,Positive,2,0.77
CL_0000910,cytotoxic T cell,CSF2,cytokine,Unknown,2,5.25
CL_0000128,oligodendrocyte,IFNG,cytokine,Positive,2,0.86
CL_0000624,"CD4-positive, alpha-beta T cell",CCL1,cell,Positive,2,17.1
CL_0000374,trichogen cell,TNF,cytokine,Positive,2,8.91
CL_0002544,aortic endothelial cell,FGF2,cytokine,Unknown,2,35.91
CL_0000542,lymphocyte,TGFB1,cytokine,Unknown,2,0.45
CL_0000746,cardiac muscle cell,IL18,cytokine,Positive,2,7.75
CL_0000763,myeloid cell,IL2,cytokine,Negative,2,3.33
CL_0000792,"CD4-positive, CD25-positive, alpha-beta regulatory T cell",IFNA,cytokine,Unknown,2,1.6
CL_0000061,cementoblast,FGF2,cytokine,Unknown,2,71.82
CL_0000451,dendritic cell,TNF,cytokine,Unknown,2,0.63
CL_0002363,keratocyte,TGFB1,cytokine,Unknown,2,22.29
CL_0000178,Leydig cell,TNF,cytokine,Negative,2,30.44
CL_0000624,"CD4-positive, alpha-beta T cell",CXCL8,cell,Positive,2,0.19
CL_0000312,keratinocyte,IL18,cytokine,Positive,2,1.3
CL_0000023,oocyte,IL2,cell,Positive,2,2.29
CL_0000034,stem cell,IFNG,cytokine,Negative,2,0.99
CL_0000134,mesenchymal cell,CCL3,cytokine,Positive,2,8.73
CL_0000909,"CD8-positive, alpha-beta memory T cell",IL7,cytokine,Negative,2,128.95
CL_0000235,macrophage,CCL5,cytokine,Negative,2,6.83
CL_0000097,mast cell,CXCL8,cytokine,Unknown,2,1.51
CL_0000514,smooth muscle myoblast,IL6,cytokine,Negative,2,60.07
CL_0002322,embryonic stem cell,TGFB1,cytokine,Negative,2,19.8
CL_0000138,chondrocyte,IFNG,cytokine,Positive,2,0.12
CL_0000235,macrophage,PF4,cytokine,Positive,2,0.29
CL_0000216,Sertoli cell,TGFB,cytokine,Unknown,2,14.59
CL_0002608,hippocampal neuron,IL6,cytokine,Negative,2,41.1
CL_0000775,neutrophil,IL18,cytokine,Unknown,2,1.15
CL_0000624,"CD4-positive, alpha-beta T cell",TNF,cytokine,Unknown,2,0.15
CL_0000129,microglial cell,FGF2,cytokine,Positive,2,0.72
CL_0000182,hepatocyte,IL1,cell,Positive,2,0.58
CL_0002092,bone marrow cell,IL1,cytokine,Unknown,2,5.77
CL_0000624,"CD4-positive, alpha-beta T cell",IL17,cytokine,Negative,2,1.98
CL_0000034,stem cell,TNF,cytokine,Negative,2,1.42
CL_1000742,glomerular mesangial cell,TGFB,cell,Positive,2,31.99
CL_0000738,leukocyte,RETN,cytokine,Unknown,2,5.65
CL_0000134,mesenchymal cell,SPP1,cytokine,Unknown,2,24.62
CL_0000767,basophil,IL33,cytokine,Positive,2,8.32
CL_0000037,hematopoietic stem cell,RETN,cytokine,Unknown,2,29.55
CL_0000540,neuron,TGFA,cytokine,Unknown,2,13.29
CL_0000312,keratinocyte,EGF,cytokine,Negative,2,42.47
CL_0000236,B cell,LTA,cytokine,Negative,2,15.53
CL_0000138,chondrocyte,TGFB2,cytokine,Negative,2,79.12
CL_0000576,monocyte,CXCL8,cytokine,Negative,2,0.63
CL_0000763,myeloid cell,IL33,cytokine,Positive,2,6.41
CL_0002619,adult endothelial progenitor cell,TNF,cytokine,Positive,2,0.79
CL_0000233,platelet,IL2,cytokine,Unknown,2,0.23
CL_0000084,T cell,TGF,cytokine,Unknown,2,2.64
CL_0000057,fibroblast,IFNB1,cytokine,Negative,2,5.06
CL_0000899,T-helper 17 cell,IL1RN,cytokine,Positive,2,5.95
CL_0000624,"CD4-positive, alpha-beta T cell",IFN1,cytokine,Positive,2,0.95
CL_0000898,naive T cell,IFNA,cytokine,Positive,2,4.13
CL_0000738,leukocyte,IL1RN,cytokine,Positive,2,1.44
CL_0000545,T-helper 1 cell,IL21,cytokine,Negative,2,10.59
CL_0000514,smooth muscle myoblast,TNF,cytokine,Positive,2,4.11
CL_0000792,"CD4-positive, CD25-positive, alpha-beta regulatory T cell",IL27,cytokine,Unknown,2,9.05
CL_0000583,alveolar macrophage,IL1,cytokine,Positive,2,1.47
CL_0000188,skeletal muscle cell,TNF,cytokine,Negative,2,53.27
CL_0000763,myeloid cell,CSF2,cytokine,Negative,2,10.58
CL_0000556,megakaryocyte,IL1B,cytokine,Positive,2,1.35
CL_0000129,microglial cell,IFNG,cytokine,Negative,2,0.95
CL_0002368,respiratory epithelial cell,IFNG,cytokine,Negative,2,5.14
CL_0000451,dendritic cell,IL17,cytokine,Positive,2,1.06
CL_0000062,osteoblast,IL1B,cytokine,Negative,2,5
CL_0000096,mature neutrophil,CSF3,cytokine,Positive,2,3.03
CL_0000084,T cell,IL12B,cytokine,Unknown,2,2.77
CL_0000767,basophil,IL5,cytokine,Unknown,2,8.55
CL_0000128,oligodendrocyte,LIF,cytokine,Positive,2,47.28
CL_0000312,keratinocyte,IFNA,cytokine,Unknown,2,1.83
CL_0000669,pericyte cell,PDGFB,cytokine,Negative,2,2116.59
CL_0002539,aortic smooth muscle cell,PDGF,cytokine,Positive,2,294.43
CL_0000771,eosinophil,IL1,cytokine,Negative,2,1.55
CL_0002334,preadipocyte,IL1B,cytokine,Positive,2,5.72
CL_0000138,chondrocyte,TNF,cytokine,Negative,2,1.33
CL_0000890,alternatively activated macrophage,IL10,cytokine,Positive,2,2.24
CL_0000214,synovial cell,IL4,cytokine,Negative,2,10.62
CL_0000233,platelet,IL3,cytokine,Positive,2,0.82
CL_0000236,B cell,IL12B,cell,Positive,2,4.24
CL_0000499,stromal cell,IL11,cytokine,Positive,2,10.86
CL_0000160,goblet cell,IL18,cytokine,Negative,2,111.32
CL_0000047,neuronal stem cell,LIF,cytokine,Positive,2,118.21
CL_0000113,mononuclear phagocyte,CSF2,cell,Positive,2,4.43
CL_0000113,mononuclear phagocyte,IFNG,cell,Positive,2,0.97
CL_0000624,"CD4-positive, alpha-beta T cell",IFNB1,cytokine,Negative,2,4.66
CL_0000312,keratinocyte,IL2,cytokine,Positive,2,0.11
CL_0000115,endothelial cell,IL10,cytokine,Positive,2,0.11
CL_0000581,peritoneal macrophage,IL10,cytokine,Negative,2,4.77
CL_0000771,eosinophil,IL25,cytokine,Unknown,2,15.53
CL_0000145,professional antigen presenting cell,CSF2,cytokine,Unknown,2,10.32
CL_0000038,erythroid progenitor cell,CSF2,cell,Positive,2,2.45
CL_0000576,monocyte,IL17,cytokine,Negative,2,1.18
CL_0002563,intestinal epithelial cell,IL15,cytokine,Positive,2,7.85
CL_0000132,corneal endothelial cell,TGFB,cytokine,Unknown,2,63.23
CL_0000145,professional antigen presenting cell,IFNG,cytokine,Unknown,2,2.26
CL_0000019,sperm,TNF,cytokine,Unknown,2,7.79
CL_0000792,"CD4-positive, CD25-positive, alpha-beta regulatory T cell",IL4,cytokine,Positive,2,0.2
CL_0000738,leukocyte,FGF2,cytokine,Positive,2,0.24
CL_0000501,granulosa cell,TNF,cytokine,Positive,2,1.67
CL_0000576,monocyte,CD40LG,cytokine,Positive,2,0.16
CL_0000763,myeloid cell,CXCL12,cytokine,Negative,2,30.25
CL_0000624,"CD4-positive, alpha-beta T cell",XCL1,cytokine,Positive,2,13.9
CL_0000453,Langerhans cell,TNF,cytokine,Unknown,2,6.93
CL_0002139,endothelial cell of vascular tree,IL6,cell,Positive,2,3.87
CL_0000233,platelet,FGF2,cytokine,Positive,2,0.28
CL_0000066,epithelial cell,IL11,cytokine,Unknown,2,20.97
CL_0000129,microglial cell,IL10,cytokine,Negative,2,2.51
CL_0002368,respiratory epithelial cell,IL17A,cytokine,Unknown,2,50.82
CL_0000115,endothelial cell,LECT1,cytokine,Positive,2,40
CL_0000786,plasma cell,IL1B,cell,Positive,2,4.8
CL_0000127,astrocyte,IL6,cytokine,Negative,2,2.67
CL_0000037,hematopoietic stem cell,TNF,cytokine,Negative,2,2.34
CL_0000540,neuron,TGFB2,cytokine,Positive,2,6.42
CL_0000235,macrophage,HGF,cell,Positive,2,0.54
CL_0000128,oligodendrocyte,TGFB,cytokine,Positive,2,1.67
CL_0000136,fat cell,IL15,cytokine,Negative,2,14.51
CL_0002418,hemangioblast,FGF2,cytokine,Positive,2,75.25
CL_0000192,smooth muscle cell,PDGFA,cytokine,Unknown,2,381.98
CL_0000763,myeloid cell,TGFB1,cytokine,Negative,2,9.05
CL_0000595,enucleate erythrocyte,TGFB,cytokine,Negative,2,17.64
CL_0000557,granulocyte monocyte progenitor cell,IL2,cytokine,Positive,2,0.64
CL_0000084,T cell,TGFB2,cytokine,Unknown,2,2.02
CL_1000488,cholangiocyte,TGFB1,cell,Positive,2,19.65
CL_0000091,Kupffer cell,CSF1,cytokine,Positive,2,5.04
CL_0002138,endothelial cell of lymphatic vessel,FGF2,cytokine,Unknown,2,31.6
CL_0000542,lymphocyte,CCL2,cytokine,Unknown,2,0.59
CL_0000182,hepatocyte,CXCL10,cytokine,Positive,2,2.64
CL_0000113,mononuclear phagocyte,IL1B,cell,Positive,2,4.89
CL_0000898,naive T cell,IL15,cytokine,Positive,2,7.48
CL_0000898,naive T cell,IL4,cytokine,Unknown,2,6.48
CL_0000767,basophil,CCL3,cytokine,Unknown,2,39.56
CL_0000038,erythroid progenitor cell,IL3,cytokine,Unknown,2,22.98
CL_0000442,follicular dendritic cell,LTA,cytokine,Unknown,2,1484.45
CL_0000322,pneumocyte,CXCL8,cell,Positive,2,8.77
CL_0000545,T-helper 1 cell,CD40LG,cytokine,Positive,2,0.68
CL_0000082,epithelial cell of lung,TGFB,cytokine,Positive,2,2.41
CL_0000775,neutrophil,IL2,cytokine,Unknown,2,0.09
CL_0000499,stromal cell,CXCL16,cell,Positive,2,60.59
CL_0000653,glomerular visceral epithelial cell,IL6,cytokine,Unknown,2,4.45
CL_0000127,astrocyte,LIF,cytokine,Positive,2,10.49
CL_0000910,cytotoxic T cell,IL18,cytokine,Positive,2,5.76
CL_0000235,macrophage,IFNA,cytokine,Negative,2,0.66
CL_0000969,regulatory B cell,CD40LG,cytokine,Positive,2,9.97
CL_0000136,fat cell,IL1B,cytokine,Unknown,2,2.51
CL_0000586,germ cell,TNF,cell,Positive,2,4.38
CL_0000794,"CD8-positive, alpha-beta cytotoxic T cell",IL2,cell,Positive,2,2.27
CL_0000540,neuron,IFN1,cytokine,Positive,2,2.42
CL_0000771,eosinophil,IL15,cytokine,Positive,2,0.52
CL_0000775,neutrophil,PPBP,cytokine,Unknown,2,2.17
CL_0000792,"CD4-positive, CD25-positive, alpha-beta regulatory T cell",IL17A,cytokine,Unknown,2,5.09
CL_0000557,granulocyte monocyte progenitor cell,IL4,cytokine,Positive,2,1.41
CL_0000057,fibroblast,IL13,cytokine,Negative,2,5.25
CL_0000129,microglial cell,CCL6,cell,Positive,2,22.25
CL_0000057,fibroblast,CCL2,cytokine,Unknown,2,0.58
CL_0000062,osteoblast,CSF3,cytokine,Unknown,2,2.22
CL_0000034,stem cell,IL7,cytokine,Unknown,2,4.32
CL_0000100,motor neuron,CSF3,cytokine,Positive,2,13.62
CL_0000115,endothelial cell,IL2,cytokine,Unknown,2,0.22
CL_0000824,mature natural killer cell,IFNG,cytokine,Unknown,2,1
CL_0000125,glial cell,IL33,cytokine,Positive,2,12.52
CL_0000625,"CD8-positive, alpha-beta T cell",CXCL10,cytokine,Positive,2,1.1
CL_0000767,basophil,CXCL8,cytokine,Negative,2,8.9
CL_0000038,erythroid progenitor cell,KITLG,cytokine,Positive,2,21
CL_0000545,T-helper 1 cell,IL7,cytokine,Positive,2,0.75
CL_0000115,endothelial cell,CSF3,cytokine,Negative,2,1.74
CL_0000771,eosinophil,CSF3,cytokine,Positive,2,0.21
CL_0000813,memory T cell,IL15,cytokine,Positive,2,11.13
CL_0000138,chondrocyte,IL7,cytokine,Positive,2,1.74
CL_0000082,epithelial cell of lung,TNF,cytokine,Positive,2,1.19
CL_0000092,osteoclast,IL17A,cytokine,Negative,2,18.05
CL_0000057,fibroblast,PDGFA,cell,Positive,2,14.84
CL_0002619,adult endothelial progenitor cell,FGF2,cytokine,Unknown,2,11.62
CL_0000233,platelet,IL10,cytokine,Unknown,2,0.42
CL_0000066,epithelial cell,IL1A,cytokine,Positive,2,1.87
CL_0002363,keratocyte,IFNG,cytokine,Positive,2,1.63
CL_0000980,plasmablast,IL6,cytokine,Positive,2,19.58
CL_0000077,mesothelial cell,CXCL8,cell,Positive,2,16.74
CL_0000136,fat cell,IL4,cytokine,Positive,2,0.45
CL_0000624,"CD4-positive, alpha-beta T cell",CXCL10,cytokine,Unknown,2,3.31
CL_0000738,leukocyte,IL17A,cytokine,Positive,2,0.89
CL_0000771,eosinophil,IL17,cytokine,Negative,2,2.72
CL_0000817,precursor B cell,IL3,cytokine,Positive,2,16.91
CL_0000545,T-helper 1 cell,IL18,cytokine,Negative,2,10.55
CL_0000775,neutrophil,TGFB,cytokine,Negative,2,0.43
CL_0000192,smooth muscle cell,TGFB1,cytokine,Positive,2,1.37
CL_0000557,granulocyte monocyte progenitor cell,TNF,cytokine,Unknown,2,2.23
CL_0000700,dopaminergic neuron,TNF,cytokine,Positive,2,2.81
CL_0000235,macrophage,MIF,cytokine,Unknown,2,5.99
CL_0000057,fibroblast,IL17A,cytokine,Positive,2,0.73
CL_0000092,osteoclast,CSF2,cytokine,Negative,2,3.67
CL_0000556,megakaryocyte,CSF2,cytokine,Positive,2,1.22
CL_0000160,goblet cell,TNF,cytokine,Positive,2,1.14
CL_0000236,B cell,CSF2,cytokine,Unknown,2,0.39
CL_0000084,T cell,IL25,cytokine,Negative,2,5.88
CL_0000182,hepatocyte,FGF2,cytokine,Positive,2,0.5
CL_0000775,neutrophil,CCL7,cytokine,Positive,2,5.87
CL_0000624,"CD4-positive, alpha-beta T cell",TGFB,cytokine,Unknown,2,0.3
CL_0000625,"CD8-positive, alpha-beta T cell",IL6,cytokine,Positive,2,0.09
CL_0000066,epithelial cell,FGF2,cytokine,Positive,2,0.49
CL_0000129,microglial cell,CX3CL1,cytokine,Negative,2,41.19
CL_0000182,hepatocyte,IFNG,cytokine,Negative,2,0.66
CL_0000057,fibroblast,CSF1,cytokine,Unknown,2,1.08
CL_0000125,glial cell,TGFB2,cell,Positive,2,71.22
CL_0000771,eosinophil,IL9,cytokine,Unknown,2,12.6
CL_0000235,macrophage,CXCL13,cell,Positive,2,1.57
CL_0000145,professional antigen presenting cell,IL6,cytokine,Unknown,2,5.91
CL_0000097,mast cell,IL33,cytokine,Unknown,2,7.51
CL_0000798,gamma-delta T cell,IL15,cytokine,Positive,2,14.96
CL_0000792,"CD4-positive, CD25-positive, alpha-beta regulatory T cell",TGFB1,cytokine,Negative,2,2.02
CL_0002231,epithelial cell of prostate,TGFB1,cytokine,Unknown,2,56.96
CL_0000545,T-helper 1 cell,IFNB1,cytokine,Negative,2,11.83
CL_0000911,effector T cell,TGFB,cytokine,Unknown,2,5.5
CL_0000192,smooth muscle cell,IFNG,cytokine,Negative,2,2.79
CL_0000233,platelet,IL17A,cytokine,Positive,2,1.03
CL_0000775,neutrophil,EPO,cytokine,Positive,2,0.26
CL_0000182,hepatocyte,IL27,cytokine,Positive,2,3.31
CL_0002363,keratocyte,TGFB,cytokine,Unknown,2,16.49
CL_1001319,bladder cell,TGFB,cytokine,Positive,2,5.42
CL_0000127,astrocyte,CCL2,cytokine,Unknown,2,2.31
CL_0000909,"CD8-positive, alpha-beta memory T cell",IL15,cytokine,Positive,2,20.81
CL_0000771,eosinophil,IL17A,cytokine,Positive,2,0.92
CL_0000819,B-1 B cell,CXCL13,cytokine,Unknown,2,361.91
CL_0000775,neutrophil,TGFB1,cytokine,Positive,2,0.11
CL_0000135,fibrocyte,CXCL12,cytokine,Positive,2,26.21
CL_0000782,myeloid dendritic cell,TNF,cell,Positive,2,3.43
CL_0000771,eosinophil,CCL2,cytokine,Negative,2,1.68
CL_0000233,platelet,TGFB,cytokine,Unknown,2,0.46
CL_0000499,stromal cell,IL6,cytokine,Unknown,2,2.01
CL_0002608,hippocampal neuron,IL2,cytokine,Positive,2,2.84
CL_0000913,"effector memory CD8-positive, alpha-beta T cell",IL15,cytokine,Positive,2,239.32
CL_0000057,fibroblast,IL1RN,cytokine,Negative,2,9.4
CL_0000453,Langerhans cell,CSF2,cytokine,Unknown,2,22.17
CL_0000623,natural killer cell,IL27,cytokine,Positive,2,1.26
CL_0000182,hepatocyte,IL1,cytokine,Negative,2,3.14
CL_0002092,bone marrow cell,IFNA,cell,Positive,2,3.61
CL_0000100,motor neuron,TGFB1,cytokine,Positive,2,6.98
CL_0000034,stem cell,THPO,cytokine,Unknown,2,14.65
CL_0000545,T-helper 1 cell,TNF,cytokine,Unknown,2,0.38
CL_0000912,helper T cell,IL22,cell,Positive,2,24.48
CL_0002293,epithelial cell of thymus,IL7,cell,Positive,2,78.41
CL_0000746,cardiac muscle cell,IL1B,cytokine,Positive,2,1.49
CL_0000863,inflammatory macrophage,CCL2,cytokine,Positive,2,5.7
CL_0002327,mammary epithelial cell,EGF,cytokine,Positive,2,79.27
CL_0000584,enterocyte,IL6,cytokine,Unknown,2,8.79
CL_0000236,B cell,IL11,cytokine,Positive,2,1.82
CL_0000775,neutrophil,HGF,cell,Positive,2,0.87
CL_0000499,stromal cell,IFNG,cytokine,Positive,2,0.15
CL_0000160,goblet cell,IFNG,cytokine,Positive,2,0.8
CL_0000047,neuronal stem cell,EGF,cytokine,Positive,2,103.66
CL_0000125,glial cell,CXCL12,cytokine,Positive,2,7.41
CL_0000826,pro-B cell,IL7,cytokine,Negative,2,494.32
CL_0000893,thymocyte,IL4,cytokine,Unknown,2,1.77
CL_0000148,melanocyte,TGFB,cytokine,Positive,2,1.55
CL_0000233,platelet,TGFB1,cytokine,Positive,2,0.18
CL_0000542,lymphocyte,IL4,cytokine,Negative,2,0.83
CL_0000233,platelet,TNF,cytokine,Negative,2,0.52
CL_0000453,Langerhans cell,IL10,cell,Positive,2,5.4
CL_0000624,"CD4-positive, alpha-beta T cell",TNFSF15,cytokine,Positive,2,8.34
CL_0000236,B cell,CXCL8,cytokine,Negative,2,1.3
CL_0000546,T-helper 2 cell,CSF2,cytokine,Unknown,2,1.78
CL_0002092,bone marrow cell,IL12,cytokine,Unknown,2,6.64
CL_0000048,multi fate stem cell,FGF2,cytokine,Unknown,2,197.51
CL_0000312,keratinocyte,TGFA,cytokine,Unknown,2,13.03
CL_0000115,endothelial cell,IL4,cytokine,Positive,2,0.14
CL_0000499,stromal cell,CCL2,cell,Positive,2,1.12
CL_0000134,mesenchymal cell,TGFB,cytokine,Negative,2,4.48
CL_0000235,macrophage,FGF1,cell,Positive,2,1.39
CL_0000899,T-helper 17 cell,CCL20,cytokine,Unknown,2,43.7
CL_0000128,oligodendrocyte,LIF,cytokine,Negative,2,377.04
CL_0000034,stem cell,CCL3,cytokine,Positive,2,5.6
CL_0000097,mast cell,IL9,cytokine,Unknown,2,30.05
CL_0000056,myoblast,TGFB1,cytokine,Unknown,2,5.96
CL_0000669,pericyte cell,PDGF,cytokine,Unknown,2,240.42
CL_0000084,T cell,CSF3,cytokine,Negative,2,0.28
CL_0000746,cardiac muscle cell,IL33,cytokine,Positive,2,6.51
CL_0000863,inflammatory macrophage,IFNB1,cytokine,Positive,2,21.65
CL_0000092,osteoclast,IL3,cytokine,Unknown,2,6.36
CL_0000890,alternatively activated macrophage,IL10,cytokine,Unknown,2,7.85
CL_0000061,cementoblast,TNF,cytokine,Positive,2,4.86
CL_0000129,microglial cell,IL6,cytokine,Unknown,2,1.09
CL_0000775,neutrophil,IFNB1,cytokine,Negative,2,2.95
CL_0002328,bronchial epithelial cell,IL10,cell,Positive,2,2.43
CL_0000814,mature NK T cell,IL15,cytokine,Unknown,2,36.41
CL_0000066,epithelial cell,CCL2,cytokine,Positive,2,0.42
CL_0000084,T cell,IL1RN,cytokine,Unknown,2,0.87
CL_0000899,T-helper 17 cell,IL2,cytokine,Positive,2,0.23
CL_0000136,fat cell,TGFB1,cytokine,Positive,2,0.56
CL_0000624,"CD4-positive, alpha-beta T cell",IFNA,cytokine,Positive,2,0.21
CL_0000115,endothelial cell,IL10,cytokine,Negative,2,1.35
CL_0000034,stem cell,IL12,cytokine,Positive,2,0.68
CL_0000169,type B pancreatic cell,TNF,cytokine,Unknown,2,2.97
CL_0000134,mesenchymal cell,CXCL12,cytokine,Positive,2,5.07
CL_0000084,T cell,GDF15,cytokine,Negative,2,3.51
CL_0000037,hematopoietic stem cell,IFNG,cytokine,Unknown,2,0.72
CL_0000540,neuron,IL18,cytokine,Unknown,2,4.63
CL_0000990,conventional dendritic cell,IL10,cell,Positive,2,11.21
CL_0000056,myoblast,CSF1,cell,Positive,2,6.13
CL_0000583,alveolar macrophage,IL12,cell,Positive,2,2.5
CL_0000540,neuron,CSF1,cytokine,Unknown,2,2.52
CL_0000236,B cell,IL3,cytokine,Negative,2,3.54
CL_0000138,chondrocyte,IL1A,cell,Positive,2,5.98
CL_0000057,fibroblast,IL33,cell,Positive,2,1.58
CL_0000624,"CD4-positive, alpha-beta T cell",TNFSF9,cytokine,Unknown,2,3.1
CL_0002619,adult endothelial progenitor cell,CSF3,cytokine,Unknown,2,9.81
CL_0002139,endothelial cell of vascular tree,IL1A,cytokine,Unknown,2,54.2
CL_0000542,lymphocyte,CXCL8,cytokine,Negative,2,1.16
CL_0000066,epithelial cell,IL10,cytokine,Unknown,2,0.74
CL_0000775,neutrophil,CXCL12,cytokine,Positive,2,0.37
CL_0002368,respiratory epithelial cell,IL13,cytokine,Unknown,2,46.16
CL_0002092,bone marrow cell,IL3,cytokine,Negative,2,49.94
CL_0000647,multinucleated giant cell,IFNG,cytokine,Unknown,2,13.09
CL_0000624,"CD4-positive, alpha-beta T cell",IL18,cytokine,Unknown,2,1.82
CL_0002543,vein endothelial cell,FGF2,cytokine,Positive,2,20.52
CL_0000786,plasma cell,IL10,cytokine,Unknown,2,5.96
CL_0000653,glomerular visceral epithelial cell,EPO,cytokine,Positive,2,6.71
CL_0000084,T cell,IL13,cytokine,Positive,2,0.14
CL_0000136,fat cell,IL1,cytokine,Negative,2,5.4
CL_0000115,endothelial cell,EPO,cytokine,Unknown,2,2.06
CL_0000097,mast cell,TGFB,cytokine,Negative,2,2.25
CL_0000351,trophoblast cell,TGFB1,cytokine,Positive,2,5.86
CL_0000650,mesangial cell,IL1B,cell,Positive,2,3.2
CL_0002334,preadipocyte,RETN,cytokine,Negative,2,371.33
CL_0002328,bronchial epithelial cell,IL17,cytokine,Positive,2,7.82
CL_0000160,goblet cell,IL33,cytokine,Negative,2,140.2
CL_0001035,bone cell,IL6,cytokine,Positive,2,8.16
CL_0000738,leukocyte,IL3,cytokine,Unknown,2,2.49
CL_0000127,astrocyte,EPO,cell,Positive,2,2.6
CL_0000646,basal cell,TGFB1,cytokine,Unknown,2,73.23
CL_0000037,hematopoietic stem cell,IL1B,cytokine,Positive,2,1.04
CL_0000540,neuron,IL3,cell,Positive,2,2.01
CL_0000097,mast cell,IL15,cytokine,Positive,2,1.24
CL_0000583,alveolar macrophage,IL33,cytokine,Unknown,2,23.9
CL_0000771,eosinophil,CD40LG,cytokine,Unknown,2,1.29
CL_0000813,memory T cell,IFNA,cytokine,Positive,2,6.14
CL_0000084,T cell,CCL4,cytokine,Unknown,2,1.52
CL_0000082,epithelial cell of lung,TGFB,cytokine,Negative,2,19.21
CL_0000556,megakaryocyte,IL6,cytokine,Unknown,2,2.45
CL_0000233,platelet,IFNA,cytokine,Negative,2,2.57
CL_0000647,multinucleated giant cell,IL4,cytokine,Unknown,2,41.48
CL_0000624,"CD4-positive, alpha-beta T cell",IL1B,cytokine,Positive,2,0.15
CL_0000312,keratinocyte,TGFB2,cytokine,Positive,2,6.29
CL_0000653,glomerular visceral epithelial cell,IL1B,cytokine,Positive,2,2.45
CL_1001319,bladder cell,CSF2,cell,Positive,2,12.62
CL_0000624,"CD4-positive, alpha-beta T cell",CSF1,cytokine,Negative,2,2.26
CL_0000794,"CD8-positive, alpha-beta cytotoxic T cell",IL12,cytokine,Positive,2,5.85
CL_1001607,articular chondrocyte,IL1,cytokine,Positive,2,7.43
CL_0000650,mesangial cell,IL6,cytokine,Positive,2,1.13
CL_0000860,classical monocyte,CCL2,cytokine,Negative,2,110.38
CL_0002322,embryonic stem cell,IL1B,cytokine,Positive,2,3.2
CL_0000214,synovial cell,TNF,cytokine,Negative,2,4.79
CL_0000138,chondrocyte,CXCL12,cytokine,Negative,2,18.23
CL_0000057,fibroblast,IL10,cytokine,Positive,2,0.09
CL_0000499,stromal cell,IL1B,cytokine,Negative,2,5.88
CL_0000542,lymphocyte,CCL20,cytokine,Positive,2,2.51
CL_0000066,epithelial cell,CXCL12,cytokine,Unknown,2,3.69
CL_0000898,naive T cell,IL2,cytokine,Positive,2,0.84
CL_0000738,leukocyte,IL33,cytokine,Positive,2,0.87
CL_0000312,keratinocyte,IL36G,cytokine,Positive,2,115.41
CL_0000034,stem cell,KITLG,cell,Positive,2,10.6
CL_0000767,basophil,CSF2,cytokine,Unknown,2,4.02
CL_0000312,keratinocyte,CCL2,cell,Positive,2,0.57
CL_1001608,foreskin fibroblast,IL1B,cytokine,Positive,2,94.39
CL_0000738,leukocyte,IFNA,cytokine,Unknown,2,0.97
CL_0000902,induced T-regulatory cell,IL2,cytokine,Positive,2,1.46
CL_0000775,neutrophil,IL22,cytokine,Negative,2,8.77
CL_0000092,osteoclast,IL17,cytokine,Unknown,2,2.94
CL_0000556,megakaryocyte,PF4,cytokine,Positive,2,6.69
CL_0000094,granulocyte,IL1B,cytokine,Unknown,2,3.59
CL_0000625,"CD8-positive, alpha-beta T cell",TNFSF9,cytokine,Negative,2,8.19
CL_0000057,fibroblast,FGF1,cytokine,Positive,2,2.6
CL_0000187,muscle cell,FGF2,cytokine,Positive,2,3.76
CL_0000136,fat cell,IL33,cytokine,Negative,2,25.05
CL_0002372,myotube,TNF,cytokine,Negative,2,26.63
CL_0000169,type B pancreatic cell,HGF,cytokine,Positive,2,18.66
CL_0000738,leukocyte,IL17A,cytokine,Unknown,2,3.1
CL_0000771,eosinophil,IL16,cell,Positive,2,5.99
CL_0000037,hematopoietic stem cell,CCL4,cytokine,Unknown,2,46.14
CL_0000545,T-helper 1 cell,IL17A,cytokine,Unknown,2,5.94
CL_0000192,smooth muscle cell,TGFB1,cytokine,Negative,2,10.92
CL_0000738,leukocyte,CSF2,cytokine,Negative,2,1.43
CL_0000084,T cell,CCL1,cytokine,Unknown,2,9.24
CL_0002319,neural cell,TNF,cytokine,Positive,2,3.56
CL_0000084,T cell,TNFSF13B,cytokine,Unknown,2,1.61
CL_0000138,chondrocyte,CXCL8,cytokine,Positive,2,0.52
CL_0000216,Sertoli cell,IL1,cell,Positive,2,20.23
CL_0000542,lymphocyte,CCL4,cytokine,Positive,2,2.1
CL_0000182,hepatocyte,FGF1,cytokine,Negative,2,53.29
CL_0000899,T-helper 17 cell,IL4,cytokine,Negative,2,4.11
CL_0000625,"CD8-positive, alpha-beta T cell",IL6,cytokine,Unknown,2,0.32
CL_0000236,B cell,CSF3,cytokine,Unknown,2,0.44
CL_0000899,T-helper 17 cell,IL9,cell,Positive,2,21.21
CL_0000824,mature natural killer cell,IL15,cytokine,Unknown,2,12.79
CL_0000771,eosinophil,IL6,cytokine,Unknown,2,0.37
CL_0000540,neuron,IL7,cytokine,Unknown,2,2.62
CL_0000235,macrophage,CXCL12,cytokine,Positive,2,0.15
CL_0000545,T-helper 1 cell,SPP1,cytokine,Positive,2,2.74
CL_0000813,memory T cell,IL2,cytokine,Unknown,2,4.39
CL_0000322,pneumocyte,TGFB,cytokine,Positive,2,3.87
CL_0000912,helper T cell,IL17,cytokine,Unknown,2,12.44
CL_0000576,monocyte,CX3CL1,cytokine,Negative,2,6.12
CL_0000902,induced T-regulatory cell,TGFB,cytokine,Unknown,2,10.25
CL_0000775,neutrophil,IL23,cytokine,Positive,2,2.59
CL_0000763,myeloid cell,IL17A,cytokine,Negative,2,52.06
CL_0000917,Tc1 cell,IL4,cytokine,Negative,2,67.51
CL_0000738,leukocyte,CCL15,cytokine,Positive,2,20.47
CL_0002619,adult endothelial progenitor cell,IL10,cytokine,Positive,2,1.45
CL_0000214,synovial cell,CSF2,cytokine,Positive,2,1.92
CL_0000187,muscle cell,IFNG,cytokine,Positive,2,0.62
CL_0000499,stromal cell,FGF2,cytokine,Unknown,2,4.63
CL_0000625,"CD8-positive, alpha-beta T cell",IL17,cytokine,Unknown,2,1.01
CL_0000084,T cell,IL17A,cytokine,Positive,2,0.15
CL_0002627,mature astrocyte,CCL2,cell,Positive,2,47.66
CL_0000775,neutrophil,TGFB1,cytokine,Negative,2,0.59
CL_0000782,myeloid dendritic cell,IL6,cell,Positive,2,6.28
CL_0000084,T cell,CCL2,cytokine,Negative,2,0.28
CL_0000233,platelet,RETN,cytokine,Positive,2,1.87
CL_0000236,B cell,IL1RN,cytokine,Negative,2,7.16
CL_0002608,hippocampal neuron,CSF3,cytokine,Unknown,2,35.11
CL_0002489,double negative thymocyte,IL7,cytokine,Positive,2,74.39
CL_0000235,macrophage,OSM,cell,Positive,2,4.49
CL_0000092,osteoclast,CSF2,cytokine,Positive,2,0.46
CL_0000556,megakaryocyte,CXCL12,cytokine,Unknown,2,12.23
CL_0000218,myelinating Schwann cell,TGFB1,cytokine,Positive,1,2.36
CL_0000092,osteoclast,CXCL12,cytokine,Unknown,1,2.3
CL_0000499,stromal cell,IL7,cytokine,Negative,1,5.79
CL_0000622,acinar cell,TGFB1,cytokine,Negative,1,38.93
CL_0002139,endothelial cell of vascular tree,CCL7,cell,Positive,1,153.88
CL_0000556,megakaryocyte,IFNA,cytokine,Negative,1,7.53
CL_0000094,granulocyte,CSF2,cytokine,Negative,1,3.71
CL_0000623,natural killer cell,IL27,cytokine,Negative,1,5.03
CL_0000182,hepatocyte,IFNL1,cytokine,Negative,1,386.32
CL_0002368,respiratory epithelial cell,CCL2,cytokine,Unknown,1,5.85
CL_0000899,T-helper 17 cell,TNF,cytokine,Unknown,1,0.81
CL_0000235,macrophage,IL19,cytokine,Negative,1,31.2
CL_0000057,fibroblast,CSF2,cytokine,Negative,1,0.59
CL_0000100,motor neuron,TGFA,cytokine,Negative,1,357.64
CL_0000312,keratinocyte,KITLG,cytokine,Unknown,1,7.48
CL_0000115,endothelial cell,IL32,cytokine,Unknown,1,27.99
CL_0000359,vascular associated smooth muscle cell,IL25,cytokine,Positive,1,46.3
CL_0000210,photoreceptor cell,TGF,cytokine,Unknown,1,3649.27
CL_0000625,"CD8-positive, alpha-beta T cell",FGF2,cytokine,Unknown,1,0.36
CL_0000127,astrocyte,IL16,cytokine,Unknown,1,22.26
CL_0000771,eosinophil,PDGF,cytokine,Unknown,1,3.93
CL_0000134,mesenchymal cell,KITLG,cytokine,Positive,1,5.6
CL_0000037,hematopoietic stem cell,PDGF,cytokine,Negative,1,45.15
CL_0000540,neuron,MIF,cytokine,Negative,1,44.01
CL_0000235,macrophage,CXCL8,cytokine,Unknown,1,0.09
CL_0000136,fat cell,CCL26,cell,Positive,1,19.27
CL_0000545,T-helper 1 cell,TGFB2,cytokine,Positive,1,3.21
CL_0000128,oligodendrocyte,IL11,cytokine,Negative,1,170.57
CL_0000624,"CD4-positive, alpha-beta T cell",CCL11,cytokine,Positive,1,0.37
CL_0000351,trophoblast cell,CCL24,cytokine,Positive,1,218.98
CL_0000162,parietal cell,IL6,cell,Positive,1,14.45
CL_0000771,eosinophil,CXCL9,cytokine,Positive,1,6.36
CL_0000084,T cell,CSF1,cytokine,Negative,1,0.26
CL_0000398,polygonal cell,TGFB1,cell,Positive,1,108.08
CL_0002293,epithelial cell of thymus,IFNB1,cytokine,Positive,1,52.58
CL_0000746,cardiac muscle cell,IL1B,cytokine,Negative,1,5.93
CL_0000863,inflammatory macrophage,CCL2,cytokine,Negative,1,22.72
CL_0000775,neutrophil,IL32,cytokine,Positive,1,1.76
CL_0000911,effector T cell,TNF,cytokine,Unknown,1,1.36
CL_0002327,mammary epithelial cell,CCL20,cytokine,Positive,1,42.23
CL_0000192,smooth muscle cell,IL1,cytokine,Positive,1,0.83
CL_0000763,myeloid cell,IL2,cytokine,Positive,1,0.21
CL_0002128,Tc17 cell,IL12,cytokine,Positive,1,20.49
CL_0000092,osteoclast,IL20,cytokine,Unknown,1,137.34
CL_0002619,adult endothelial progenitor cell,RETN,cytokine,Positive,1,22.6
CL_0000584,enterocyte,IL1B,cytokine,Unknown,1,8.47
CL_0000214,synovial cell,IL1,cytokine,Negative,1,7.98
CL_0000557,granulocyte monocyte progenitor cell,CSF3,cytokine,Negative,1,9.05
CL_0000061,cementoblast,FGF2,cytokine,Positive,1,10.26
CL_0000129,microglial cell,IL3,cytokine,Positive,1,1.08
CL_0000084,T cell,SPP1,cytokine,Negative,1,0.98
CL_0000775,neutrophil,HGF,cytokine,Negative,1,2.35
CL_0000066,epithelial cell,IL25,cytokine,Unknown,1,15.36
CL_0000235,macrophage,IL32,cytokine,Positive,1,1.1
CL_0009004,retinal cell,IL4,cytokine,Positive,1,11.85
CL_0000057,fibroblast,IFNA,cytokine,Negative,1,0.91
CL_0000546,T-helper 2 cell,IL1B,cytokine,Unknown,1,0.98
CL_0000624,"CD4-positive, alpha-beta T cell",IL25,cytokine,Negative,1,12.89
CL_0000814,mature NK T cell,CXCL10,cytokine,Unknown,1,45.33
CL_0000623,natural killer cell,IFNL3,cytokine,Unknown,1,21.52
CL_0000679,glutamatergic neuron,IL18,cytokine,Positive,1,328.06
CL_0000625,"CD8-positive, alpha-beta T cell",IL18,cytokine,Unknown,1,1.06
CL_0000178,Leydig cell,TNF,cytokine,Positive,1,1.91
CL_0000362,epidermal cell,TGFB,cytokine,Negative,1,18.79
CL_0000353,blastoderm cell,CSF2,cytokine,Positive,1,42.77
CL_0000047,neuronal stem cell,CSF2,cytokine,Positive,1,3.29
CL_0000235,macrophage,IFNL3,cytokine,Negative,1,18.2
CL_0000815,regulatory T cell,IL1,cell,Positive,1,1.4
CL_0002343,decidual natural killer cell,IFNG,cytokine,Unknown,1,16.36
CL_0000624,"CD4-positive, alpha-beta T cell",CXCL8,cytokine,Positive,1,0.07
CL_0000312,keratinocyte,IL19,cytokine,Unknown,1,86.54
CL_0000785,mature B cell,CCL7,cell,Positive,1,2154.3
CL_0000898,naive T cell,CCL21,cytokine,Positive,1,40.25
CL_0000581,peritoneal macrophage,IFNB1,cytokine,Negative,1,17.79
CL_0000127,astrocyte,CCL3,cytokine,Positive,1,2.87
CL_0000134,mesenchymal cell,CCL5,cytokine,Positive,1,7.09
CL_0000771,eosinophil,IL1B,cytokine,Unknown,1,0.36
CL_0000819,B-1 B cell,IL33,cytokine,Negative,1,149.76
CL_0002320,connective tissue cell,OSM,cytokine,Unknown,1,2838.32
CL_0000235,macrophage,CCL5,cytokine,Unknown,1,1.5
CL_0000531,primary sensory neuron,TGFB1,cytokine,Positive,1,73.24
CL_0000232,erythrocyte,RETN,cytokine,Unknown,1,33.61
CL_0000514,smooth muscle myoblast,IL6,cytokine,Unknown,1,13.18
CL_0002322,embryonic stem cell,TNF,cytokine,Negative,1,3.61
CL_0000135,fibrocyte,IL1B,cytokine,Unknown,1,11.8
CL_0000792,"CD4-positive, CD25-positive, alpha-beta regulatory T cell",IL23,cytokine,Negative,1,14.19
CL_0000092,osteoclast,TNFSF11,cytokine,Negative,1,89.41
CL_0000771,eosinophil,CCL2,cytokine,Positive,1,0.11
CL_0000148,melanocyte,TGFA,cytokine,Positive,1,13.46
CL_0000501,granulosa cell,EGF,cell,Positive,1,62.14
CL_0000066,epithelial cell,TGFB2,cytokine,Positive,1,3.43
CL_0000576,monocyte,CCL23,cytokine,Negative,1,36.73
CL_0002548,cardiac fibroblast,IL17A,cytokine,Positive,1,24.77
CL_0002608,hippocampal neuron,IL1B,cytokine,Unknown,1,17.39
CL_0002425,early T lineage precursor,IL18,cytokine,Positive,1,328.06
CL_0000216,Sertoli cell,TGFB1,cytokine,Positive,1,2.82
CL_0002038,T follicular helper cell,IL2,cytokine,Positive,1,2.25
CL_0000138,chondrocyte,IL10,cytokine,Positive,1,0.15
CL_0000576,monocyte,CCL3,cytokine,Negative,1,3.18
CL_0002548,cardiac fibroblast,TGFB,cytokine,Positive,1,3.19
CL_0002608,hippocampal neuron,TGFB2,cytokine,Unknown,1,293.34
CL_0000911,effector T cell,CCL3,cytokine,Positive,1,12.21
CL_0000235,macrophage,SPP1,cytokine,Negative,1,1.69
CL_0000188,skeletal muscle cell,CX3CL1,cell,Positive,1,149.6
CL_0000546,T-helper 2 cell,TNF,cytokine,Positive,1,0.08
CL_0000453,Langerhans cell,IFNG,cytokine,Positive,1,0.69
CL_0000092,osteoclast,GDF15,cytokine,Negative,1,26.08
CL_0000499,stromal cell,OSM,cytokine,Negative,1,151.58
CL_0002477,adipose macrophage,CCL2,cytokine,Positive,1,32.3
CL_0000623,natural killer cell,IL32,cytokine,Positive,1,2.95
CL_0000625,"CD8-positive, alpha-beta T cell",SPP1,cytokine,Positive,1,0.62
CL_0000236,B cell,CXCL16,cytokine,Unknown,1,8.04
CL_0000066,epithelial cell,IFNG,cytokine,Negative,1,0.32
CL_0000129,microglial cell,GDF15,cytokine,Unknown,1,13.56
CL_0000084,T cell,IL35,cytokine,Negative,1,4.51
CL_0002368,respiratory epithelial cell,CXCL8,cytokine,Positive,1,1.43
CL_0000451,dendritic cell,IL12B,cytokine,Unknown,1,25.98
CL_0000057,fibroblast,CXCL12,cytokine,Negative,1,1.68
CL_0000319,mucus secreting cell,TNF,cytokine,Unknown,1,46.76
CL_0000312,keratinocyte,SPP1,cytokine,Positive,1,1.34
CL_0000034,stem cell,TNF,cytokine,Unknown,1,0.31
CL_0000623,natural killer cell,CD40LG,cytokine,Positive,1,0.29
CL_0000786,plasma cell,CX3CL1,cell,Positive,1,20.64
CL_0000134,mesenchymal cell,SPP1,cytokine,Positive,1,3.52
CL_0000767,basophil,IL4,cytokine,Negative,1,3.17
CL_0000136,fat cell,CXCL8,cytokine,Unknown,1,1.11
CL_0000545,T-helper 1 cell,TNFSF9,cytokine,Positive,1,2.25
CL_0000128,oligodendrocyte,IL6,cytokine,Unknown,1,2.64
CL_0000034,stem cell,CCL27,cytokine,Positive,1,18.19
CL_0000624,"CD4-positive, alpha-beta T cell",CCL21,cytokine,Unknown,1,7.16
CL_0000115,endothelial cell,CXCL5,cytokine,Negative,1,29.53
CL_0000669,pericyte cell,IL5,cytokine,Unknown,1,21.24
CL_0002334,preadipocyte,FGF2,cytokine,Unknown,1,11.97
CL_0000912,helper T cell,IL33,cytokine,Unknown,1,16.43
CL_0000138,chondrocyte,TGFB2,cytokine,Unknown,1,17.36
CL_0000746,cardiac muscle cell,IL27,cytokine,Unknown,1,20.63
CL_0000863,inflammatory macrophage,CX3CL1,cytokine,Unknown,1,83.48
CL_0002322,embryonic stem cell,CCL2,cytokine,Unknown,1,5.75
CL_0000192,smooth muscle cell,IL4,cytokine,Negative,1,4.42
CL_0000763,myeloid cell,IL34,cytokine,Unknown,1,158.42
CL_0000388,tendon cell,TGFB1,cytokine,Positive,1,24.41
CL_0000092,osteoclast,IL27,cytokine,Positive,1,2.01
CL_0000057,fibroblast,TGFA,cytokine,Positive,1,0.81
CL_0000738,leukocyte,CCL27,cytokine,Unknown,1,20.15
CL_0000890,alternatively activated macrophage,CCL2,cell,Positive,1,3.25
CL_0000584,enterocyte,IL7,cell,Positive,1,7.04
CL_0000061,cementoblast,TGFB1,cytokine,Positive,1,6.66
CL_0000066,epithelial cell,IL4,cytokine,Unknown,1,0.89
CL_0002328,bronchial epithelial cell,HGF,cytokine,Positive,1,9.8
CL_0000182,hepatocyte,LECT2,cytokine,Unknown,1,61.65
CL_0002148,dental pulp cell,FGF2,cytokine,Positive,1,22.58
CL_0000235,macrophage,IL34,cytokine,Unknown,1,6.39
CL_0000740,retinal ganglion cell,TGFB2,cytokine,Negative,1,2539.91
CL_0000057,fibroblast,IFNB1,cytokine,Unknown,1,1.11
CL_0000546,T-helper 2 cell,IL23,cytokine,Unknown,1,10.73
CL_1000497,kidney cell,HGF,cytokine,Positive,1,58.79
CL_0000160,goblet cell,IL13,cytokine,Negative,1,64.9
CL_0000213,lining cell,IL22,cytokine,Negative,1,2910.31
CL_1000490,mesothelial cell of peritoneum,TGFB,cytokine,Positive,1,6.78
CL_0000081,blood cell,FGF2,cytokine,Unknown,1,28.22
CL_0000047,neuronal stem cell,IFNG,cytokine,Positive,1,0.72
CL_0000815,regulatory T cell,IL12,cytokine,Unknown,1,3.81
CL_0000899,T-helper 17 cell,IL2,cytokine,Negative,1,0.93
CL_0000451,dendritic cell,CCL20,cytokine,Positive,1,4.87
CL_0000312,keratinocyte,IL1B,cytokine,Unknown,1,0.65
CL_0000023,oocyte,IL7,cytokine,Unknown,1,12.52
CL_0000041,mature eosinophil,IL5,cytokine,Negative,1,484.04
CL_0000169,type B pancreatic cell,TGFB1,cytokine,Unknown,1,4.07
CL_0000127,astrocyte,CSF3,cell,Positive,1,0.96
CL_0000084,T cell,EPO,cytokine,Positive,1,0.05
CL_0000037,hematopoietic stem cell,IFNA,cytokine,Positive,1,0.73
CL_0000235,macrophage,CD40LG,cytokine,Unknown,1,0.19
CL_0000827,pro-T cell,TNF,cytokine,Positive,1,26.72
CL_0000038,erythroid progenitor cell,CCL3,cytokine,Negative,1,65.2
CL_0000545,T-helper 1 cell,IL21,cytokine,Unknown,1,2.32
CL_0002563,intestinal epithelial cell,IL11,cytokine,Positive,1,22.79
CL_0000775,neutrophil,TNFSF8,cytokine,Unknown,1,25.66
CL_0000019,sperm,CSF1,cytokine,Positive,1,7.45
CL_0000492,CD4-positive helper T cell,IL17,cytokine,Unknown,1,54.74
CL_0000223,endodermal cell,FGF2,cytokine,Positive,1,112.88
CL_0000135,fibrocyte,TGFA,cytokine,Unknown,1,117.72
CL_0000056,myoblast,CKLF,cytokine,Positive,1,509.26
CL_0000792,"CD4-positive, CD25-positive, alpha-beta regulatory T cell",IL3,cytokine,Unknown,1,2.04
CL_0000738,leukocyte,CXCL16,cytokine,Unknown,1,12.89
CL_0000583,alveolar macrophage,IFNG,cytokine,Negative,1,1.23
CL_0000148,melanocyte,TGFB1,cytokine,Positive,1,1.05
CL_0000084,T cell,CCL22,cytokine,Negative,1,4.86
CL_0000501,granulosa cell,KITLG,cytokine,Unknown,1,118.26
CL_0000934,"CD4-positive, alpha-beta cytotoxic T cell",TNF,cytokine,Unknown,1,93.51
CL_0000135,fibrocyte,TGFB1,cytokine,Positive,1,2.62
CL_0000056,myoblast,CXCL12,cytokine,Positive,1,2.85
CL_0000583,alveolar macrophage,IL10,cytokine,Negative,1,3.25
CL_0000787,memory B cell,IFNA,cytokine,Positive,1,13.21
CL_0000501,granulosa cell,TGFB,cytokine,Positive,1,1.69
CL_0000540,neuron,CCL7,cell,Positive,1,17.37
CL_0002247,pleural macrophage,CXCL8,cell,Positive,1,122.75
CL_0000236,B cell,IL27,cytokine,Unknown,1,1.72
CL_0000138,chondrocyte,IL1A,cytokine,Negative,1,10.77
CL_0000082,epithelial cell of lung,IFNG,cytokine,Positive,1,0.42
CL_0000816,immature B cell,IFNG,cytokine,Positive,1,3.74
CL_0000911,effector T cell,IFNG,cytokine,Negative,1,2.16
CL_0000235,macrophage,TGFA,cytokine,Positive,1,0.29
CL_0000499,stromal cell,TGF,cytokine,Unknown,1,28.51
CL_0000624,"CD4-positive, alpha-beta T cell",TNFSF8,cytokine,Negative,1,92.39
CL_0002139,endothelial cell of vascular tree,IL17,cytokine,Positive,1,2.79
CL_0000556,megakaryocyte,IL3,cytokine,Negative,1,19.26
CL_0000625,"CD8-positive, alpha-beta T cell",TGFB1,cytokine,Negative,1,0.54
CL_0000236,B cell,CXCL9,cytokine,Positive,1,3.83
CL_0002092,bone marrow cell,IL2,cytokine,Unknown,1,0.87
CL_0000182,hepatocyte,IL15,cytokine,Unknown,1,1.85
CL_0000235,macrophage,IL1F10,cytokine,Unknown,1,95.85
CL_0000057,fibroblast,CXCL5,cell,Positive,1,4.12
CL_0000779,multinuclear osteoclast,TNF,cytokine,Positive,1,13.36
CL_0000546,T-helper 2 cell,IFNA,cytokine,Positive,1,0.39
CL_0000624,"CD4-positive, alpha-beta T cell",IL17F,cell,Positive,1,6.41
CL_0000062,osteoblast,IL1B,cytokine,Unknown,1,1.1
CL_0000096,mature neutrophil,CXCL1,cytokine,Positive,1,22.79
CL_0000499,stromal cell,CCL5,cytokine,Unknown,1,18.71
CL_0000623,natural killer cell,CSF3,cytokine,Positive,1,0.08
CL_0000359,vascular associated smooth muscle cell,TNF,cytokine,Negative,1,4.84
CL_0000786,plasma cell,IL1,cytokine,Unknown,1,5.38
CL_0000653,glomerular visceral epithelial cell,CXCL12,cell,Positive,1,4.69
CL_0000037,hematopoietic stem cell,TGFB1,cytokine,Unknown,1,1.41
CL_0000910,cytotoxic T cell,IL10,cytokine,Unknown,1,1.52
CL_0000235,macrophage,FGF2,cytokine,Unknown,1,0.12
CL_0002622,prostate stromal cell,TGFB,cytokine,Negative,1,54.03
CL_0000899,T-helper 17 cell,CCL26,cytokine,Positive,1,7.47
CL_0000136,fat cell,IFNG,cytokine,Negative,1,1.13
CL_0000624,"CD4-positive, alpha-beta T cell",CCL6,cytokine,Unknown,1,6.58
CL_0000794,"CD8-positive, alpha-beta cytotoxic T cell",CD40LG,cytokine,Unknown,1,16.94
CL_0000669,pericyte cell,PDGFB,cytokine,Unknown,1,464.45
CL_0002539,aortic smooth muscle cell,TGFB,cytokine,Unknown,1,27.1
CL_0000912,helper T cell,IL6,cytokine,Negative,1,4.44
CL_0000682,M cell,TNF,cytokine,Unknown,1,31.17
CL_0002334,preadipocyte,IL6,cytokine,Positive,1,1.48
CL_0000232,erythrocyte,CXCL8,cytokine,Negative,1,8.29
CL_0000775,neutrophil,IL5,cytokine,Positive,1,0.09
CL_0000893,thymocyte,CCL22,cytokine,Unknown,1,50.17
CL_0002322,embryonic stem cell,GDF15,cytokine,Unknown,1,144.32
CL_0000738,leukocyte,CCL5,cytokine,Negative,1,11.48
CL_0000092,osteoclast,IL4,cytokine,Unknown,1,0.56
CL_0000890,alternatively activated macrophage,IL13,cytokine,Negative,1,69.32
CL_0000595,enucleate erythrocyte,CXCL6,cytokine,Unknown,1,521.32
CL_0000148,melanocyte,CXCL8,cell,Positive,1,1.75
CL_0000557,granulocyte monocyte progenitor cell,IL10,cytokine,Negative,1,4.69
CL_0002319,neural cell,CSF3,cytokine,Positive,1,6.35
CL_0000542,lymphocyte,IL12B,cytokine,Positive,1,1.92
CL_0000233,platelet,IL35,cytokine,Negative,1,30.42
CL_0000236,B cell,IL12B,cytokine,Positive,1,1.44
CL_0000129,microglial cell,MIF,cytokine,Unknown,1,30.51
CL_1000488,cholangiocyte,IL33,cytokine,Positive,1,37.56
CL_0000182,hepatocyte,RETN,cytokine,Unknown,1,5.95
CL_0000808,DN4 thymocyte,IL7,cytokine,Unknown,1,650.82
CL_0000098,sensory epithelial cell,TGFB,cytokine,Negative,1,432.22
CL_0000546,T-helper 2 cell,IL27,cytokine,Positive,1,2.23
CL_1000497,kidney cell,TNF,cytokine,Positive,1,2.67
CL_0000092,osteoclast,CCL15,cytokine,Positive,1,26.16
CL_0000499,stromal cell,IL12,cytokine,Unknown,1,1.4
CL_0002138,endothelial cell of lymphatic vessel,CXCL1,cytokine,Positive,1,57.44
CL_0000160,goblet cell,IL1B,cytokine,Positive,1,2.01
CL_0000784,plasmacytoid dendritic cell,IL10,cytokine,Positive,1,0.36
CL_0000236,B cell,CCL2,cytokine,Unknown,1,0.22
CL_1000491,mesothelial cell of pleura,IL27,cytokine,Positive,1,187.16
CL_0000235,macrophage,IL11,cytokine,Unknown,1,1.52
CL_0000899,T-helper 17 cell,IL21,cytokine,Positive,1,1.43
CL_0000081,blood cell,THPO,cytokine,Positive,1,45.01
CL_0000312,keratinocyte,IL20,cytokine,Unknown,1,100.97
CL_0000115,endothelial cell,IL12,cytokine,Negative,1,0.93
CL_0000125,glial cell,IL1,cytokine,Positive,1,1.35
CL_0000898,naive T cell,IL12,cytokine,Negative,1,12.76
CL_0002062,type I pneumocyte,IL1B,cytokine,Positive,1,47.19
CL_0000738,leukocyte,IL22,cytokine,Unknown,1,2.69
CL_0000625,"CD8-positive, alpha-beta T cell",CCL25,cytokine,Negative,1,53.55
CL_0000820,B-1a B cell,IL1B,cell,Positive,1,23.21
CL_0000037,hematopoietic stem cell,IL1,cytokine,Positive,1,0.49
CL_0000990,conventional dendritic cell,IL4,cytokine,Negative,1,72.7
CL_0000060,odontoblast,FGF2,cytokine,Unknown,1,23.24
CL_0000771,eosinophil,IL32,cytokine,Negative,1,30.43
CL_0000646,basal cell,IL6,cytokine,Positive,1,6.99
CL_0000037,hematopoietic stem cell,IL17,cytokine,Positive,1,0.86
CL_0000575,corneal epithelial cell,IL1B,cytokine,Positive,1,23.6
CL_0000038,erythroid progenitor cell,IFNG,cytokine,Unknown,1,0.64
CL_0000060,odontoblast,TGFB1,cytokine,Negative,1,34.35
CL_0000019,sperm,TNF,cytokine,Positive,1,2.23
CL_0000893,thymocyte,TNF,cytokine,Negative,1,0.91
CL_0000793,"CD4-positive, alpha-beta intraepithelial T cell",IL13,cytokine,Unknown,1,63.74
CL_0000115,endothelial cell,CCL6,cytokine,Positive,1,2.7
CL_0000442,follicular dendritic cell,IFNG,cytokine,Positive,1,2.67
CL_0000738,leukocyte,HGF,cytokine,Unknown,1,2.16
CL_0000771,eosinophil,CCL7,cytokine,Unknown,1,22.26
CL_0000787,memory B cell,IL21,cytokine,Positive,1,32.93
CL_0002483,hair follicle melanocyte,IL18,cytokine,Positive,1,109.35
CL_0000322,pneumocyte,CCL26,cytokine,Unknown,1,214.66
CL_0000545,T-helper 1 cell,CCL26,cytokine,Unknown,1,12.12
CL_0000082,epithelial cell of lung,IL1B,cytokine,Positive,1,2.1
CL_0000902,induced T-regulatory cell,IFNA,cytokine,Positive,1,3.57
CL_0002620,skin fibroblast,FGF2,cytokine,Positive,1,7.05
CL_0002061,T-helper 9 cell,IFNG,cytokine,Negative,1,7.1
CL_0002619,adult endothelial progenitor cell,CXCL10,cytokine,Unknown,1,30.67
CL_0002139,endothelial cell of vascular tree,IL6,cytokine,Positive,1,0.87
CL_0000556,megakaryocyte,IL4,cytokine,Positive,1,0.42
CL_0000542,lymphocyte,EGF,cytokine,Positive,1,1.18
CL_0000233,platelet,GDF15,cytokine,Negative,1,11.83
CL_0000066,epithelial cell,IL11,cell,Positive,1,4.42
CL_0000182,hepatocyte,IL17A,cytokine,Positive,1,0.93
CL_0000451,dendritic cell,IL25,cytokine,Positive,1,6.91
CL_0000235,macrophage,IL2,cytokine,Negative,1,0.07
CL_0000057,fibroblast,EGF,cytokine,Unknown,1,4.06
CL_0000647,multinucleated giant cell,IL13,cytokine,Positive,1,38.25
CL_0000546,T-helper 2 cell,IL1,cytokine,Unknown,1,0.93
CL_0000624,"CD4-positive, alpha-beta T cell",IL1B,cytokine,Negative,1,0.6
CL_0000062,osteoblast,IL33,cell,Positive,1,2.03
CL_0000115,endothelial cell,LECT2,cytokine,Negative,1,72.49
CL_0000499,stromal cell,CSF2,cytokine,Positive,1,0.67
CL_0000623,natural killer cell,CXCL14,cytokine,Unknown,1,51.65
CL_0002543,vein endothelial cell,TGFB1,cytokine,Positive,1,6.66
CL_0000738,leukocyte,TGFB1,cytokine,Positive,1,0.08
CL_0000127,astrocyte,IL6,cytokine,Unknown,1,0.58
CL_0000611,eosinophil progenitor cell,IL5,cytokine,Unknown,1,318.65
CL_0000134,mesenchymal cell,TGFB2,cytokine,Positive,1,8.25
CL_0000968,Be cell,IFNG,cytokine,Positive,1,18.7
CL_0000540,neuron,THPO,cytokine,Unknown,1,4.45
CL_0000910,cytotoxic T cell,IL15,cytokine,Positive,1,2.1
CL_0000235,macrophage,HGF,cytokine,Positive,1,0.18
CL_0000121,Purkinje cell,TNF,cytokine,Unknown,1,23.38
CL_0000899,T-helper 17 cell,IFNA,cytokine,Positive,1,0.57
CL_0000128,oligodendrocyte,TGFB1,cytokine,Negative,1,8.98
CL_0000136,fat cell,IL17,cytokine,Positive,1,0.59
CL_0000115,endothelial cell,FGF1,cytokine,Unknown,1,6.03
CL_0000034,stem cell,CXCL1,cytokine,Negative,1,38.04
CL_0000586,germ cell,TGFB,cytokine,Negative,1,24.01
CL_0002372,myotube,CSF3,cytokine,Negative,1,47.5
CL_0000169,type B pancreatic cell,CCL2,cell,Positive,1,2.27
CL_0000794,"CD8-positive, alpha-beta cytotoxic T cell",IL10,cytokine,Unknown,1,4.94
CL_0000738,leukocyte,IL15,cytokine,Negative,1,2.01
CL_0000669,pericyte cell,TGFB1,cytokine,Unknown,1,8.54
CL_0000650,mesangial cell,IL6,cytokine,Unknown,1,1.97
CL_0000540,neuron,HGF,cytokine,Unknown,1,4.15
CL_0000837,hematopoietic multipotent progenitor cell,IL1,cytokine,Positive,1,29.7
CL_0000158,Clara cell,IL1B,cytokine,Negative,1,250.89
CL_0002334,preadipocyte,TGFB1,cytokine,Unknown,1,7.77
CL_0000746,cardiac muscle cell,TDGF1P3,cytokine,Unknown,1,402.28
CL_0000863,inflammatory macrophage,IL4,cytokine,Negative,1,13.9
CL_0000775,neutrophil,IL9,cytokine,Positive,1,0.83
CL_0000845,marginal zone B cell,CD40LG,cytokine,Negative,1,1351.02
CL_0000192,smooth muscle cell,SPP1,cytokine,Negative,1,50.6
CL_0000763,myeloid cell,TNF,cytokine,Unknown,1,0.72
CL_0002322,embryonic stem cell,IL10,cytokine,Positive,1,0.84
CL_0000738,leukocyte,CCL7,cytokine,Negative,1,48.96
CL_0000890,alternatively activated macrophage,IL19,cytokine,Positive,1,284.39
CL_0000595,enucleate erythrocyte,TGFB,cytokine,Positive,1,1.11
CL_0000557,granulocyte monocyte progenitor cell,IL3,cytokine,Unknown,1,14.09
CL_0002319,neural cell,IL1,cytokine,Positive,1,5.94
CL_0000233,platelet,PDGF,cytokine,Negative,1,10.02
CL_0000084,T cell,TGFB2,cytokine,Positive,1,0.29
CL_0000066,epithelial cell,SPP1,cytokine,Positive,1,1.46
CL_0000700,dopaminergic neuron,IFNB1,cytokine,Negative,1,154.46
CL_0000101,sensory neuron,IL6,cytokine,Negative,1,39.04
CL_0000187,muscle cell,TNF,cytokine,Negative,1,3.55
CL_0000091,Kupffer cell,IFNG,cytokine,Negative,1,2.1
CL_0000092,osteoclast,CCL3,cytokine,Negative,1,18.05
CL_0000499,stromal cell,IL17A,cytokine,Positive,1,1.64
CL_0002138,endothelial cell of lymphatic vessel,FGF2,cytokine,Positive,1,4.52
CL_0000160,goblet cell,IL4,cytokine,Unknown,1,4.41
CL_0000233,platelet,CCL2,cytokine,Negative,1,0.94
CL_0000236,B cell,CCL5,cytokine,Positive,1,0.9
CL_0000066,epithelial cell,CSF2,cytokine,Positive,1,0.18
CL_0000129,microglial cell,CCL21,cytokine,Positive,1,8.2
CL_0000182,hepatocyte,CXCL12,cytokine,Negative,1,4.32
CL_0000235,macrophage,IL12B,cytokine,Unknown,1,2.4
CL_0001035,bone cell,TGFB,cytokine,Positive,1,4.52
CL_0000451,dendritic cell,CXCL13,cell,Positive,1,5.69
CL_0000312,keratinocyte,IL23,cytokine,Negative,1,32.48
CL_0000062,osteoblast,CSF1,cytokine,Unknown,1,2.08
CL_0000115,endothelial cell,IL17F,cytokine,Unknown,1,21.87
CL_0002629,mature microglial cell,IL6,cytokine,Positive,1,1.69
CL_0000125,glial cell,IL17,cytokine,Positive,1,2.37
CL_0000898,naive T cell,IL2,cytokine,Negative,1,3.36
CL_0000738,leukocyte,IL33,cytokine,Negative,1,3.46
CL_0000581,peritoneal macrophage,IL1B,cytokine,Unknown,1,2
CL_0000084,T cell,IFNA2,cytokine,Positive,1,2.64
CL_0000312,keratinocyte,IL31,cytokine,Unknown,1,43.27
CL_0000062,osteoblast,CSF3,cytokine,Positive,1,0.32
CL_0000125,glial cell,IL1B,cytokine,Negative,1,11.4
CL_0000359,vascular associated smooth muscle cell,CXCL10,cytokine,Unknown,1,47.39
CL_0000127,astrocyte,IFNB1,cytokine,Negative,1,10.02
CL_0000134,mesenchymal cell,IL17,cytokine,Unknown,1,2.84
CL_0000540,neuron,IL4,cytokine,Unknown,1,0.42
CL_0000576,monocyte,IL1A,cytokine,Positive,1,0.21
CL_0000128,oligodendrocyte,CXCL1,cytokine,Unknown,1,77.31
CL_0000871,splenic macrophage,IL1B,cell,Positive,1,26.12
CL_0000793,"CD4-positive, alpha-beta intraepithelial T cell",IL21,cell,Positive,1,23.14
CL_0000115,endothelial cell,CSF1,cytokine,Positive,1,0.2
CL_0000097,mast cell,IL1B,cytokine,Unknown,1,0.86
CL_0000056,myoblast,IL12B,cell,Positive,1,37.58
CL_0000792,"CD4-positive, CD25-positive, alpha-beta regulatory T cell",IL9,cytokine,Negative,1,22.76
CL_0000738,leukocyte,IFN1,cytokine,Positive,1,0.63
CL_0000912,helper T cell,CSF2,cytokine,Positive,1,0.97
CL_0000322,pneumocyte,CXCL9,cytokine,Positive,1,208.55
CL_0000545,T-helper 1 cell,CSF2,cytokine,Negative,1,1.38
CL_0000235,macrophage,TGFB2,cytokine,Positive,1,0.5
CL_0000057,fibroblast,IL7,cytokine,Negative,1,1.28
CL_0002061,T-helper 9 cell,IL27,cytokine,Negative,1,568.56
CL_0002224,lens epithelial cell,PDGFA,cytokine,Unknown,1,2043.59
CL_0002619,adult endothelial progenitor cell,CXCL8,cytokine,Unknown,1,4.28
CL_0002139,endothelial cell of vascular tree,TNFSF15,cytokine,Positive,1,62.57
CL_0000094,granulocyte,IL10,cytokine,Negative,1,2.14
CL_0000623,natural killer cell,PPBP,cytokine,Positive,1,0.52
CL_0000625,"CD8-positive, alpha-beta T cell",TNFSF4,cytokine,Unknown,1,10.44
CL_0000233,platelet,IFNG,cytokine,Negative,1,0.18
CL_0002368,respiratory epithelial cell,TGFB1,cytokine,Negative,1,10.07
CL_0000451,dendritic cell,IL32,cytokine,Negative,1,94.71
CL_0000187,muscle cell,CSF3,cytokine,Negative,1,12.67
CL_0000062,osteoblast,IL7,cytokine,Positive,1,0.62
CL_0000499,stromal cell,CXCL8,cytokine,Negative,1,2.59
CL_0000365,zygote,TGFB,cell,Positive,1,39.99
CL_0000127,astrocyte,OSM,cytokine,Positive,1,16.61
CL_0000352,epiblast cell,TGFB,cytokine,Positive,1,36.14
CL_1001319,bladder cell,EGF,cytokine,Positive,1,67.38
CL_0000910,cytotoxic T cell,IL1A,cytokine,Positive,1,3.8
CL_0000969,regulatory B cell,IFNB1,cytokine,Positive,1,10.82
CL_0000576,monocyte,SPP1,cytokine,Positive,1,0.32
CL_0000624,"CD4-positive, alpha-beta T cell",CSF2,cytokine,Positive,1,0.07
CL_0000097,mast cell,TNF,cytokine,Negative,1,0.55
CL_0000844,germinal center B cell,IFNG,cytokine,Positive,1,1.56
CL_0002372,myotube,TGFB1,cytokine,Negative,1,36.5
CL_0000540,neuron,IFNA,cytokine,Negative,1,2.12
CL_0000771,eosinophil,IL16,cytokine,Negative,1,16.19
CL_0000236,B cell,TNFSF13,cytokine,Positive,1,28.72
CL_0000037,hematopoietic stem cell,CCL20,cytokine,Positive,1,7.89
CL_0000860,classical monocyte,CCL7,cytokine,Unknown,1,1459.71
CL_0000235,macrophage,CCL20,cell,Positive,1,1.33
CL_0000817,precursor B cell,CXCL12,cytokine,Unknown,1,21.41
CL_0000746,cardiac muscle cell,THPO,cytokine,Unknown,1,34.73
CL_0002393,intermediate monocyte,IL1B,cell,Positive,1,69.64
CL_0000097,mast cell,CCL3,cytokine,Unknown,1,7.66
CL_0000782,myeloid dendritic cell,CSF2,cytokine,Positive,1,3.72
CL_0002322,embryonic stem cell,IL24,cytokine,Negative,1,1076.23
CL_0000148,melanocyte,IFNG,cytokine,Negative,1,2.13
CL_0002319,neural cell,TGFB,cytokine,Positive,1,3.61
CL_0000084,T cell,TNFSF13,cytokine,Unknown,1,27.73
CL_0000138,chondrocyte,CXCL13,cytokine,Positive,1,3.54
CL_0000700,dopaminergic neuron,TGFB,cytokine,Unknown,1,9.98
CL_0000235,macrophage,LECT2,cytokine,Negative,1,19.86
CL_0000216,Sertoli cell,FGF2,cytokine,Positive,1,4.34
CL_1001609,muscle fibroblast,TGFB1,cytokine,Positive,1,36.62
CL_0000091,Kupffer cell,IL10,cytokine,Unknown,1,2.43
CL_0000499,stromal cell,IL21,cytokine,Negative,1,10.26
CL_0002138,endothelial cell of lymphatic vessel,IL1A,cell,Positive,1,25.6
CL_0000160,goblet cell,TGFB,cytokine,Unknown,1,4.04
CL_0000625,"CD8-positive, alpha-beta T cell",IL35,cytokine,Positive,1,2.88
CL_0000542,lymphocyte,CCL4,cytokine,Negative,1,8.38
CL_0000233,platelet,CCL5,cytokine,Positive,1,1.67
CL_0000066,epithelial cell,CXCL16,cytokine,Negative,1,60.21
CL_0000129,microglial cell,CCL7,cytokine,Positive,1,18.6
CL_0000084,T cell,IL22,cytokine,Positive,1,0.13
CL_0000815,regulatory T cell,IL7,cytokine,Unknown,1,6.92
CL_0000182,hepatocyte,IFN1,cytokine,Positive,1,1.33
CL_0000775,neutrophil,CCL9,cytokine,Unknown,1,8.1
CL_0000057,fibroblast,CCL6,cytokine,Positive,1,2.04
CL_0000100,motor neuron,EPO,cytokine,Unknown,1,43.06
CL_0000125,glial cell,IL6,cytokine,Positive,1,0.74
CL_0000898,naive T cell,TGFB1,cytokine,Positive,1,1.14
CL_0000359,vascular associated smooth muscle cell,IL11,cytokine,Negative,1,251.98
CL_0000581,peritoneal macrophage,TNF,cytokine,Negative,1,1.29
CL_0000084,T cell,IFNL3,cytokine,Unknown,1,4.62
CL_0000625,"CD8-positive, alpha-beta T cell",CXCL11,cytokine,Positive,1,10.07
CL_0000134,mesenchymal cell,IL1B,cytokine,Unknown,1,1.71
CL_0000767,basophil,CXCL8,cytokine,Unknown,1,1.95
CL_0000849,crypt olfactory receptor neuron,TGFB,cytokine,Unknown,1,94.84
CL_0000235,macrophage,CXCL10,cytokine,Positive,1,0.19
CL_0000145,professional antigen presenting cell,IL1B,cytokine,Positive,1,1.63
CL_0000038,erythroid progenitor cell,TGFB1,cytokine,Positive,1,0.71
CL_0000545,T-helper 1 cell,PPBP,cytokine,Positive,1,1.24
CL_0000312,keratinocyte,CCL3,cell,Positive,1,4.91
CL_0000122,stellate cell,CCL4,cytokine,Unknown,1,349.93
CL_0002367,trabecular meshwork cell,TGFB,cytokine,Positive,1,54.2
CL_0000097,mast cell,IL22,cell,Positive,1,2.8
CL_0000798,gamma-delta T cell,IFNG,cytokine,Unknown,1,1.36
CL_0000056,myoblast,IL4,cytokine,Positive,1,0.69
CL_0000307,tracheal epithelial cell,IL22,cytokine,Negative,1,1940.21
CL_0000738,leukocyte,IFNA1,cytokine,Unknown,1,161.17
CL_0002410,pancreatic stellate cell,IL1B,cytokine,Positive,1,31.46
CL_0000059,ameloblast,IL7,cytokine,Unknown,1,162.71
CL_0000771,eosinophil,CX3CL1,cytokine,Unknown,1,3.09
CL_0000813,memory T cell,IL17,cytokine,Negative,1,29.01
CL_0000084,T cell,CCL6,cytokine,Unknown,1,1.5
CL_0000912,helper T cell,IFNG,cytokine,Positive,1,0.21
CL_0000540,neuron,CXCL10,cytokine,Negative,1,9.58
CL_0000322,pneumocyte,IL6,cytokine,Negative,1,13.94
CL_0000545,T-helper 1 cell,CXCL12,cytokine,Positive,1,0.49
CL_0000138,chondrocyte,SPP1,cytokine,Unknown,1,7.4
CL_0000746,cardiac muscle cell,IL10,cytokine,Unknown,1,1.36
CL_0000902,induced T-regulatory cell,IL6,cytokine,Negative,1,10.55
CL_0000911,effector T cell,IL2,cytokine,Positive,1,0.39
CL_0000235,macrophage,TNFSF14,cytokine,Positive,1,5.48
CL_0000057,fibroblast,PDGFA,cytokine,Unknown,1,17.6
CL_0000917,Tc1 cell,CXCL10,cytokine,Negative,1,339.39
CL_0002521,subcutaneous fat cell,TNF,cytokine,Positive,1,8.91
CL_0000057,fibroblast,PDGFA,cytokine,Positive,1,5.03
CL_0000792,"CD4-positive, CD25-positive, alpha-beta regulatory T cell",CCL5,cytokine,Positive,1,2.36
CL_0002619,adult endothelial progenitor cell,HGF,cytokine,Positive,1,8.65
CL_0000584,enterocyte,CXCL5,cell,Positive,1,122.75
CL_0000556,megakaryocyte,TGFB1,cytokine,Negative,1,8.34
CL_0000214,synovial cell,CSF2,cytokine,Unknown,1,3.36
CL_0000094,granulocyte,TNF,cytokine,Unknown,1,0.51
CL_0000625,"CD8-positive, alpha-beta T cell",XCL1,cytokine,Unknown,1,28.2
CL_0000542,lymphocyte,IFNA,cytokine,Positive,1,0.12
CL_0000236,B cell,IL1,cytokine,Negative,1,0.47
CL_0000066,epithelial cell,IL1B,cytokine,Negative,1,1.62
CL_0002092,bone marrow cell,TGFB1,cytokine,Positive,1,0.68
CL_0000182,hepatocyte,IL1RN,cytokine,Positive,1,1.51
CL_0000451,dendritic cell,IL6,cytokine,Negative,1,1.32
CL_0000235,macrophage,IL27,cytokine,Unknown,1,1.64
CL_0000187,muscle cell,HGF,cytokine,Unknown,1,34.29
CL_0000546,T-helper 2 cell,IL13,cytokine,Negative,1,9.08
CL_0000062,osteoblast,SPP1,cytokine,Negative,1,17.99
CL_0000499,stromal cell,EGF,cytokine,Positive,1,5.26
CL_0000623,natural killer cell,IFNB1,cytokine,Unknown,1,1.09
CL_0000115,endothelial cell,TGFA,cytokine,Unknown,1,3.76
CL_0000625,"CD8-positive, alpha-beta T cell",IL16,cytokine,Unknown,1,6
CL_0000784,plasmacytoid dendritic cell,CCL2,cytokine,Positive,1,0.7
CL_0000362,epidermal cell,IL1,cytokine,Negative,1,30.89
CL_0000077,mesothelial cell,EGF,cytokine,Positive,1,61.25
CL_1001319,bladder cell,IFNG,cytokine,Positive,1,0.93
CL_0000632,hepatic stellate cell,PDGFB,cytokine,Negative,1,1221.11
CL_0002609,neuron of cerebral cortex,IL1RN,cytokine,Negative,1,779.55
CL_0000969,regulatory B cell,IL21,cytokine,Positive,1,9.69
CL_0000899,T-helper 17 cell,IL13,cytokine,Positive,1,1.66
CL_0000023,oocyte,EGF,cytokine,Negative,1,206.65
CL_0000831,mast cell progenitor,CCL2,cytokine,Negative,1,386.32
CL_0000844,germinal center B cell,IL4,cytokine,Unknown,1,17.28
CL_0000788,naive B cell,IL12,cytokine,Unknown,1,39.84
CL_0000794,"CD8-positive, alpha-beta cytotoxic T cell",TGFB,cytokine,Unknown,1,5.42
CL_0000581,peritoneal macrophage,CCL2,cytokine,Positive,1,0.59
CL_1001607,articular chondrocyte,TGFB,cytokine,Positive,1,2.26
CL_0000650,mesangial cell,TNF,cytokine,Unknown,1,1.07
CL_0000084,T cell,CXCL16,cytokine,Negative,1,5.06
CL_0000909,"CD8-positive, alpha-beta memory T cell",CCL26,cytokine,Unknown,1,261.33
CL_0000037,hematopoietic stem cell,CSF1,cytokine,Positive,1,0.98
CL_0000235,macrophage,CCL3,cytokine,Negative,1,2.1
CL_0002563,intestinal epithelial cell,CCL20,cytokine,Negative,1,187.71
CL_0000097,mast cell,CD40LG,cell,Positive,1,1.3
CL_0000192,smooth muscle cell,TNF,cytokine,Unknown,1,0.87
CL_0000893,thymocyte,IL10,cytokine,Unknown,1,0.74
CL_0000989,CD11c-low plasmacytoid dendritic cell,IL10,cell,Positive,1,72.86
CL_0002322,embryonic stem cell,LIF,cytokine,Positive,1,26.05
CL_0000771,eosinophil,CCL15,cytokine,Positive,1,10.6
CL_0000040,monoblast,CSF2,cytokine,Unknown,1,299.35
CL_0000084,T cell,TNFSF15,cytokine,Negative,1,5.06
CL_0000236,B cell,IL1B,cytokine,Unknown,1,0.22
CL_0000138,chondrocyte,FGF2,cytokine,Negative,1,2.8
CL_0000676,cap cell,CCL2,cell,Positive,1,35.75
CL_0002489,double negative thymocyte,IL2,cytokine,Unknown,1,18.86
CL_0000216,Sertoli cell,IL1A,cytokine,Positive,1,16.68
CL_0000057,fibroblast,IL17B,cytokine,Positive,1,37.72
CL_0000218,myelinating Schwann cell,FGF2,cytokine,Unknown,1,12.74
CL_0000091,Kupffer cell,IL1A,cell,Positive,1,18.03
CL_0000499,stromal cell,IL4,cell,Positive,1,0.34
CL_0000624,"CD4-positive, alpha-beta T cell",SPP1,cytokine,Unknown,1,1.89
CL_0000066,epithelial cell,EGF,cytokine,Negative,1,23.16
CL_0002139,endothelial cell of vascular tree,CCL16,cytokine,Positive,1,521.38
CL_0000623,natural killer cell,IL23,cytokine,Positive,1,0.87
CL_0000236,B cell,CXCL10,cytokine,Positive,1,0.39
CL_0000775,neutrophil,CSF1,cytokine,Positive,1,0.09
CL_0000815,regulatory T cell,TNFSF9,cytokine,Negative,1,47.33
CL_0002092,bone marrow cell,EPO,cytokine,Unknown,1,8.37
CL_0000062,osteoblast,IL1,cytokine,Negative,1,2.36
CL_0000125,glial cell,TNF,cytokine,Unknown,1,1.42
CL_0000623,natural killer cell,CCL19,cytokine,Unknown,1,28.69
CL_0000359,vascular associated smooth muscle cell,IL1B,cytokine,Positive,1,2.15
CL_0000881,perivascular macrophage,CSF2,cytokine,Positive,1,85.54
CL_0000625,"CD8-positive, alpha-beta T cell",EBI3,cytokine,Unknown,1,70.5
CL_0000127,astrocyte,IL10,cytokine,Unknown,1,0.59
CL_0000771,eosinophil,IL9,cytokine,Positive,1,1.8
CL_0000134,mesenchymal cell,IL6,cytokine,Positive,1,0.25
CL_0000767,basophil,IL1B,cytokine,Positive,1,0.63
CL_0000711,cumulus cell,IL1,cell,Positive,1,98.62
CL_0000235,macrophage,CXCL5,cytokine,Positive,1,1.01
CL_0000545,T-helper 1 cell,TGFB,cytokine,Positive,1,0.11
CL_0000122,stellate cell,IL1A,cytokine,Positive,1,36.14
CL_0000897,"CD4-positive, alpha-beta memory T cell",IL7,cytokine,Positive,1,37.19
CL_0000312,keratinocyte,CXCL1,cell,Positive,1,4.19
CL_0000115,endothelial cell,CXCL10,cytokine,Unknown,1,2.38
CL_0000056,myoblast,LIF,cytokine,Unknown,1,62.53
CL_0000374,trichogen cell,TNF,cytokine,Unknown,1,15.59
CL_0000162,parietal cell,IL1B,cytokine,Negative,1,150.53
CL_0002544,aortic endothelial cell,FGF2,cytokine,Negative,1,40.91
CL_0000540,neuron,CXCL13,cell,Positive,1,3.38
CL_0000322,pneumocyte,TNF,cell,Positive,1,2.82
CL_0000912,helper T cell,IL1A,cytokine,Positive,1,4.93
CL_0000542,lymphocyte,TGFB1,cytokine,Negative,1,0.51
CL_0002231,epithelial cell of prostate,TGFB1,cytokine,Positive,1,8.14
CL_0000576,monocyte,CXCL1,cytokine,Unknown,1,2.38
CL_0000902,induced T-regulatory cell,TGFB1,cytokine,Negative,1,15.78
CL_0000775,neutrophil,IL3,cytokine,Unknown,1,0.59
CL_0000911,effector T cell,TGFB,cytokine,Positive,1,0.79
CL_0011003,magnocellular neurosecretory cell,IL6,cell,Positive,1,72.25
CL_0000192,smooth muscle cell,IFNG,cytokine,Unknown,1,0.61
CL_0002128,Tc17 cell,IL12,cytokine,Negative,1,163.39
CL_0000214,synovial cell,FGF2,cytokine,Unknown,1,4.44
CL_0001041,"CD8-positive, CXCR3-positive, alpha-beta regulatory T cell",CXCL10,cytokine,Positive,1,595.87
CL_0000233,platelet,IL1A,cytokine,Unknown,1,1.85
CL_0000775,neutrophil,FGF1,cytokine,Positive,1,0.76
CL_0000182,hepatocyte,IL4,cytokine,Negative,1,1.05
CL_0000451,dendritic cell,TGFB1,cytokine,Positive,1,0.25
CL_0000235,macrophage,IL32,cytokine,Negative,1,8.74
CL_0009004,retinal cell,IL17A,cytokine,Negative,1,671.61
CL_0000187,muscle cell,IL18,cytokine,Positive,1,5.47
CL_0000546,T-helper 2 cell,IL18,cytokine,Negative,1,7.79
CL_0000624,"CD4-positive, alpha-beta T cell",IL23,cell,Positive,1,1.21
CL_0000115,endothelial cell,TGFB1,cytokine,Negative,1,0.67
CL_0000653,glomerular visceral epithelial cell,TNF,cytokine,Negative,1,2.77
CL_0000178,Leydig cell,TGFB1,cytokine,Positive,1,5.23
CL_0000362,epidermal cell,IL1B,cytokine,Negative,1,32.72
CL_0000077,mesothelial cell,TGFB,cytokine,Unknown,1,8.62
CL_0000047,neuronal stem cell,CCL2,cytokine,Positive,1,3.73
CL_0000815,regulatory T cell,IFNG,cytokine,Positive,1,0.2
CL_0000624,"CD4-positive, alpha-beta T cell",CXCL8,cytokine,Negative,1,0.53
CL_0002627,mature astrocyte,IFNG,cytokine,Negative,1,24.85
CL_0000034,stem cell,IFNA,cytokine,Positive,1,0.44
CL_0002621,gingival epithelial cell,TGFB1,cytokine,Unknown,1,64.08
CL_0000788,naive B cell,TNFSF13B,cytokine,Unknown,1,493.62
CL_0000169,type B pancreatic cell,IL17A,cytokine,Positive,1,6.68
CL_0000581,peritoneal macrophage,CSF3,cytokine,Negative,1,4.61
CL_0000134,mesenchymal cell,CCL3,cell,Positive,1,6.44
CL_0000909,"CD8-positive, alpha-beta memory T cell",IL27,cytokine,Unknown,1,113.91
CL_0000771,eosinophil,IL18,cytokine,Unknown,1,1.25
CL_0000049,common myeloid progenitor,IL3,cytokine,Unknown,1,91.04
CL_0000235,macrophage,CCL4L2,cell,Positive,1,6.74
CL_0007010,preosteoblast,FGF2,cytokine,Positive,1,56.44
CL_0000545,T-helper 1 cell,IL1B,cytokine,Positive,1,0.19
CL_0002563,intestinal epithelial cell,CXCL10,cytokine,Negative,1,77.89
CL_0000097,mast cell,CXCL12,cytokine,Unknown,1,2.22
CL_0000514,smooth muscle myoblast,HGF,cytokine,Unknown,1,158.25
CL_0002397,"CD14-positive, CD16-positive monocyte",CSF1,cytokine,Unknown,1,139.02
CL_0000135,fibrocyte,IL13,cytokine,Unknown,1,47.81
CL_0000839,myeloid lineage restricted progenitor cell,CCL15,cytokine,Negative,1,8623.15
CL_0000792,"CD4-positive, CD25-positive, alpha-beta regulatory T cell",IL21,cytokine,Unknown,1,1.99
CL_0000583,alveolar macrophage,CCL5,cytokine,Positive,1,11.31
CL_0000771,eosinophil,CCL2,cytokine,Unknown,1,0.37
CL_0000540,neuron,CCL13,cytokine,Unknown,1,154.51
CL_0000138,chondrocyte,IFNG,cytokine,Unknown,1,0.2
CL_0000066,epithelial cell,TGFB2,cytokine,Negative,1,27.37
CL_0000809,"double-positive, alpha-beta thymocyte",IL7,cytokine,Unknown,1,216.94
CL_0000216,Sertoli cell,TGFA,cell,Positive,1,53.46
CL_0000218,myelinating Schwann cell,TGFB,cytokine,Unknown,1,6.12
CL_0000546,T-helper 2 cell,IL9,cytokine,Positive,1,4.92
CL_0000091,Kupffer cell,TNF,cytokine,Unknown,1,1.32
CL_0000576,monocyte,CCL25,cytokine,Positive,1,3.45
CL_0002608,hippocampal neuron,IL4,cytokine,Positive,1,6.24
CL_0000775,neutrophil,IL18,cytokine,Negative,1,1.31
CL_0000911,effector T cell,CCL20,cytokine,Positive,1,20.81
CL_0000216,Sertoli cell,TNF,cytokine,Positive,1,1.03
CL_0000546,T-helper 2 cell,TGFB2,cell,Positive,1,6.99
CL_0000453,Langerhans cell,CSF2,cytokine,Positive,1,3.17
CL_0002140,acinar cell of sebaceous gland,TGFB,cytokine,Unknown,1,94.84
CL_0000556,megakaryocyte,IFNG,cytokine,Unknown,1,0.47
CL_0000233,platelet,CXCL12,cytokine,Negative,1,2.38
CL_0000129,microglial cell,FGF1,cytokine,Positive,1,4.81
CL_0000084,T cell,IL33,cytokine,Unknown,1,0.26
CL_0000546,T-helper 2 cell,CCL11,cytokine,Positive,1,1.39
CL_0002092,bone marrow cell,IL1,cytokine,Negative,1,6.58
CL_0000100,motor neuron,TNF,cytokine,Positive,1,1.27
CL_0000312,keratinocyte,OSM,cell,Positive,1,14.19
CL_0000062,osteoblast,IL11,cytokine,Positive,1,4.62
CL_0000115,endothelial cell,IL34,cytokine,Positive,1,6.67
CL_0000824,mature natural killer cell,TGFB,cytokine,Negative,1,3.3
CL_0000034,stem cell,THPO,cytokine,Positive,1,2.09
CL_1000742,glomerular mesangial cell,PDGFB,cytokine,Unknown,1,2786.71
CL_0000359,vascular associated smooth muscle cell,PDGFB,cytokine,Positive,1,90.49
CL_0000786,plasma cell,CSF3,cytokine,Negative,1,13.1
CL_0000738,leukocyte,RETN,cytokine,Negative,1,6.44
CL_0000771,eosinophil,TGFB,cytokine,Unknown,1,0.21
CL_0000134,mesenchymal cell,PPBP,cytokine,Positive,1,3.2
CL_0000767,basophil,IL33,cytokine,Unknown,1,19.41
CL_0000037,hematopoietic stem cell,PF4,cytokine,Unknown,1,9.01
CL_0000540,neuron,PF4,cytokine,Negative,1,7.53
CL_0000235,macrophage,EBI3,cytokine,Unknown,1,23.96
CL_0000136,fat cell,CD40LG,cytokine,Positive,1,0.64
CL_0000545,T-helper 1 cell,TNFSF15,cytokine,Unknown,1,24.72
CL_0000034,stem cell,CCL2,cytokine,Positive,1,0.32
CL_0000115,endothelial cell,CXCL16,cytokine,Positive,1,4
CL_0000798,gamma-delta T cell,TGFB,cytokine,Positive,1,1.13
CL_0000351,trophoblast cell,FGF2,cytokine,Unknown,1,15.8
CL_0000669,pericyte cell,IFNG,cytokine,Positive,1,0.62
CL_0002544,aortic endothelial cell,PDGF,cytokine,Positive,1,46.84
CL_0000771,eosinophil,IFNA,cytokine,Positive,1,0.14
CL_0002334,preadipocyte,CSF1,cell,Positive,1,7.99
CL_0000236,B cell,LECT1,cytokine,Positive,1,11.49
CL_0000912,helper T cell,IL23,cytokine,Positive,1,11.71
CL_0002150,epithelioid macrophage,TGFB1,cytokine,Unknown,1,256.3
CL_0000545,T-helper 1 cell,IL1,cytokine,Positive,1,0.18
CL_0000746,cardiac muscle cell,IL1RN,cytokine,Negative,1,42.97
CL_0000863,inflammatory macrophage,CSF2,cytokine,Negative,1,20.06
CL_0002321,embryonic cell,TGFA,cell,Positive,1,1389.87
CL_0002327,mammary epithelial cell,EPO,cytokine,Positive,1,7.6
CL_0000192,smooth muscle cell,IL1B,cytokine,Negative,1,7.03
CL_0000388,tendon cell,IL17A,cytokine,Positive,1,140.37
CL_0000092,osteoclast,IL27,cytokine,Negative,1,16.05
CL_0000738,leukocyte,CCL21,cytokine,Unknown,1,9.48
CL_0002619,adult endothelial progenitor cell,TNF,cytokine,Unknown,1,1.38
CL_0000623,natural killer cell,TNFSF15,cytokine,Positive,1,2.95
CL_0000061,cementoblast,PDGFA,cytokine,Negative,1,4233.18
CL_0000084,T cell,TGF,cytokine,Negative,1,3.01
CL_0000775,neutrophil,IFN1,cytokine,Unknown,1,1.05
CL_0000740,retinal ganglion cell,CCL26,cytokine,Positive,1,343.5
CL_0000057,fibroblast,IFNA,cytokine,Positive,1,0.11
CL_0000187,muscle cell,IL33,cytokine,Negative,1,54.91
CL_0000546,T-helper 2 cell,IL2,cytokine,Positive,1,0.08
CL_1000497,kidney cell,FGF2,cytokine,Positive,1,11.29
CL_0000814,mature NK T cell,IL12,cytokine,Negative,1,17.76
CL_0000160,goblet cell,IL10,cytokine,Negative,1,8.38
CL_0000384,ligament cell,TGFB1,cytokine,Positive,1,24.41
CL_0000784,plasmacytoid dendritic cell,IFNA,cytokine,Negative,1,7.58
CL_1000490,mesothelial cell of peritoneum,CXCL12,cell,Positive,1,45.13
CL_0000084,T cell,IL1B,cytokine,Negative,1,0.14
CL_0000081,blood cell,CSF3,cytokine,Unknown,1,23.83
CL_0000047,neuronal stem cell,EPO,cytokine,Unknown,1,34.78
CL_0000899,T-helper 17 cell,IL1RN,cytokine,Unknown,1,10.41
CL_0000451,dendritic cell,CCL2,cytokine,Positive,1,0.33
CL_0000624,"CD4-positive, alpha-beta T cell",IFN1,cytokine,Unknown,1,1.67
CL_0000785,mature B cell,MIF,cytokine,Positive,1,684.32
CL_0000898,naive T cell,CD40LG,cytokine,Positive,1,2.65
CL_0000169,type B pancreatic cell,IL2,cytokine,Positive,1,0.43
CL_0000127,astrocyte,CD40LG,cytokine,Unknown,1,2.02
CL_0000084,T cell,EGF,cytokine,Positive,1,0.24
CL_0000909,"CD8-positive, alpha-beta memory T cell",TGFB,cytokine,Positive,1,2.36
CL_0000037,hematopoietic stem cell,IFNA,cytokine,Negative,1,5.79
CL_0000235,macrophage,CCL9,cell,Positive,1,2.13
CL_0000232,erythrocyte,TNF,cytokine,Positive,1,0.67
CL_0000135,fibrocyte,IL4,cytokine,Positive,1,2.12
CL_0000889,myeloid suppressor cell,IL4,cytokine,Negative,1,236.29
CL_0000233,platelet,THPO,cytokine,Negative,1,6.13
CL_0000084,T cell,XCL1,cytokine,Unknown,1,5.55
CL_0000056,myoblast,CSF1,cytokine,Positive,1,4.16
CL_0000792,"CD4-positive, CD25-positive, alpha-beta regulatory T cell",IL35,cytokine,Negative,1,43.08
CL_0000137,osteocyte,GDF15,cytokine,Positive,1,76.04
CL_0000787,memory B cell,CD40LG,cytokine,Negative,1,135.1
CL_0000501,granulosa cell,TGFA,cytokine,Positive,1,29.43
CL_0000540,neuron,CCL5,cytokine,Negative,1,22
CL_0000236,B cell,IL24,cytokine,Unknown,1,18.27
CL_0000138,chondrocyte,IL18,cytokine,Unknown,1,3.58
CL_0000576,monocyte,CCL4,cytokine,Unknown,1,1.99
CL_0000746,cardiac muscle cell,CCL5,cytokine,Positive,1,10.78
CL_0000743,hypertrophic chondrocyte,TNFSF11,cytokine,Negative,1,33260.71
CL_0000775,neutrophil,IL1A,cytokine,Unknown,1,0.76
CL_0000911,effector T cell,CD40LG,cytokine,Positive,1,2.46
CL_0000188,skeletal muscle cell,TGFB1,cytokine,Positive,1,9.15
CL_0000057,fibroblast,IL22,cytokine,Negative,1,5.01
CL_0000763,myeloid cell,CSF1,cytokine,Positive,1,1.39
CL_0001042,T-helper 22 cell,IL22,cytokine,Unknown,1,150.26
CL_0000453,Langerhans cell,IL10,cytokine,Positive,1,1.83
CL_0000092,osteoclast,IFNB1,cytokine,Negative,1,7.89
CL_0000624,"CD4-positive, alpha-beta T cell",TNFSF4,cytokine,Unknown,1,9.01
CL_0000453,Langerhans cell,IL1B,cytokine,Unknown,1,12.23
CL_0002619,adult endothelial progenitor cell,CD40LG,cytokine,Unknown,1,8.72
CL_0002139,endothelial cell of vascular tree,IFNG,cytokine,Unknown,1,1.17
CL_0000556,megakaryocyte,IL1B,cytokine,Unknown,1,2.36
CL_0000094,granulocyte,CXCL12,cytokine,Negative,1,10.6
CL_0000129,microglial cell,IFNB1,cytokine,Unknown,1,4.1
CL_0000182,hepatocyte,IL13,cytokine,Negative,1,6.75
CL_0002368,respiratory epithelial cell,IFNB1,cytokine,Positive,1,6.35
CL_0000546,T-helper 2 cell,CSF2,cytokine,Positive,1,0.25
CL_0002092,bone marrow cell,IL12,cytokine,Positive,1,0.95
CL_0000182,hepatocyte,IL13,cytokine,Positive,1,0.85
CL_0000451,dendritic cell,IL17,cytokine,Negative,1,4.23
CL_0000057,fibroblast,CXCL12,cytokine,Positive,1,0.21
CL_0000048,multi fate stem cell,IL6,cytokine,Positive,1,12.24
CL_0000546,T-helper 2 cell,CXCL2,cell,Positive,1,6.01
CL_0000359,vascular associated smooth muscle cell,TGFB1,cytokine,Unknown,1,5.83
CL_0000653,glomerular visceral epithelial cell,CSF2,cell,Positive,1,3.28
CL_0000625,"CD8-positive, alpha-beta T cell",IFNB1,cytokine,Positive,1,0.34
CL_0000767,basophil,IL4,cytokine,Positive,1,0.4
CL_0000235,macrophage,FGF1,cytokine,Positive,1,0.47
CL_0000136,fat cell,EGF,cytokine,Unknown,1,17.93
CL_0000128,oligodendrocyte,LIF,cytokine,Unknown,1,82.74
CL_0000034,stem cell,CCL4L2,cell,Positive,1,71.57
CL_0000312,keratinocyte,HGF,cytokine,Positive,1,1.16
CL_0000586,germ cell,CXCL12,cytokine,Positive,1,13.59
CL_0000351,trophoblast cell,IL6,cytokine,Positive,1,1.96
CL_0000796,"CD8-alpha-beta-positive, alpha-beta intraepithelial T cell",IL10,cell,Positive,1,72.86
CL_0000669,pericyte cell,PDGF,cytokine,Positive,1,34.35
CL_0000771,eosinophil,IFNL2,cytokine,Negative,1,190.22
CL_0002334,preadipocyte,IL1B,cytokine,Negative,1,22.81
CL_0000771,eosinophil,IL1,cytokine,Unknown,1,0.34
CL_0000682,M cell,IL1RN,cytokine,Unknown,1,798.28
CL_0002334,preadipocyte,IL4,cytokine,Negative,1,14.32
CL_0000232,erythrocyte,CSF1,cytokine,Negative,1,17.82
CL_0000576,monocyte,HGF,cytokine,Unknown,1,0.97
CL_0000746,cardiac muscle cell,IL5,cytokine,Positive,1,1.43
CL_0000775,neutrophil,IL5,cytokine,Negative,1,0.73
CL_0002322,embryonic stem cell,CXCL8,cytokine,Positive,1,1.41
CL_0000192,smooth muscle cell,IL6,cytokine,Negative,1,3.65
CL_0000763,myeloid cell,IL6,cytokine,Negative,1,3.03
CL_0000942,thymic plasmacytoid dendritic cell,IFNA,cell,Positive,1,129.97
CL_0000092,osteoclast,IL33,cytokine,Unknown,1,3.89
CL_0000557,granulocyte monocyte progenitor cell,IL1,cytokine,Unknown,1,3.71
CL_0000903,natural T-regulatory cell,IL10,cytokine,Unknown,1,43.2
CL_0001031,cerebellar granule cell,TNF,cytokine,Positive,1,26.72
CL_0000236,B cell,IL12B,cytokine,Negative,1,11.45
CL_0000775,neutrophil,IFNB1,cytokine,Unknown,1,1.29
CL_1000488,cholangiocyte,CXCL16,cell,Positive,1,470.03
CL_0002328,bronchial epithelial cell,IL13,cytokine,Unknown,1,22.31
CL_0002148,dental pulp cell,TGFB1,cytokine,Unknown,1,51.26
CL_0002586,retinal pigment epithelial cell,IFNG,cytokine,Positive,1,6.23
CL_0000187,muscle cell,PDGF,cytokine,Positive,1,17.17
CL_0000624,"CD4-positive, alpha-beta T cell",IL33,cytokine,Positive,1,0.33
CL_1000497,kidney cell,TGFB1,cytokine,Positive,1,7.32
CL_0000814,mature NK T cell,IL15,cytokine,Positive,1,5.2
CL_1000413,endothelial cell of artery,CXCL12,cytokine,Unknown,1,856.25
CL_1001567,lung endothelial cell,IL17,cytokine,Positive,1,52.14
CL_0000784,plasmacytoid dendritic cell,IL1,cytokine,Unknown,1,2.24
CL_0000236,B cell,CCL11,cell,Positive,1,0.45
CL_0000066,epithelial cell,CCL20,cytokine,Positive,1,6.19
CL_0000084,T cell,IL1RN,cytokine,Positive,1,0.12
CL_0000081,blood cell,IL2,cell,Positive,1,2.84
CL_0000182,hepatocyte,CSF2,cytokine,Negative,1,1.51
CL_0000047,neuronal stem cell,KITLG,cytokine,Unknown,1,145.55
CL_0000815,regulatory T cell,IL2,cytokine,Negative,1,2.29
CL_0000899,T-helper 17 cell,IL21,cytokine,Negative,1,11.42
CL_0000624,"CD4-positive, alpha-beta T cell",IFNA1,cytokine,Unknown,1,121.64
CL_0000115,endothelial cell,IL10,cytokine,Unknown,1,0.2
CL_0002629,mature microglial cell,CCL2,cytokine,Unknown,1,11.69
CL_0000034,stem cell,IL13,cytokine,Positive,1,1.27
CL_0000898,naive T cell,IL10,cytokine,Negative,1,6.15
CL_0000127,astrocyte,CXCL1,cytokine,Negative,1,39.08
CL_0000084,T cell,IFN1,cytokine,Negative,1,0.87
CL_0000625,"CD8-positive, alpha-beta T cell",CCL2,cytokine,Unknown,1,0.31
CL_0000127,astrocyte,CXCL1,cytokine,Positive,1,4.9
CL_0000771,eosinophil,IL23,cytokine,Positive,1,1.12
CL_0000820,B-1a B cell,CD40LG,cytokine,Positive,1,28.24
CL_0000990,conventional dendritic cell,IL21,cytokine,Negative,1,201.99
CL_0000145,professional antigen presenting cell,CCL2,cytokine,Unknown,1,5.85
CL_0000038,erythroid progenitor cell,CSF1,cytokine,Positive,1,1.74
CL_0000576,monocyte,IL16,cytokine,Positive,1,0.88
CL_0002089,nuocyte,IL33,cytokine,Unknown,1,1445.94
CL_0000097,mast cell,IFNL1,cytokine,Positive,1,56.88
CL_0000492,CD4-positive helper T cell,IL4,cytokine,Unknown,1,20.74
CL_0002563,intestinal epithelial cell,IL6,cytokine,Unknown,1,2.81
CL_0000060,odontoblast,TGFB,cytokine,Unknown,1,11.16
CL_0000115,endothelial cell,CCL4,cytokine,Positive,1,1.37
CL_0000097,mast cell,IL12,cytokine,Negative,1,2.12
CL_0000843,follicular B cell,TNFSF13B,cytokine,Unknown,1,2221.29
CL_0000137,osteocyte,TGFB1,cytokine,Positive,1,4.58
CL_0000583,alveolar macrophage,IL17A,cytokine,Negative,1,27.75
CL_0000771,eosinophil,CCL5,cytokine,Positive,1,1.49
CL_0000787,memory B cell,IL12B,cell,Positive,1,323.15
CL_0002248,pluripotent stem cell,IL6,cytokine,Unknown,1,57.12
CL_0000545,T-helper 1 cell,CCL2,cytokine,Positive,1,0.2
CL_0000236,B cell,IL3,cytokine,Unknown,1,0.78
CL_0000542,lymphocyte,IL6,cytokine,Negative,1,0.34
CL_0000082,epithelial cell of lung,IL1B,cytokine,Negative,1,16.73
CL_0000746,cardiac muscle cell,CXCL2,cytokine,Positive,1,10.78
CL_0000902,induced T-regulatory cell,CCL22,cell,Positive,1,134.36
CL_0002620,skin fibroblast,FGF2,cytokine,Negative,1,56.26
CL_0000057,fibroblast,IL4,cytokine,Negative,1,0.41
CL_0001042,T-helper 22 cell,TGFB,cytokine,Positive,1,3.19
CL_0000556,megakaryocyte,IL4,cytokine,Negative,1,3.38
CL_0000094,granulocyte,EPO,cytokine,Negative,1,11.2
CL_0000625,"CD8-positive, alpha-beta T cell",TGFB2,cytokine,Negative,1,11.68
CL_0000542,lymphocyte,CXCL8,cytokine,Unknown,1,0.25
CL_0000066,epithelial cell,IL10,cytokine,Positive,1,0.11
CL_0000775,neutrophil,CXCL14,cytokine,Positive,1,4.4
CL_0000182,hepatocyte,IL17,cytokine,Negative,1,2.76
CL_0000451,dendritic cell,IL2,cytokine,Positive,1,0.09
CL_0000647,multinucleated giant cell,IFNG,cytokine,Positive,1,1.87
CL_0000062,osteoblast,IL3,cytokine,Negative,1,17.92
CL_0000096,mature neutrophil,CXCL5,cytokine,Positive,1,51.49
CL_0000499,stromal cell,CSF2,cytokine,Unknown,1,1.17
CL_0002543,vein endothelial cell,IL1B,cytokine,Positive,1,8.58
CL_0000786,plasma cell,IL10,cytokine,Positive,1,0.85
CL_0000653,glomerular visceral epithelial cell,HGF,cytokine,Positive,1,7.63
CL_0000738,leukocyte,TGFB1,cytokine,Negative,1,0.61
CL_0000771,eosinophil,TNFSF8,cytokine,Negative,1,126.81
CL_0000613,basophil progenitor cell,TGFB1,cytokine,Unknown,1,128.15
CL_0000037,hematopoietic stem cell,THPO,cytokine,Positive,1,3.46
CL_0000540,neuron,TGFB2,cytokine,Unknown,1,11.24
CL_0000910,cytotoxic T cell,IL12,cytokine,Unknown,1,3.14
CL_0000235,macrophage,GDF15,cytokine,Positive,1,0.38
CL_0000576,monocyte,LECT2,cytokine,Positive,1,3.77
CL_0000899,T-helper 17 cell,CXCL8,cytokine,Positive,1,0.36
CL_0000128,oligodendrocyte,TGFB,cytokine,Unknown,1,2.92
CL_0000136,fat cell,IL10,cytokine,Negative,1,1.5
CL_0002366,myometrial cell,TNF,cytokine,Positive,1,26.72
CL_0000669,pericyte cell,TGFB,cytokine,Positive,1,1.81
CL_1001607,articular chondrocyte,CXCL8,cytokine,Positive,1,3.47
CL_0002418,hemangioblast,FGF2,cytokine,Unknown,1,131.67
CL_0000067,ciliated epithelial cell,IL13,cytokine,Unknown,1,1338.6
CL_0000235,macrophage,CCL13,cytokine,Positive,1,6.85
CL_0000863,inflammatory macrophage,IL25,cytokine,Positive,1,59.91
CL_0002327,mammary epithelial cell,TGFB2,cytokine,Positive,1,46.84
CL_0000893,thymocyte,CSF1,cytokine,Positive,1,0.76
CL_0002322,embryonic stem cell,IFNG,cytokine,Positive,1,0.32
CL_0000738,leukocyte,CCL6,cytokine,Negative,1,39.7
CL_0002319,neural cell,FGF2,cytokine,Unknown,1,26.33
CL_0000084,T cell,TGFB2,cytokine,Negative,1,2.3
CL_1000488,cholangiocyte,TGFB1,cytokine,Negative,1,53.09
CL_0000066,epithelial cell,PPBP,cell,Positive,1,1.96
CL_0002328,bronchial epithelial cell,IL1B,cytokine,Positive,1,1.57
CL_0000700,dopaminergic neuron,FGF2,cytokine,Unknown,1,20.79
CL_0000235,macrophage,IL5,cytokine,Positive,1,0.06
CL_0000101,sensory neuron,IFNG,cytokine,Positive,1,1.87
CL_0000187,muscle cell,TGFB1,cytokine,Unknown,1,4.27
CL_0000091,Kupffer cell,CSF1,cell,Positive,1,3.72
CL_0000499,stromal cell,IL17,cytokine,Positive,1,0.61
CL_0000160,goblet cell,IL33,cytokine,Unknown,1,30.76
CL_0000625,"CD8-positive, alpha-beta T cell",IL27,cytokine,Negative,1,5.49
CL_0000542,lymphocyte,CCL2,cytokine,Negative,1,0.68
CL_0000784,plasmacytoid dendritic cell,TGFB1,cytokine,Positive,1,0.53
CL_0000236,B cell,CCL21,cytokine,Positive,1,1.69
CL_0000899,T-helper 17 cell,IL23,cytokine,Negative,1,35.73
CL_0001035,bone cell,TGFB,cytokine,Negative,1,36.02
CL_0000451,dendritic cell,CXCL10,cytokine,Unknown,1,7.07
CL_0002495,fetal cardiomyocyte,IL17A,cytokine,Positive,1,421.12
CL_0000113,mononuclear phagocyte,IL10,cytokine,Positive,1,0.87
CL_0000062,osteoblast,CCL20,cytokine,Positive,1,4.77
CL_0002629,mature microglial cell,IL33,cytokine,Positive,1,14.25
CL_0000034,stem cell,IL3,cytokine,Negative,1,8.96
CL_0000125,glial cell,IL17,cytokine,Unknown,1,8.29
CL_0000898,naive T cell,IL15,cytokine,Negative,1,29.82
CL_0002063,type II pneumocyte,IL17,cytokine,Positive,1,22.35
CL_0000625,"CD8-positive, alpha-beta T cell",CCL3,cytokine,Positive,1,0.77
CL_0000127,astrocyte,FGF1,cytokine,Unknown,1,18.04
CL_0000646,basal cell,IFNB1,cytokine,Negative,1,419.25
CL_0000037,hematopoietic stem cell,IL15,cytokine,Unknown,1,4.6
CL_0000145,professional antigen presenting cell,IFNG,cytokine,Negative,1,2.57
CL_0000127,astrocyte,IFNA,cytokine,Unknown,1,1.58
CL_0000037,hematopoietic stem cell,IL2,cytokine,Positive,1,0.15
CL_0000540,neuron,IL31,cytokine,Positive,1,12.61
CL_0000575,corneal epithelial cell,TNF,cytokine,Negative,1,53.27
CL_0000145,professional antigen presenting cell,IL10,cytokine,Positive,1,0.85
CL_0000576,monocyte,IL1A,cytokine,Unknown,1,0.72
CL_0002563,intestinal epithelial cell,TGFB1,cytokine,Positive,1,1.2
CL_0000588,odontoclast,IL4,cytokine,Negative,1,472.58
CL_0000476,thyrotroph,EGF,cytokine,Unknown,1,4715.97
CL_0000793,"CD4-positive, alpha-beta intraepithelial T cell",IL15,cytokine,Positive,1,11.4
CL_0000115,endothelial cell,CKLF,cytokine,Unknown,1,174.96
CL_0000097,mast cell,IL17,cytokine,Positive,1,0.41
CL_0000056,myoblast,IFNB1,cytokine,Unknown,1,14.98
CL_0000738,leukocyte,IFN1,cytokine,Unknown,1,2.21
CL_0002064,pancreatic acinar cell,IFN1,cytokine,Unknown,1,699.86
CL_0000583,alveolar macrophage,IL4,cytokine,Unknown,1,1.71
CL_0000912,helper T cell,CSF2,cytokine,Unknown,1,3.4
CL_0000322,pneumocyte,CXCL12,cytokine,Positive,1,8.74
CL_0000545,T-helper 1 cell,CD40LG,cytokine,Unknown,1,1.2
CL_0000138,chondrocyte,IL32,cytokine,Unknown,1,38.2
CL_0000902,induced T-regulatory cell,IL17,cytokine,Negative,1,33.71
CL_0000763,myeloid cell,IFNG,cytokine,Unknown,1,0.51
CL_0002061,T-helper 9 cell,IL21,cytokine,Negative,1,125.04
CL_0000092,osteoclast,IL11,cytokine,Negative,1,29.8
CL_0000792,"CD4-positive, CD25-positive, alpha-beta regulatory T cell",CCL22,cytokine,Negative,1,46.4
CL_0002224,lens epithelial cell,FGF2,cytokine,Positive,1,11.29
CL_0000623,natural killer cell,LTA,cytokine,Positive,1,1.25
CL_0000625,"CD8-positive, alpha-beta T cell",TNFSF15,cytokine,Unknown,1,11.28
CL_0000066,epithelial cell,IL15,cytokine,Negative,1,4.11
CL_0000129,microglial cell,IL12,cytokine,Unknown,1,1.14
CL_0000775,neutrophil,CXCL5,cytokine,Negative,1,12.99
CL_0000451,dendritic cell,IL3,cytokine,Unknown,1,4.01
CL_0000647,multinucleated giant cell,TGFA,cytokine,Unknown,1,329.61
CL_0000096,mature neutrophil,EPO,cytokine,Negative,1,32.7
CL_0000499,stromal cell,CXCL12,cytokine,Positive,1,0.96
CL_0000623,natural killer cell,EGF,cytokine,Positive,1,1.14
CL_0000448,white fat cell,TGFB,cytokine,Positive,1,27.1
CL_0000653,glomerular visceral epithelial cell,IL2,cytokine,Positive,1,0.35
CL_0000127,astrocyte,LIF,cytokine,Unknown,1,18.35
CL_0000065,ependymal cell,TGFB,cytokine,Unknown,1,47.42
CL_0000632,hepatic stellate cell,CCL3,cytokine,Positive,1,32.39
CL_0000910,cytotoxic T cell,IL17A,cell,Positive,1,5.45
CL_0002129,regular atrial cardiac myocyte,IL1B,cytokine,Positive,1,94.39
CL_0000128,oligodendrocyte,TNF,cytokine,Unknown,1,1.44
CL_0000586,germ cell,TNF,cytokine,Negative,1,11.84
CL_0002372,myotube,IL6,cytokine,Negative,1,24.4
CL_0000169,type B pancreatic cell,CXCL10,cytokine,Negative,1,75.42
CL_0000738,leukocyte,IL16,cytokine,Unknown,1,6.86
CL_0000669,pericyte cell,TNF,cytokine,Positive,1,1.78
CL_0000540,neuron,IFN1,cytokine,Unknown,1,4.23
CL_0000232,erythrocyte,IFN1,cytokine,Positive,1,7.5
CL_0000097,mast cell,CCL1,cell,Positive,1,27.98
CL_0000192,smooth muscle cell,SPP1,cytokine,Positive,1,6.35
CL_0000763,myeloid cell,TNFSF9,cytokine,Unknown,1,15.14
CL_0002322,embryonic stem cell,IL22,cytokine,Unknown,1,43.3
CL_0000890,alternatively activated macrophage,IL34,cytokine,Positive,1,132.72
CL_0000148,melanocyte,IFNB1,cell,Positive,1,7.76
CL_0000557,granulocyte monocyte progenitor cell,IL4,cytokine,Unknown,1,2.47
CL_0002319,neural cell,MIF,cytokine,Unknown,1,638.62
CL_0000233,platelet,PDGFA,cell,Positive,1,10.51
CL_0000236,B cell,IL17,cytokine,Unknown,1,0.36
CL_0000129,microglial cell,TGFB1,cytokine,Unknown,1,0.82
CL_0000138,chondrocyte,CXCL12,cytokine,Unknown,1,2.67
CL_0000066,epithelial cell,TGF,cytokine,Positive,1,4.49
CL_0000700,dopaminergic neuron,IL1A,cytokine,Unknown,1,79.87
CL_0000235,macrophage,IL7,cytokine,Negative,1,0.46
CL_0000101,sensory neuron,TNF,cytokine,Positive,1,2.67
CL_0000091,Kupffer cell,IL1,cell,Positive,1,1.85
CL_0000092,osteoclast,CCL9,cytokine,Negative,1,98.82
CL_0000814,mature NK T cell,TGFB,cytokine,Negative,1,9.4
CL_0002138,endothelial cell of lymphatic vessel,IFNG,cytokine,Positive,1,0.75
CL_0000160,goblet cell,IL9,cytokine,Positive,1,35.16
CL_0000623,natural killer cell,IL1B,cytokine,Negative,1,0.63
CL_0000625,"CD8-positive, alpha-beta T cell",IL33,cytokine,Unknown,1,1.33
CL_0000542,lymphocyte,CCL21,cytokine,Positive,1,2.26
CL_0000066,epithelial cell,CXCL12,cytokine,Positive,1,0.53
CL_0000899,T-helper 17 cell,IL25,cytokine,Unknown,1,30.99
CL_0002092,bone marrow cell,CCL4,cytokine,Positive,1,11.11
CL_0000451,dendritic cell,HGF,cytokine,Positive,1,1.99
CL_0000113,mononuclear phagocyte,TNF,cytokine,Unknown,1,1.64
CL_0000062,osteoblast,CSF3,cytokine,Negative,1,2.53
CL_0000115,endothelial cell,IL18,cytokine,Positive,1,0.37
CL_0002629,mature microglial cell,TNF,cytokine,Unknown,1,3.22
CL_0000125,glial cell,IL18,cytokine,Unknown,1,17.4
CL_0000898,naive T cell,IL27,cytokine,Unknown,1,40.94
CL_0000359,vascular associated smooth muscle cell,CCL2,cytokine,Unknown,1,7.71
CL_0000738,leukocyte,IL4,cytokine,Negative,1,0.5
CL_0000581,peritoneal macrophage,IL4,cytokine,Negative,1,2.86
CL_0000057,fibroblast,CCL4,cytokine,Unknown,1,3.62
CL_0000100,motor neuron,CSF3,cytokine,Unknown,1,31.77
CL_0000312,keratinocyte,IL36RN,cell,Positive,1,255.45
CL_0000062,osteoblast,CXCL12,cytokine,Positive,1,0.81
CL_0000125,glial cell,IL32,cytokine,Positive,1,53.09
CL_0000359,vascular associated smooth muscle cell,IFNG,cytokine,Positive,1,0.42
CL_0000581,peritoneal macrophage,TGFB,cytokine,Positive,1,0.33
CL_0000084,T cell,IFNL2,cytokine,Positive,1,3.96
CL_0000134,mesenchymal cell,IL1A,cytokine,Positive,1,2.25
CL_0002364,cortical thymic epithelial cell,IL7,cytokine,Unknown,1,650.82
CL_0000145,professional antigen presenting cell,IL17F,cytokine,Unknown,1,330.32
CL_0000128,oligodendrocyte,EPO,cytokine,Positive,1,3.98
CL_0000901,Tr1 cell,IL27,cytokine,Unknown,1,93.57
CL_0000793,"CD4-positive, alpha-beta intraepithelial T cell",IL7,cytokine,Unknown,1,30.99
CL_0000617,GABAergic neuron,TNF,cytokine,Negative,1,213.08
CL_0000056,myoblast,IL1B,cytokine,Negative,1,26.26
CL_0000792,"CD4-positive, CD25-positive, alpha-beta regulatory T cell",TGF,cytokine,Unknown,1,12.61
CL_0002079,pancreatic ductal cell,IL6,cytokine,Positive,1,48.96
CL_0000771,eosinophil,CSF3,cytokine,Unknown,1,0.36
CL_0000813,memory T cell,IL12B,cytokine,Unknown,1,178.22
CL_0000084,T cell,CCL5,cytokine,Positive,1,0.25
CL_0000322,pneumocyte,IL1RN,cytokine,Negative,1,194.89
CL_0000545,T-helper 1 cell,CXCL10,cytokine,Unknown,1,4.2
CL_0000138,chondrocyte,IL7,cell,Positive,1,1.71
CL_0000082,epithelial cell of lung,TNF,cytokine,Unknown,1,2.08
CL_0000902,induced T-regulatory cell,IL4,cytokine,Negative,1,12.77
CL_0000775,neutrophil,IL22,cytokine,Unknown,1,1.28
CL_0000763,myeloid cell,IL10,cytokine,Negative,1,3.05
CL_0002061,T-helper 9 cell,TNFSF15,cytokine,Positive,1,166.84
CL_0000092,osteoclast,IL17,cytokine,Positive,1,0.42
CL_0002521,subcutaneous fat cell,TGFB,cytokine,Positive,1,18.07
CL_0000792,"CD4-positive, CD25-positive, alpha-beta regulatory T cell",CCL5,cytokine,Negative,1,18.85
CL_0002619,adult endothelial progenitor cell,FGF1,cytokine,Positive,1,44.42
CL_0000584,enterocyte,CSF3,cytokine,Unknown,1,8.55
CL_0000094,granulocyte,IL6,cytokine,Negative,1,2.12
CL_0000233,platelet,IL10,cytokine,Negative,1,0.48
CL_0000236,B cell,IFNL3,cytokine,Negative,1,38.17
CL_0000066,epithelial cell,IL17A,cytokine,Positive,1,0.91
CL_0000129,microglial cell,IL17,cell,Positive,1,0.74
CL_0002092,bone marrow cell,TGFB,cytokine,Positive,1,0.5
CL_0000182,hepatocyte,IL1RN,cytokine,Unknown,1,5.3
CL_0000451,dendritic cell,IL4,cytokine,Unknown,1,0.7
CL_0000187,muscle cell,GDF15,cytokine,Unknown,1,70.96
CL_0002363,keratocyte,IFNG,cytokine,Negative,1,6.48
CL_0000062,osteoblast,PDGF,cytokine,Positive,1,3.42
CL_0000115,endothelial cell,PF4V1,cytokine,Positive,1,50
CL_0000096,mature neutrophil,IL17A,cytokine,Negative,1,53.3
CL_0000786,plasma cell,TNF,cell,Positive,1,0.68
CL_0000653,glomerular visceral epithelial cell,TGFB,cytokine,Negative,1,5.61
CL_0000178,Leydig cell,CCL17,cytokine,Positive,1,1042.77
CL_0000127,astrocyte,PDGFB,cytokine,Positive,1,13.59
CL_0000362,epidermal cell,IFNG,cytokine,Unknown,1,2.84
CL_0000077,mesothelial cell,CCL2,cytokine,Positive,1,4.4
CL_1001319,bladder cell,IFNG,cytokine,Negative,1,7.45
CL_0000632,hepatic stellate cell,KITLG,cell,Positive,1,122.75
CL_0002609,neuron of cerebral cortex,FGF2,cytokine,Positive,1,16.13
CL_0000969,regulatory B cell,IL10,cytokine,Positive,1,1.45
CL_0000023,oocyte,CCL6,cytokine,Unknown,1,159.32
CL_0000136,fat cell,IL34,cytokine,Negative,1,177.05
CL_0000844,germinal center B cell,IL27,cytokine,Positive,1,62.39
CL_0002372,myotube,TNF,cytokine,Unknown,1,5.84
CL_0000169,type B pancreatic cell,IFNA,cytokine,Positive,1,2.1
CL_0000794,"CD8-positive, alpha-beta cytotoxic T cell",IL7,cytokine,Positive,1,5.31
CL_0000581,peritoneal macrophage,CCL2,cytokine,Unknown,1,2.06
CL_1001607,articular chondrocyte,TGFA,cytokine,Positive,1,39.24
CL_0000084,T cell,CXCL14,cytokine,Unknown,1,5.55
CL_0000771,eosinophil,IL16,cytokine,Positive,1,2.03
CL_0000860,classical monocyte,IL1RN,cytokine,Negative,1,389.77
CL_0000817,precursor B cell,IL1B,cytokine,Positive,1,2.36
CL_0000232,erythrocyte,IL13,cytokine,Unknown,1,16.73
CL_0000775,neutrophil,SPP1,cytokine,Positive,1,0.34
CL_0000097,mast cell,CCL6,cytokine,Unknown,1,21.52
CL_0002322,embryonic stem cell,KITLG,cytokine,Unknown,1,64.14
CL_0000792,"CD4-positive, CD25-positive, alpha-beta regulatory T cell",IL1B,cytokine,Unknown,1,0.57
CL_0000890,alternatively activated macrophage,TGFB,cytokine,Negative,1,9.82
CL_0000771,eosinophil,CCL13,cytokine,Unknown,1,83.48
CL_0000148,melanocyte,IL1B,cytokine,Negative,1,10.75
CL_0000338,neuroblast (sensu Nematoda and Protostomia),CCL2,cytokine,Positive,1,10.77
CL_0000542,lymphocyte,IL1A,cytokine,Positive,1,0.38
CL_0000236,B cell,IL18,cytokine,Positive,1,0.22
CL_0000084,T cell,TNFSF14,cytokine,Unknown,1,11.09
CL_0000449,brown fat cell,TNF,cytokine,Unknown,1,18.7
CL_0000775,neutrophil,IL12B,cytokine,Unknown,1,3.85
CL_0000700,dopaminergic neuron,TNF,cytokine,Unknown,1,9.84
CL_0000216,Sertoli cell,IL1,cytokine,Positive,1,3.43
CL_0000218,myelinating Schwann cell,CXCL14,cytokine,Unknown,1,988.83
CL_0000546,T-helper 2 cell,IL6,cytokine,Negative,1,1.16
CL_0000091,Kupffer cell,IL18,cytokine,Unknown,1,16.17
CL_0002365,medullary thymic epithelial cell,LTA,cytokine,Positive,1,742.31
CL_0000624,"CD4-positive, alpha-beta T cell",IL9,cytokine,Unknown,1,4.59
CL_0002138,endothelial cell of lymphatic vessel,IL7,cell,Positive,1,10.98
CL_0000160,goblet cell,TNF,cytokine,Unknown,1,1.99
CL_0000236,B cell,CSF2,cytokine,Negative,1,0.45
CL_0000775,neutrophil,CCL5,cytokine,Positive,1,1.37
CL_0000235,macrophage,IL17,cytokine,Negative,1,0.39
CL_0000622,acinar cell,IL1B,cytokine,Positive,1,6.29
CL_0002138,endothelial cell of lymphatic vessel,TGFB2,cytokine,Positive,1,63.7
CL_0000120,granule cell,TNF,cytokine,Positive,1,4.45
CL_0000129,microglial cell,CSF3,cytokine,Positive,1,0.3
CL_0000775,neutrophil,CD40LG,cytokine,Positive,1,0.09
CL_0000815,regulatory T cell,TNF,cytokine,Unknown,1,0.99
CL_0002092,bone marrow cell,EGF,cytokine,Positive,1,12.48
CL_0000235,macrophage,IL18,cytokine,Negative,1,0.82
CL_0000100,motor neuron,IL1B,cytokine,Unknown,1,15.73
CL_0000062,osteoblast,HGF,cytokine,Negative,1,15.57
CL_0000125,glial cell,TGFB,cytokine,Unknown,1,2.87
CL_0000895,"naive thymus-derived CD4-positive, alpha-beta T cell",IL4,cytokine,Positive,1,29.63
CL_0000625,"CD8-positive, alpha-beta T cell",CXCL8,cell,Positive,1,0.11
CL_0000037,hematopoietic stem cell,IL6,cytokine,Positive,1,0.27
CL_0000540,neuron,IL7,cytokine,Positive,1,0.75
CL_0000306,crystallin accumulating cell,FGF2,cytokine,Positive,1,56.44
CL_0000235,macrophage,CXCL13,cytokine,Unknown,1,1.24
CL_0000145,professional antigen presenting cell,IL6,cytokine,Negative,1,6.73
CL_0000576,monocyte,IL1RN,cytokine,Positive,1,0.32
CL_0000545,T-helper 1 cell,TGFB,cytokine,Unknown,1,0.38
CL_0000128,oligodendrocyte,IFNA,cytokine,Positive,1,2.03
CL_0000122,stellate cell,IFNG,cytokine,Negative,1,12.42
CL_0000897,"CD4-positive, alpha-beta memory T cell",IL21,cytokine,Positive,1,65.86
CL_0000115,endothelial cell,CXCL1,cytokine,Positive,1,1.64
CL_0000374,trichogen cell,GDF15,cytokine,Unknown,1,709.58
CL_0000510,paneth cell,IL22,cytokine,Positive,1,243.31
CL_0000261,anterior cell,FGF2,cytokine,Unknown,1,395.02
CL_0000813,memory T cell,IL2,cell,Positive,1,0.92
CL_0000322,pneumocyte,TGFB1,cytokine,Unknown,1,9.15
CL_0000576,monocyte,CX3CL1,cytokine,Unknown,1,1.34
CL_0000746,cardiac muscle cell,IL17A,cytokine,Negative,1,26.44
CL_0000775,neutrophil,IL23A,cytokine,Positive,1,22
CL_0000911,effector T cell,TGFB,cytokine,Negative,1,6.26
CL_0000235,macrophage,TNFSF9,cytokine,Unknown,1,0.61
CL_0000192,smooth muscle cell,IFNB1,cytokine,Negative,1,27.43
CL_0000763,myeloid cell,IL17A,cytokine,Positive,1,3.26
CL_0000917,Tc1 cell,IL4,cytokine,Positive,1,4.23
CL_0000738,leukocyte,CCL18,cytokine,Unknown,1,24.79
CL_0002619,adult endothelial progenitor cell,IL6,cytokine,Unknown,1,2.52
CL_0000584,enterocyte,HGF,cytokine,Positive,1,15.07
CL_0000556,megakaryocyte,THPO,cytokine,Negative,1,35.89
CL_0000214,synovial cell,CSF3,cell,Positive,1,1.58
CL_0000557,granulocyte monocyte progenitor cell,CCL3,cytokine,Positive,1,10.03
CL_0000811,"CD8-positive, alpha-beta thymocyte",IL15,cytokine,Positive,1,119.66
CL_0000233,platelet,IL17,cytokine,Positive,1,0.19
CL_0000129,microglial cell,IL1RN,cell,Positive,1,3.22
CL_0000775,neutrophil,EPO,cytokine,Unknown,1,0.45
CL_0000066,epithelial cell,IL1RN,cell,Positive,1,2.18
CL_0002476,bone marrow macrophage,CSF2,cytokine,Positive,1,28.51
CL_0000182,hepatocyte,IL22,cytokine,Positive,1,1.61
CL_0000235,macrophage,IL3,cytokine,Unknown,1,0.37
CL_0000558,reticulocyte,IL6,cytokine,Negative,1,8.31
CL_0000057,fibroblast,GDF15,cytokine,Positive,1,1.05
CL_0000187,muscle cell,IL12,cytokine,Positive,1,1.71
CL_0000546,T-helper 2 cell,IL13,cytokine,Positive,1,1.14
CL_0000624,"CD4-positive, alpha-beta T cell",IL23,cytokine,Negative,1,6.52
CL_0002363,keratocyte,IL6,cytokine,Unknown,1,7.45
CL_0000096,mature neutrophil,IL6,cytokine,Positive,1,1.55
CL_0000784,plasmacytoid dendritic cell,CD40LG,cytokine,Positive,1,1.22
CL_0000362,epidermal cell,IL12,cell,Positive,1,6.57
CL_0000077,mesothelial cell,IL6,cytokine,Positive,1,2.23
CL_1001319,bladder cell,IL7,cytokine,Positive,1,9.3
CL_0000047,neuronal stem cell,CCL2,cytokine,Negative,1,29.72
CL_0000815,regulatory T cell,CD40LG,cytokine,Negative,1,14.37
CL_0000910,cytotoxic T cell,TGFB1,cytokine,Positive,1,0.64
CL_0000312,keratinocyte,IL18,cytokine,Negative,1,5.17
CL_0000023,oocyte,IL12,cytokine,Unknown,1,6.89
CL_0000115,endothelial cell,IFNB1,cytokine,Negative,1,3.35
CL_0002627,mature astrocyte,CXCL1,cytokine,Negative,1,1908.4
CL_0000034,stem cell,IFNA,cytokine,Negative,1,3.5
CL_0002621,gingival epithelial cell,IL1B,cell,Positive,1,34.82
CL_0000788,naive B cell,IL4,cell,Positive,1,9.72
CL_0000738,leukocyte,IL19,cytokine,Negative,1,104.92
CL_0000127,astrocyte,CCL2,cytokine,Negative,1,2.64
CL_0000134,mesenchymal cell,CCL2,cytokine,Unknown,1,1.76
CL_0000084,T cell,CXCL3,cytokine,Negative,1,126.38
CL_0000771,eosinophil,IL17A,cytokine,Unknown,1,1.61
CL_0000037,hematopoietic stem cell,CXCL12,cytokine,Negative,1,10.72
CL_0000232,erythrocyte,IL32,cytokine,Unknown,1,153.27
CL_0000545,T-helper 1 cell,IL1B,cytokine,Negative,1,1.52
CL_0002563,intestinal epithelial cell,CCL6,cytokine,Negative,1,309.47
CL_0000514,smooth muscle myoblast,FGF2,cytokine,Unknown,1,30.39
CL_0000893,thymocyte,IL1RN,cytokine,Negative,1,23.22
CL_0002397,"CD14-positive, CD16-positive monocyte",CCL2,cytokine,Positive,1,10.77
CL_0000782,myeloid dendritic cell,TNF,cytokine,Unknown,1,4.07
CL_0000738,leukocyte,CX3CL1,cytokine,Negative,1,6.8
CL_0000583,alveolar macrophage,CCL22,cytokine,Positive,1,27.84
CL_0000771,eosinophil,CCL19,cytokine,Unknown,1,37.1
CL_0000148,melanocyte,IL6,cytokine,Unknown,1,2.45
CL_0000501,granulosa cell,CXCL12,cell,Positive,1,11.28
CL_0000165,neuroendocrine cell,IL6,cytokine,Positive,1,48.96
CL_0000233,platelet,SPP1,cytokine,Unknown,1,5.8
CL_0000084,T cell,TNFSF4,cytokine,Negative,1,4.68
CL_0000236,B cell,IL1RN,cell,Positive,1,0.66
CL_0000676,cap cell,IL6,cytokine,Positive,1,12.24
CL_0002608,hippocampal neuron,CSF3,cytokine,Positive,1,5.02
CL_0002489,double negative thymocyte,TGFB,cytokine,Negative,1,86.44
CL_0000057,fibroblast,IL18,cytokine,Positive,1,0.28
CL_0000218,myelinating Schwann cell,IL1RN,cytokine,Negative,1,176.03
CL_0000091,Kupffer cell,IL6,cytokine,Unknown,1,2.41
CL_0000499,stromal cell,IL6,cytokine,Negative,1,1.53
CL_0002608,hippocampal neuron,IL1B,cytokine,Positive,1,4.97
CL_0000775,neutrophil,IL17B,cytokine,Positive,1,22
CL_0000905,"effector memory CD4-positive, alpha-beta T cell",IL4,cell,Positive,1,87.45
CL_0000216,Sertoli cell,TNF,cytokine,Negative,1,8.2
CL_0000218,myelinating Schwann cell,TNF,cytokine,Unknown,1,3.02
CL_0000546,T-helper 2 cell,TGFB,cytokine,Unknown,1,0.56
CL_0000453,Langerhans cell,CSF2,cytokine,Negative,1,25.26
CL_0000092,osteoclast,CXCL12,cytokine,Positive,1,0.66
CL_0000622,acinar cell,TGFB1,cytokine,Unknown,1,17.09
CL_0002139,endothelial cell of vascular tree,CSF1,cytokine,Unknown,1,11.17
CL_0000623,natural killer cell,IL27,cytokine,Unknown,1,2.21
CL_0000233,platelet,CX3CL1,cytokine,Negative,1,7.89
CL_0000129,microglial cell,CXCL8,cytokine,Positive,1,0.53
CL_0000084,T cell,IL32,cytokine,Positive,1,0.63
CL_0000182,hepatocyte,IFNL3,cytokine,Positive,1,16.15
CL_0002368,respiratory epithelial cell,CCL5,cell,Positive,1,34.82
CL_0000899,T-helper 17 cell,TNFSF13B,cytokine,Unknown,1,19.32
CL_0002092,bone marrow cell,FGF2,cytokine,Positive,1,1.05
CL_0000451,dendritic cell,IL12,cytokine,Negative,1,2.77
CL_0000235,macrophage,IL19,cytokine,Unknown,1,13.69
CL_0000057,fibroblast,CSF2,cytokine,Unknown,1,0.26
CL_0000100,motor neuron,TGFA,cytokine,Positive,1,44.85
CL_0000312,keratinocyte,LIF,cytokine,Positive,1,3.04
CL_0000062,osteoblast,IL10,cytokine,Negative,1,1.31
CL_0000115,endothelial cell,IL33,cytokine,Unknown,1,1.65
CL_0000824,mature natural killer cell,IL21,cytokine,Negative,1,20.04
CL_0000034,stem cell,TGFB2,cytokine,Positive,1,5.29
CL_1000746,glomerular cell,HGF,cytokine,Positive,1,587.87
CL_0000623,natural killer cell,CCL26,cytokine,Positive,1,1.45
CL_0000359,vascular associated smooth muscle cell,PDGF,cytokine,Unknown,1,81.96
CL_0002303,pigmented ciliary epithelial cell,IL10,cell,Positive,1,72.86
CL_0000738,leukocyte,PPBP,cytokine,Unknown,1,2.27
CL_0000127,astrocyte,IL17,cytokine,Negative,1,4.26
CL_0000771,eosinophil,PPBP,cytokine,Positive,1,0.67
CL_0000134,mesenchymal cell,PDGF,cytokine,Unknown,1,18.69
CL_0000037,hematopoietic stem cell,PDGF,cytokine,Positive,1,5.66
CL_0000910,cytotoxic T cell,CXCL10,cytokine,Unknown,1,18.29
CL_0000136,fat cell,CCL6,cell,Positive,1,13.28
CL_0000576,monocyte,IL27,cytokine,Negative,1,2.83
CL_0000545,T-helper 1 cell,TNF,cytokine,Negative,1,0.43
CL_0000128,oligodendrocyte,IL11,cytokine,Unknown,1,74.86
CL_0000122,stellate cell,TGFB1,cytokine,Unknown,1,21.36
CL_0000056,myoblast,RETN,cytokine,Unknown,1,31.27
CL_0000351,trophoblast cell,CSF3,cytokine,Positive,1,3.81
CL_0000792,"CD4-positive, CD25-positive, alpha-beta regulatory T cell",TNF,cytokine,Negative,1,0.37
CL_0000162,parietal cell,TGFB,cytokine,Negative,1,86.44
CL_0002544,aortic endothelial cell,IL4,cytokine,Positive,1,2.69
CL_0000771,eosinophil,IFNA,cytokine,Negative,1,1.15
CL_0000813,memory T cell,TNFSF9,cytokine,Negative,1,103.46
CL_0000540,neuron,EGF,cytokine,Unknown,1,9.51
CL_0000542,lymphocyte,TGFB2,cytokine,Negative,1,11.12
CL_0000746,cardiac muscle cell,IL1B,cytokine,Unknown,1,2.6
CL_0000863,inflammatory macrophage,CCL2,cytokine,Unknown,1,9.97
CL_0000911,effector T cell,TNF,cytokine,Positive,1,0.39
CL_0002327,mammary epithelial cell,EGF,cytokine,Unknown,1,138.71
CL_0000763,myeloid cell,IL24,cytokine,Unknown,1,216.02
CL_0002128,Tc17 cell,IL17,cytokine,Unknown,1,109.48
CL_0000092,osteoclast,IL22,cytokine,Unknown,1,6.87
CL_0000057,fibroblast,SPP1,cytokine,Positive,1,0.58
CL_0002619,adult endothelial progenitor cell,TGFB,cytokine,Unknown,1,2.79
CL_0000584,enterocyte,IL1B,cytokine,Positive,1,2.42
CL_0000553,megakaryocyte progenitor cell,IL6,cytokine,Positive,1,9.79
CL_0000061,cementoblast,IL6,cell,Positive,1,6.57
CL_0000233,platelet,IL1B,cytokine,Unknown,1,0.4
CL_0000236,B cell,IL11,cytokine,Unknown,1,3.19
CL_0000775,neutrophil,HGF,cytokine,Unknown,1,1.03
CL_0000066,epithelial cell,IL25,cell,Positive,1,6.48
CL_0002328,bronchial epithelial cell,CXCL5,cell,Positive,1,79.79
CL_0009004,retinal cell,IL6,cytokine,Unknown,1,34.27
CL_0000187,muscle cell,IL1B,cytokine,Positive,1,1.57
CL_0000624,"CD4-positive, alpha-beta T cell",IL27,cytokine,Negative,1,4.74
CL_1000497,kidney cell,CCL2,cytokine,Positive,1,9.69
CL_0000499,stromal cell,IFNG,cytokine,Unknown,1,0.26
CL_0000160,goblet cell,IFNG,cytokine,Negative,1,3.17
CL_0000384,ligament cell,CSF1,cytokine,Unknown,1,208.53
CL_0000127,astrocyte,TGFB2,cytokine,Unknown,1,19.02
CL_0000362,epidermal cell,TGFB,cytokine,Unknown,1,8.25
CL_0000353,blastoderm cell,GDF15,cytokine,Unknown,1,2128.74
CL_0000182,hepatocyte,CCL2,cytokine,Positive,1,0.21
CL_0000576,monocyte,TNFSF13B,cell,Positive,1,2.66
CL_0002343,decidual natural killer cell,IL12,cytokine,Negative,1,204.23
CL_0000136,fat cell,TGF,cytokine,Unknown,1,27.75
CL_0000624,"CD4-positive, alpha-beta T cell",CXCL9,cytokine,Positive,1,4.63
CL_0000312,keratinocyte,IL1A,cytokine,Negative,1,6.83
CL_0000023,oocyte,IL6,cytokine,Negative,1,7.51
CL_0000785,mature B cell,IL10,cytokine,Unknown,1,43.2
CL_0000125,glial cell,CCL5,cytokine,Positive,1,20.74
CL_0000898,naive T cell,CCL26,cytokine,Unknown,1,93.91
CL_0000581,peritoneal macrophage,IFNB1,cytokine,Positive,1,2.23
CL_0000127,astrocyte,CCL5,cytokine,Unknown,1,16.35
CL_0000084,T cell,CXCL9,cytokine,Positive,1,1.06
CL_0000037,hematopoietic stem cell,FGF1,cytokine,Unknown,1,29.04
CL_0000235,macrophage,CCL6,cytokine,Negative,1,5.9
CL_0000826,pro-B cell,IL4,cytokine,Positive,1,9.88
CL_0000232,erythrocyte,TNF,cytokine,Negative,1,2.66
CL_0000514,smooth muscle myoblast,IL7,cytokine,Positive,1,14.31
CL_0002399,CD1c-positive myeloid dendritic cell,TNF,cytokine,Unknown,1,93.51
CL_0000135,fibrocyte,IL33,cytokine,Unknown,1,51.64
CL_0000839,myeloid lineage restricted progenitor cell,CSF3,cytokine,Positive,1,10.59
CL_0000771,eosinophil,CCL23,cytokine,Unknown,1,37.1
CL_0000148,melanocyte,TGFB,cytokine,Negative,1,6.17
CL_0000084,T cell,CCL20,cytokine,Positive,1,0.26
CL_0000501,granulosa cell,FGF2,cytokine,Unknown,1,12.34
CL_0000540,neuron,CCL20,cytokine,Unknown,1,10.13
CL_0000542,lymphocyte,IL23,cell,Positive,1,2.66
CL_0000066,epithelial cell,TGFB3,cytokine,Negative,1,115.79
CL_0000576,monocyte,CCL23,cytokine,Unknown,1,16.12
CL_0000501,granulosa cell,TGFA,cytokine,Negative,1,234.7
CL_0000540,neuron,CCL3,cytokine,Unknown,1,5.94
CL_0002038,T follicular helper cell,IL21,cytokine,Unknown,1,96.03
CL_0000236,B cell,IL22,cytokine,Unknown,1,1.68
CL_0000138,chondrocyte,IL11,cytokine,Unknown,1,15.16
CL_0000082,epithelial cell of lung,CSF2,cell,Positive,1,2.81
CL_0002548,cardiac fibroblast,TGFB1,cytokine,Unknown,1,30.15
CL_0002608,hippocampal neuron,TNF,cytokine,Unknown,1,4.92
CL_0000911,effector T cell,CCL5,cytokine,Negative,1,158.17
CL_0000188,skeletal muscle cell,GDF15,cell,Positive,1,224.41
CL_0000057,fibroblast,IL21,cytokine,Unknown,1,0.99
CL_0000763,myeloid cell,CCL26,cytokine,Positive,1,13.31
CL_0000453,Langerhans cell,IL10,cytokine,Negative,1,14.58
CL_0000092,osteoclast,GDF15,cytokine,Positive,1,3.27
CL_0000499,stromal cell,OSM,cytokine,Positive,1,19.01
CL_0002477,adipose macrophage,CSF2,cytokine,Unknown,1,99.78
CL_0002139,endothelial cell of vascular tree,HGF,cytokine,Unknown,1,36.74
CL_0000623,natural killer cell,IL33,cytokine,Unknown,1,1.22
CL_0000542,lymphocyte,CXCL11,cytokine,Negative,1,76.45
CL_0000236,B cell,CXCL6,cytokine,Positive,1,4.79
CL_0000129,microglial cell,GDF15,cytokine,Positive,1,3.87
CL_0000084,T cell,IL35,cytokine,Unknown,1,1.98
CL_0000182,hepatocyte,IL10,cytokine,Unknown,1,0.38
CL_0000546,T-helper 2 cell,CCL22,cytokine,Unknown,1,35.09
CL_0002092,bone marrow cell,IL11,cytokine,Unknown,1,45.05
CL_0000057,fibroblast,CXCL12,cytokine,Unknown,1,0.74
CL_0000048,multi fate stem cell,CXCL12,cytokine,Positive,1,61.17
CL_0000062,osteoblast,IL17A,cytokine,Negative,1,11.16
CL_0000115,endothelial cell,IL4,cytokine,Unknown,1,0.24
CL_0000096,mature neutrophil,CCL2,cell,Positive,1,4.54
CL_0000786,plasma cell,GDF15,cell,Positive,1,30.95
CL_0000084,T cell,IL12A,cytokine,Negative,1,31.59
CL_0000625,"CD8-positive, alpha-beta T cell",IFNA6,cytokine,Negative,1,642.57
CL_0000738,leukocyte,RETN,cytokine,Positive,1,0.81
CL_0000127,astrocyte,IL1A,cytokine,Unknown,1,5.18
CL_0000037,hematopoietic stem cell,TGFB,cytokine,Negative,1,2.37
CL_0000836,promyelocyte,IFN1,cell,Positive,1,110.67
CL_0000624,"CD4-positive, alpha-beta T cell",CCL27,cytokine,Unknown,1,15.21
CL_0000312,keratinocyte,FGF2,cytokine,Unknown,1,0.78
CL_0000115,endothelial cell,CXCL5,cytokine,Positive,1,3.7
CL_0000798,gamma-delta T cell,TNF,cytokine,Positive,1,0.56
CL_0000351,trophoblast cell,IL1RN,cytokine,Negative,1,218.27
CL_0002544,aortic endothelial cell,TNF,cytokine,Unknown,1,4.25
CL_0000650,mesangial cell,CXCL10,cytokine,Unknown,1,23.97
CL_0000912,helper T cell,IL4,cytokine,Unknown,1,2.36
CL_0000138,chondrocyte,TGFB2,cytokine,Positive,1,4.96
CL_0000542,lymphocyte,TNFSF9,cytokine,Unknown,1,1.71
CL_0000863,inflammatory macrophage,CXCL16,cytokine,Unknown,1,360.63
CL_0002322,embryonic stem cell,CCL2,cytokine,Positive,1,3.28
CL_0002327,mammary epithelial cell,TGF,cytokine,Negative,1,489.13
CL_0000192,smooth muscle cell,IL4,cytokine,Unknown,1,1.94
CL_0000763,myeloid cell,IL4,cytokine,Negative,1,3.66
CL_0000503,theca cell,IL18,cytokine,Positive,1,328.06
CL_0000792,"CD4-positive, CD25-positive, alpha-beta regulatory T cell",IFNL3,cytokine,Negative,1,100.53
CL_0000738,leukocyte,CCL3,cytokine,Negative,1,7.06
CL_0000890,alternatively activated macrophage,IFNG,cytokine,Unknown,1,1.49
CL_0000584,enterocyte,TGFA,cytokine,Negative,1,192.58
CL_0000541,melanoblast,FGF2,cytokine,Positive,1,28.22
CL_0000214,synovial cell,IL17A,cytokine,Positive,1,4.73
CL_0000903,natural T-regulatory cell,IFNB1,cytokine,Unknown,1,321.99
CL_0000061,cementoblast,TNF,cytokine,Negative,1,19.37
CL_0000233,platelet,IL27,cytokine,Negative,1,7.28
CL_0000129,microglial cell,IL6,cytokine,Negative,1,1.24
CL_0002148,dental pulp cell,IL17,cytokine,Positive,1,31.28
CL_0000187,muscle cell,IL6,cytokine,Positive,1,0.82
CL_0000546,T-helper 2 cell,IL24,cytokine,Unknown,1,82.94
CL_0000624,"CD4-positive, alpha-beta T cell",IL3,cytokine,Positive,1,0.27
CL_1000497,kidney cell,TGFB,cytokine,Positive,1,5.42
CL_0000814,mature NK T cell,IL13,cell,Positive,1,12.27
CL_0000115,endothelial cell,TNFSF15,cytokine,Unknown,1,14
CL_0000160,goblet cell,IL13,cytokine,Unknown,1,28.48
CL_0000625,"CD8-positive, alpha-beta T cell",IL20,cytokine,Positive,1,13.43
CL_0002034,long term hematopoietic stem cell,IFNA,cytokine,Positive,1,132.12
CL_1000490,mesothelial cell of peritoneum,TGFB1,cytokine,Negative,1,73
CL_0000084,T cell,IL1RN,cytokine,Negative,1,0.99
CL_0000081,blood cell,IL12,cytokine,Negative,1,58.35
CL_0000047,neuronal stem cell,IL10,cell,Positive,1,2.8
CL_0000815,regulatory T cell,IL12,cytokine,Positive,1,1.09
CL_0000113,mononuclear phagocyte,CSF1,cytokine,Negative,1,25.01
CL_0000899,T-helper 17 cell,IL2,cytokine,Unknown,1,0.41
CL_0000451,dendritic cell,CCL22,cell,Positive,1,16.85
CL_0000136,fat cell,TGFB1,cytokine,Unknown,1,0.97
CL_0000023,oocyte,LIF,cytokine,Positive,1,29.55
CL_0000041,mature eosinophil,IL5,cytokine,Unknown,1,212.43
CL_0000034,stem cell,IL12,cytokine,Unknown,1,1.19
CL_0000125,glial cell,IFNA,cytokine,Negative,1,15.96
CL_0000169,type B pancreatic cell,TGFB1,cytokine,Positive,1,1.16
CL_0000127,astrocyte,CX3CL1,cytokine,Unknown,1,19.37
CL_0000084,T cell,FGF1,cytokine,Positive,1,0.27
CL_0000795,"CD8-positive, alpha-beta regulatory T cell",IL4,cytokine,Positive,1,14.82
CL_0000771,eosinophil,IL22,cytokine,Unknown,1,2.78
CL_0000819,B-1 B cell,IL9,cytokine,Unknown,1,262.9
CL_0000540,neuron,IL18,cytokine,Negative,1,5.27
CL_0000990,conventional dendritic cell,IFNG,cytokine,Positive,1,1.44
CL_0000547,proerythroblast,EPO,cytokine,Negative,1,515.1
CL_0000038,erythroid progenitor cell,CSF1,cytokine,Negative,1,13.84
CL_0000576,monocyte,IL15,cytokine,Positive,1,0.11
CL_0000545,T-helper 1 cell,IL21,cell,Positive,1,0.98
CL_0002563,intestinal epithelial cell,IL15,cytokine,Negative,1,31.29
CL_0000775,neutrophil,TNFSF8,cytokine,Positive,1,7.33
CL_0000019,sperm,CXCL16,cytokine,Unknown,1,510.9
CL_0000115,endothelial cell,CCL15,cytokine,Positive,1,11.11
CL_0000135,fibrocyte,TGFB,cytokine,Negative,1,15.44
CL_0000056,myoblast,CSF1,cytokine,Unknown,1,7.27
CL_0000738,leukocyte,CXCL16,cytokine,Positive,1,3.68
CL_0000137,osteocyte,FGF2,cytokine,Unknown,1,24.69
CL_0000084,T cell,CCL22,cell,Positive,1,0.9
CL_0000893,thymocyte,PPBP,cell,Positive,1,3.87
CL_0000793,"CD4-positive, alpha-beta intraepithelial T cell",CCL5,cell,Positive,1,96.17
CL_0000135,fibrocyte,TGFB3,cytokine,Negative,1,1918.89
CL_0000056,myoblast,CXCL8,cytokine,Unknown,1,3.38
CL_0000792,"CD4-positive, CD25-positive, alpha-beta regulatory T cell",IL35,cytokine,Positive,1,5.4
CL_0000137,osteocyte,IL6,cytokine,Unknown,1,10.71
CL_0000583,alveolar macrophage,IL10,cytokine,Positive,1,0.41
CL_0000501,granulosa cell,TGFB1,cytokine,Negative,1,36.5
CL_0002248,pluripotent stem cell,FGF2,cytokine,Unknown,1,131.67
CL_0000545,T-helper 1 cell,CCL19,cytokine,Positive,1,19.62
CL_0000138,chondrocyte,IL1A,cytokine,Unknown,1,4.73
CL_0000082,epithelial cell of lung,IL17A,cytokine,Negative,1,74.62
CL_0000576,monocyte,CD40LG,cytokine,Negative,1,0.64
CL_0000515,skeletal muscle myoblast,EPO,cell,Positive,1,381.29
CL_0000057,fibroblast,IL33,cytokine,Negative,1,2.84
CL_0001042,T-helper 22 cell,IL23,cytokine,Positive,1,60.62
CL_0000499,stromal cell,TGFA,cytokine,Positive,1,3.68
CL_0000624,"CD4-positive, alpha-beta T cell",TNFSF9,cytokine,Negative,1,3.53
CL_0000453,Langerhans cell,IL6,cytokine,Positive,1,1.81
CL_0002619,adult endothelial progenitor cell,CSF3,cytokine,Negative,1,11.18
CL_0002139,endothelial cell of vascular tree,IL17F,cytokine,Positive,1,97.76
CL_0000542,lymphocyte,CXCL16,cytokine,Positive,1,3.07
CL_0000236,B cell,EPO,cytokine,Unknown,1,0.59
CL_0000182,hepatocyte,IL15,cell,Positive,1,0.78
CL_0000057,fibroblast,CXCL8,cytokine,Unknown,1,0.25
CL_0000647,multinucleated giant cell,CCL26,cytokine,Unknown,1,601.06
CL_0000624,"CD4-positive, alpha-beta T cell",IL18,cytokine,Negative,1,2.08
CL_0000096,mature neutrophil,CXCL2,cytokine,Unknown,1,76.03
CL_0000499,stromal cell,CCL5,cytokine,Positive,1,5.35
CL_0000786,plasma cell,IL1,cytokine,Positive,1,1.54
CL_0000127,astrocyte,IL33,cytokine,Negative,1,11.24
CL_0000134,mesenchymal cell,TGFB1,cytokine,Negative,1,6.05
CL_0000767,basophil,TGFB1,cytokine,Unknown,1,1.72
CL_0000899,T-helper 17 cell,CSF3,cytokine,Positive,1,0.41
CL_0000128,oligodendrocyte,PDGFA,cytokine,Unknown,1,314.4
CL_0000136,fat cell,IFNG,cytokine,Unknown,1,0.25
CL_0000624,"CD4-positive, alpha-beta T cell",CCL6,cytokine,Positive,1,1.88
CL_0000115,endothelial cell,EPO,cytokine,Negative,1,2.35
CL_0000586,germ cell,FGF2,cytokine,Positive,1,12.54
CL_0000794,"CD8-positive, alpha-beta cytotoxic T cell",CD40LG,cytokine,Positive,1,4.84
CL_0000738,leukocyte,IL12,cytokine,Unknown,1,0.38
CL_0002539,aortic smooth muscle cell,TGFB,cytokine,Positive,1,7.74
CL_0000084,T cell,CX3CL1,cytokine,Unknown,1,0.51
CL_0000912,helper T cell,IL6,cytokine,Unknown,1,1.95
CL_0000235,macrophage,CCL1,cytokine,Negative,1,18.2
CL_0002334,preadipocyte,PDGF,cytokine,Unknown,1,109.28
CL_0000545,T-helper 1 cell,IL12B,cytokine,Negative,1,35.21
CL_0000863,inflammatory macrophage,IL1B,cytokine,Positive,1,2.78
CL_0000893,thymocyte,CCL25,cytokine,Unknown,1,108.7
CL_0002322,embryonic stem cell,GDF15,cytokine,Positive,1,20.62
CL_0000792,"CD4-positive, CD25-positive, alpha-beta regulatory T cell",IL12,cytokine,Negative,1,1.41
CL_0000738,leukocyte,CCL5,cytokine,Unknown,1,5.04
CL_0000092,osteoclast,IL4,cytokine,Positive,1,0.16
CL_0000890,alternatively activated macrophage,IL13,cytokine,Unknown,1,30.42
CL_0000148,melanocyte,EPO,cytokine,Unknown,1,12.92
CL_0000214,synovial cell,OSM,cytokine,Positive,1,54.68
CL_0000557,granulocyte monocyte progenitor cell,IL10,cytokine,Positive,1,0.59
CL_0000129,microglial cell,PF4,cytokine,Unknown,1,5.22
CL_0000066,epithelial cell,IL7,cell,Positive,1,0.59
CL_0002328,bronchial epithelial cell,IL17,cytokine,Unknown,1,9.12
CL_0000182,hepatocyte,RETN,cytokine,Positive,1,6.8
CL_0000235,macrophage,IL5,cytokine,Negative,1,0.45
CL_0000855,sensory hair cell,FGF2,cytokine,Unknown,1,395.02
CL_0000091,Kupffer cell,CCL2,cytokine,Positive,1,1.36
CL_0000499,stromal cell,IL15,cytokine,Unknown,1,3.27
CL_0002138,endothelial cell of lymphatic vessel,CXCL12,cytokine,Positive,1,9.79
CL_0000160,goblet cell,IL22,cytokine,Unknown,1,54.35
CL_0000625,"CD8-positive, alpha-beta T cell",IL22,cell,Positive,1,0.99
CL_0000542,lymphocyte,CCL18,cytokine,Unknown,1,20.65
CL_1000491,mesothelial cell of pleura,TGFB,cytokine,Unknown,1,47.42
CL_0000182,hepatocyte,CXCL10,cytokine,Negative,1,10.51
CL_0000815,regulatory T cell,IL21,cytokine,Positive,1,3.5
CL_0001035,bone cell,IL4,cytokine,Positive,1,4.94
CL_0000451,dendritic cell,CSF3,cytokine,Positive,1,0.32
CL_0000312,keratinocyte,IL21,cytokine,Negative,1,5.19
CL_0000023,oocyte,TGFB1,cytokine,Unknown,1,4.93
CL_0000115,endothelial cell,IL15,cytokine,Unknown,1,0.96
CL_0000125,glial cell,IL10,cytokine,Unknown,1,2.62
CL_0002063,type II pneumocyte,CCL6,cell,Positive,1,499.07
CL_0000625,"CD8-positive, alpha-beta T cell",CCL26,cytokine,Negative,1,12.6
CL_0000127,astrocyte,EPO,cytokine,Negative,1,7.03
CL_0000771,eosinophil,IL27,cytokine,Unknown,1,2.85
CL_0000820,B-1a B cell,IL5,cytokine,Positive,1,30.35
CL_0000145,professional antigen presenting cell,IFNA,cytokine,Negative,1,18.16
CL_0000545,T-helper 1 cell,IL23,cytokine,Positive,1,2.08
CL_0002563,intestinal epithelial cell,IL21,cytokine,Positive,1,5.4
CL_0000060,odontoblast,IL1B,cytokine,Positive,1,5.55
CL_0000134,mesenchymal cell,HGF,cytokine,Positive,1,3.05
CL_0000037,hematopoietic stem cell,IL17A,cytokine,Positive,1,6.94
CL_0000540,neuron,IL3,cytokine,Negative,1,5.44
CL_0000575,corneal epithelial cell,IL6,cytokine,Positive,1,12.24
CL_0000235,macrophage,CSF3,cytokine,Unknown,1,0.1
CL_0000545,T-helper 1 cell,IL32,cytokine,Positive,1,7.06
CL_0002563,intestinal epithelial cell,IL7,cytokine,Positive,1,3.05
CL_0000017,spermatocyte,IL6,cytokine,Positive,1,24.48
CL_0000793,"CD4-positive, alpha-beta intraepithelial T cell",IL15,cytokine,Negative,1,90.88
CL_0000442,follicular dendritic cell,IL10,cytokine,Negative,1,56.25
CL_0000738,leukocyte,HGF,cytokine,Positive,1,0.62
CL_0000583,alveolar macrophage,IL22,cell,Positive,1,8.9
CL_0000771,eosinophil,CCL7,cytokine,Positive,1,6.36
CL_0000813,memory T cell,CCL26,cytokine,Positive,1,39.94
CL_0002483,hair follicle melanocyte,IL1A,cytokine,Unknown,1,505.84
CL_0000540,neuron,CSF2,cytokine,Positive,1,0.17
CL_0000545,T-helper 1 cell,CCL4,cytokine,Unknown,1,8.47
CL_0000236,B cell,IL32,cell,Positive,1,3.39
CL_0000082,epithelial cell of lung,IL22,cytokine,Negative,1,129.35
CL_0002620,skin fibroblast,IFNG,cell,Positive,1,1.72
CL_0000763,myeloid cell,HGF,cytokine,Positive,1,4.56
CL_0002061,T-helper 9 cell,IL10,cell,Positive,1,3.47
CL_0000592,large luteal cell,CXCL8,cytokine,Positive,1,83.18
CL_0002619,adult endothelial progenitor cell,CXCL10,cytokine,Positive,1,8.76
CL_0000094,granulocyte,IFNG,cytokine,Unknown,1,0.36
CL_0000623,natural killer cell,LTA,cytokine,Negative,1,9.97
CL_0000542,lymphocyte,EPO,cytokine,Negative,1,1.8
CL_0000233,platelet,IFN1,cytokine,Negative,1,5.83
CL_0002368,respiratory epithelial cell,IL22,cytokine,Positive,1,12.59
CL_0000182,hepatocyte,IL18,cytokine,Negative,1,5.79
CL_0000451,dendritic cell,IL27,cytokine,Unknown,1,8.88
CL_0000647,multinucleated giant cell,IL18,cell,Positive,1,48.41
CL_0000624,"CD4-positive, alpha-beta T cell",IL1B,cytokine,Unknown,1,0.26
CL_0000115,endothelial cell,OSM,cytokine,Unknown,1,19.44
CL_0000499,stromal cell,CXCL12,cytokine,Unknown,1,3.34
CL_0000623,natural killer cell,CXCL14,cytokine,Positive,1,7.38
CL_0000653,glomerular visceral epithelial cell,IL1B,cytokine,Unknown,1,4.29
CL_0000738,leukocyte,TGFB2,cytokine,Negative,1,13.35
CL_0000134,mesenchymal cell,TGFB3,cytokine,Unknown,1,122.18
CL_1001319,bladder cell,CCL2,cytokine,Unknown,1,16.95
CL_0000037,hematopoietic stem cell,TNF,cytokine,Positive,1,0.15
CL_0000540,neuron,THPO,cytokine,Positive,1,1.27
CL_0000910,cytotoxic T cell,IL17,cytokine,Negative,1,10.94
CL_0000121,Purkinje cell,TNF,cytokine,Positive,1,6.68
CL_0000576,monocyte,PF4,cytokine,Positive,1,0.22
CL_0000128,oligodendrocyte,TGFB1,cytokine,Positive,1,1.13
CL_0000136,fat cell,IL17A,cytokine,Unknown,1,5.6
CL_0000586,germ cell,TGFB,cytokine,Positive,1,3.01
CL_0002372,myotube,IL15,cytokine,Unknown,1,52.35
CL_0000169,type B pancreatic cell,CCL5,cytokine,Positive,1,43.45
CL_0000738,leukocyte,IL15,cytokine,Unknown,1,0.88
CL_1001607,articular chondrocyte,IL1,cytokine,Unknown,1,12.99
CL_0000084,T cell,CXCL11,cytokine,Negative,1,15.8
CL_0000837,hematopoietic multipotent progenitor cell,IL6,cytokine,Positive,1,16.32
CL_0000158,Clara cell,IL1B,cytokine,Positive,1,31.46
CL_0000232,erythrocyte,FGF2,cytokine,Positive,1,1.41
CL_0000545,T-helper 1 cell,IL16,cytokine,Unknown,1,13.15
CL_0000746,cardiac muscle cell,TGFB,cytokine,Unknown,1,1.49
CL_0002240,marrow fibroblast,IL1A,cytokine,Positive,1,433.63
CL_0000192,smooth muscle cell,SPP1,cytokine,Unknown,1,22.21
CL_0002322,embryonic stem cell,IL1B,cytokine,Negative,1,12.76
CL_0000738,leukocyte,CCL7,cytokine,Unknown,1,21.49
CL_0000890,alternatively activated macrophage,IL21,cytokine,Positive,1,7.48
CL_0000595,enucleate erythrocyte,TNF,cytokine,Negative,1,4.35
CL_0000214,synovial cell,TGFB1,cytokine,Positive,1,0.82
CL_0002319,neural cell,IL1B,cytokine,Unknown,1,22.02
CL_0000138,chondrocyte,CSF2,cell,Positive,1,0.39
CL_0002328,bronchial epithelial cell,TGFB,cytokine,Negative,1,7.2
CL_0000700,dopaminergic neuron,IFNG,cytokine,Unknown,1,3.44
CL_0000057,fibroblast,IL10,cytokine,Unknown,1,0.15
CL_0000187,muscle cell,TNF,cytokine,Unknown,1,1.56
CL_0000814,mature NK T cell,IL7,cytokine,Unknown,1,14.15
CL_0002138,endothelial cell of lymphatic vessel,IFNB1,cytokine,Positive,1,14.72
CL_0000233,platelet,CCL2,cytokine,Positive,1,0.12
CL_0000236,B cell,CCL7,cell,Positive,1,5.65
CL_0000129,microglial cell,CCL26,cytokine,Positive,1,5.47
CL_0000182,hepatocyte,CXCL2,cytokine,Unknown,1,10.6
CL_0000899,T-helper 17 cell,IL23A,cytokine,Positive,1,190.42
CL_0000451,dendritic cell,CXCL8,cell,Positive,1,0.42
CL_0002404,fetal thymocyte,IL7,cytokine,Unknown,1,108.47
CL_0000113,mononuclear phagocyte,IL22,cytokine,Unknown,1,44.82
CL_0000624,"CD4-positive, alpha-beta T cell",IL1,cytokine,Negative,1,0.56
CL_0000312,keratinocyte,IL24,cytokine,Negative,1,125.49
CL_0002629,mature microglial cell,TGFB1,cytokine,Negative,1,20.14
CL_0000034,stem cell,IL5,cytokine,Positive,1,0.6
CL_0000125,glial cell,IL17A,cytokine,Unknown,1,22.33
CL_0000731,urothelial cell,CXCL8,cytokine,Positive,1,83.18
CL_0000738,leukocyte,IL33,cytokine,Unknown,1,1.52
CL_0000100,motor neuron,CCL2,cytokine,Unknown,1,16.15
CL_0000312,keratinocyte,IL36G,cytokine,Negative,1,460.13
CL_0000824,mature natural killer cell,CXCL8,cytokine,Positive,1,0.63
CL_0000767,basophil,CCL3,cytokine,Positive,1,5.65
CL_0000037,hematopoietic stem cell,IL27,cytokine,Unknown,1,14.4
CL_0000540,neuron,IL4,cytokine,Positive,1,0.12
CL_0000235,macrophage,CX3CL1,cytokine,Positive,1,0.25
CL_0000145,professional antigen presenting cell,IL12,cytokine,Positive,1,1.77
CL_0000038,erythroid progenitor cell,IL33,cell,Positive,1,5.92
CL_0000128,oligodendrocyte,CXCL12,cytokine,Unknown,1,13.17
CL_0000793,"CD4-positive, alpha-beta intraepithelial T cell",IL6,cell,Positive,1,6.88
CL_0000115,endothelial cell,CSF2,cytokine,Unknown,1,0.34
CL_0000642,folliculostellate cell,TGFB,cytokine,Positive,1,18.07
CL_0000056,myoblast,IL15,cytokine,Positive,1,2.78
CL_0000792,"CD4-positive, CD25-positive, alpha-beta regulatory T cell",LIF,cytokine,Positive,1,2.65
CL_0000738,leukocyte,IFNA,cytokine,Negative,1,1.11
CL_0002064,pancreatic acinar cell,TNF,cytokine,Negative,1,23.68
CL_0000583,alveolar macrophage,TNF,cytokine,Unknown,1,0.77
CL_0000813,memory T cell,IL10,cytokine,Negative,1,9.16
CL_0000912,helper T cell,CXCL13,cytokine,Unknown,1,90.48
CL_0000540,neuron,CX3CL1,cytokine,Negative,1,13.04
CL_0000322,pneumocyte,IL16,cell,Positive,1,98.22
CL_0000902,induced T-regulatory cell,IL2,cell,Positive,1,1.07
CL_0000775,neutrophil,IL21,cytokine,Unknown,1,0.58
CL_0000911,effector T cell,IL1B,cytokine,Unknown,1,4.79
CL_0000763,myeloid cell,IL1,cytokine,Unknown,1,2.42
CL_0002061,T-helper 9 cell,IL4,cytokine,Positive,1,2.82
CL_0000092,osteoclast,IL15,cytokine,Positive,1,0.64
CL_0000792,"CD4-positive, CD25-positive, alpha-beta regulatory T cell",CCL25,cytokine,Negative,1,100.53
CL_0002224,lens epithelial cell,PDGFA,cytokine,Positive,1,583.95
CL_0007011,enteric neuron,HGF,cytokine,Positive,1,587.87
CL_0000556,megakaryocyte,PF4,cytokine,Unknown,1,11.71
CL_0000094,granulocyte,IL10,cytokine,Positive,1,0.27
CL_0000623,natural killer cell,TGFA,cytokine,Unknown,1,2.78
CL_0000625,"CD8-positive, alpha-beta T cell",TNFSF4,cytokine,Positive,1,2.98
CL_0000233,platelet,IFNG,cytokine,Unknown,1,0.08
CL_0000066,epithelial cell,IL17,cytokine,Negative,1,2.69
CL_0000129,microglial cell,IL12B,cytokine,Positive,1,6.97
CL_0000775,neutrophil,CXCL6,cytokine,Negative,1,29.23
CL_0002368,respiratory epithelial cell,TGFB1,cytokine,Unknown,1,4.42
CL_0000187,muscle cell,CX3CL1,cytokine,Negative,1,107.79
CL_0000546,T-helper 2 cell,IL11,cytokine,Negative,1,33
CL_0000062,osteoblast,OSM,cytokine,Positive,1,16.17
CL_0000499,stromal cell,CXCL8,cytokine,Unknown,1,1.14
CL_0000786,plasma cell,LTA,cytokine,Unknown,1,89.58
CL_0000738,leukocyte,TNFSF15,cytokine,Positive,1,3.68
CL_0000127,astrocyte,PDGFA,cytokine,Unknown,1,69.75
CL_0000084,T cell,IL17,cytokine,Negative,1,0.23
CL_1001319,bladder cell,IFNA,cytokine,Negative,1,52.68
CL_0000632,hepatic stellate cell,FGF2,cytokine,Negative,1,34.62
CL_0002609,neuron of cerebral cortex,EPO,cytokine,Positive,1,36.91
CL_0000910,cytotoxic T cell,IL1B,cytokine,Unknown,1,2.9
CL_0000576,monocyte,TGFA,cell,Positive,1,0.66
CL_0000899,T-helper 17 cell,IL10,cytokine,Unknown,1,0.75
CL_0002453,oligodendrocyte precursor cell,FGF2,cytokine,Unknown,1,395.02
CL_0000136,fat cell,IL32,cytokine,Positive,1,13.32
CL_0000624,"CD4-positive, alpha-beta T cell",CSF3,cytokine,Unknown,1,0.26
CL_0000312,keratinocyte,IL15,cytokine,Positive,1,0.47
CL_0000034,stem cell,EPO,cytokine,Negative,1,6.85
CL_0002372,myotube,TGFB1,cytokine,Positive,1,4.58
CL_0000169,type B pancreatic cell,EGF,cytokine,Positive,1,21.39
CL_0000794,"CD8-positive, alpha-beta cytotoxic T cell",IL21,cytokine,Positive,1,9.41
CL_0000738,leukocyte,IL17A,cytokine,Negative,1,3.53
CL_1001607,articular chondrocyte,IL1RN,cell,Positive,1,42.08
CL_0000771,eosinophil,IL16,cytokine,Unknown,1,7.1
CL_0000860,classical monocyte,IL10,cytokine,Negative,1,28.12
CL_0000235,macrophage,CCL20,cytokine,Positive,1,0.45
CL_0000545,T-helper 1 cell,IL17A,cytokine,Negative,1,6.77
CL_0000746,cardiac muscle cell,THPO,cytokine,Positive,1,4.96
CL_0000099,interneuron,CXCL12,cytokine,Negative,1,278.72
CL_0000097,mast cell,CCL4,cytokine,Positive,1,3.12
CL_0002322,embryonic stem cell,IL4,cytokine,Positive,1,1
CL_0000792,"CD4-positive, CD25-positive, alpha-beta regulatory T cell",IL17A,cytokine,Positive,1,0.73
CL_0000890,alternatively activated macrophage,IL6,cytokine,Negative,1,8.87
CL_0000148,melanocyte,IFNG,cytokine,Positive,1,0.53
CL_0000214,synovial cell,TNFSF15,cytokine,Positive,1,39.37
CL_0002319,neural cell,TNF,cytokine,Unknown,1,6.23
CL_0000542,lymphocyte,IL18,cytokine,Positive,1,0.29
CL_0000084,T cell,TNFSF13B,cytokine,Negative,1,1.83
CL_0000449,brown fat cell,TGFB,cytokine,Negative,1,86.44
CL_0000700,dopaminergic neuron,TGFB1,cytokine,Negative,1,61.47
CL_0000235,macrophage,LIF,cytokine,Negative,1,3.83
CL_0000216,Sertoli cell,GDF15,cytokine,Positive,1,46.79
CL_0000057,fibroblast,IL15,cytokine,Unknown,1,0.72
CL_0000218,myelinating Schwann cell,CCL3,cytokine,Unknown,1,95.08
CL_0002419,mature T cell,IL7,cytokine,Positive,1,46.49
CL_0000499,stromal cell,IL23,cytokine,Positive,1,4.03
CL_0002138,endothelial cell of lymphatic vessel,IL1B,cytokine,Positive,1,3.78
CL_0000160,goblet cell,TGFB1,cytokine,Positive,1,1.56
CL_0000542,lymphocyte,CCL4,cytokine,Unknown,1,3.68
CL_0000236,B cell,CD70,cytokine,Positive,1,28.72
CL_0000129,microglial cell,CD40LG,cytokine,Positive,1,0.54
CL_0000084,T cell,IL23,cytokine,Negative,1,1.49
CL_0000182,hepatocyte,EPO,cytokine,Negative,1,4.56
CL_0000775,neutrophil,CCL4,cytokine,Positive,1,0.6
CL_0000815,regulatory T cell,TGF,cytokine,Positive,1,22.19
CL_0000066,epithelial cell,EGF,cytokine,Unknown,1,10.16
CL_0000129,microglial cell,CSF2,cytokine,Unknown,1,0.95
CL_0000775,neutrophil,CD40LG,cytokine,Negative,1,0.68
CL_0000899,T-helper 17 cell,IL7,cytokine,Negative,1,6.45
CL_0000115,endothelial cell,IL20,cytokine,Negative,1,132.89
CL_0000034,stem cell,PF4,cytokine,Positive,1,1.56
CL_0000125,glial cell,TGFA,cytokine,Positive,1,14.27
CL_0000898,naive T cell,TNF,cytokine,Unknown,1,1.46
CL_0000359,vascular associated smooth muscle cell,IL11,cytokine,Positive,1,31.6
CL_0000625,"CD8-positive, alpha-beta T cell",CXCL12,cytokine,Positive,1,0.45
CL_0000738,leukocyte,LECT2,cytokine,Positive,1,8.37
CL_0000127,astrocyte,IL1,cytokine,Unknown,1,1.06
CL_0000767,basophil,CXCL8,cytokine,Positive,1,0.56
CL_0000037,hematopoietic stem cell,IL6,cytokine,Negative,1,2.15
CL_0000540,neuron,IL7,cytokine,Negative,1,2.99
CL_0000849,crypt olfactory receptor neuron,TGFB,cytokine,Positive,1,27.1
CL_0000235,macrophage,CXCL12,cytokine,Unknown,1,0.27
CL_0000145,professional antigen presenting cell,IL21,cytokine,Unknown,1,19.87
CL_0000136,fat cell,CCL18,cytokine,Positive,1,25.62
CL_0000576,monocyte,IL1RN,cytokine,Unknown,1,1.13
CL_0000545,T-helper 1 cell,SPP1,cytokine,Negative,1,10.92
CL_0000897,"CD4-positive, alpha-beta memory T cell",IL2,cytokine,Unknown,1,18.86
CL_0000312,keratinocyte,CSF2,cytokine,Unknown,1,0.59
CL_0000056,myoblast,IL6,cytokine,Negative,1,4.54
CL_0000307,tracheal epithelial cell,IL22,cytokine,Unknown,1,851.5
CL_0002410,pancreatic stellate cell,TGFB,cytokine,Positive,1,18.07
CL_0000771,eosinophil,CXCL10,cytokine,Negative,1,5.18
CL_0000813,memory T cell,IL1B,cytokine,Positive,1,2.2
CL_0000540,neuron,CXCL10,cytokine,Unknown,1,4.2
CL_0000236,B cell,IL6,cytokine,Negative,1,0.26
CL_0000138,chondrocyte,SPP1,cytokine,Positive,1,2.12
CL_0002231,epithelial cell of prostate,IL6,cytokine,Positive,1,5.44
CL_0000746,cardiac muscle cell,IL11,cytokine,Positive,1,21.9
CL_0000902,induced T-regulatory cell,IL6,cytokine,Unknown,1,4.63
CL_0000775,neutrophil,IL23,cytokine,Unknown,1,1.81
CL_0000911,effector T cell,IL22,cytokine,Positive,1,10.58
CL_0000235,macrophage,TNFSF15,cytokine,Positive,1,1.1
CL_0000763,myeloid cell,IL15,cytokine,Negative,1,14.79
CL_0000092,osteoclast,IL18,cytokine,Positive,1,0.88
CL_0000057,fibroblast,PDGFB,cytokine,Unknown,1,12
CL_0000792,"CD4-positive, CD25-positive, alpha-beta regulatory T cell",CD40LG,cytokine,Positive,1,0.29
CL_0000738,leukocyte,CCL11,cytokine,Positive,1,0.49
CL_0002619,adult endothelial progenitor cell,IL10,cytokine,Negative,1,11.58
CL_0000625,"CD8-positive, alpha-beta T cell",XCL1,cytokine,Positive,1,8.06
CL_0000066,epithelial cell,IL1B,cytokine,Unknown,1,0.71
CL_0002092,bone marrow cell,XCL1,cytokine,Positive,1,81.1
CL_0000558,reticulocyte,GDF15,cytokine,Unknown,1,90.58
CL_0000187,muscle cell,IFNG,cytokine,Negative,1,4.97
CL_0002363,keratocyte,IL17A,cytokine,Positive,1,18.31
CL_0000096,mature neutrophil,IL1RN,cytokine,Positive,1,10.86
CL_0000499,stromal cell,FGF2,cytokine,Negative,1,3.52
CL_0000115,endothelial cell,TGFA,cytokine,Positive,1,1.08
CL_0000784,plasmacytoid dendritic cell,CCL22,cytokine,Positive,1,24.24
CL_0000362,epidermal cell,IL1,cytokine,Positive,1,3.87
CL_0000077,mesothelial cell,IL2,cytokine,Positive,1,3.68
CL_1001319,bladder cell,IL1,cytokine,Unknown,1,15.59
CL_0000632,hepatic stellate cell,PDGFB,cytokine,Positive,1,153.13
CL_0002609,neuron of cerebral cortex,TGFB1,cytokine,Positive,1,10.46
CL_0000899,T-helper 17 cell,IL17,cytokine,Negative,1,5.42
CL_0000910,cytotoxic T cell,TGFB,cytokine,Unknown,1,1.66
CL_0000312,keratinocyte,IL17F,cytokine,Unknown,1,37.86
CL_0000115,endothelial cell,IFNA,cytokine,Unknown,1,0.53
CL_0000831,mast cell progenitor,CCL2,cytokine,Unknown,1,169.55
CL_0000034,stem cell,GDF15,cell,Positive,1,5.96
CL_0000581,peritoneal macrophage,CSF1,cytokine,Negative,1,8.64
CL_0000909,"CD8-positive, alpha-beta memory T cell",CD40LG,cytokine,Negative,1,58.74
CL_0000771,eosinophil,IL17,cytokine,Positive,1,0.17
CL_0000236,B cell,TNFSF8,cytokine,Positive,1,9.57
CL_0000049,common myeloid progenitor,CCL3,cytokine,Unknown,1,453.46
CL_0002563,intestinal epithelial cell,CCL20,cytokine,Unknown,1,82.38
CL_0000893,thymocyte,IL12,cytokine,Unknown,1,1.53
CL_0002397,"CD14-positive, CD16-positive monocyte",CCL2,cytokine,Negative,1,85.85
CL_0000135,fibrocyte,CCL4,cytokine,Unknown,1,149.97
CL_0000782,myeloid dendritic cell,IL12,cytokine,Positive,1,4.45
CL_0000092,osteoclast,TGFB2,cytokine,Negative,1,34.14
CL_0000771,eosinophil,CCL16,cytokine,Positive,1,63.61
CL_0000148,melanocyte,IL24,cytokine,Positive,1,113.76
CL_0000501,granulosa cell,CSF1,cytokine,Unknown,1,19.55
CL_0000338,neuroblast (sensu Nematoda and Protostomia),FGF2,cytokine,Unknown,1,43.89
CL_0000542,lymphocyte,IL1B,cytokine,Positive,1,0.08
CL_0000576,monocyte,CCL15,cytokine,Unknown,1,16.12
CL_0000676,cap cell,CCL2,cytokine,Positive,1,24.22
CL_0002489,double negative thymocyte,IL2,cytokine,Positive,1,5.39
CL_0000216,Sertoli cell,IL1RN,cell,Positive,1,38.84
CL_0000057,fibroblast,IL18,cytokine,Negative,1,2.25
CL_0000091,Kupffer cell,IL1B,cytokine,Negative,1,10.6
CL_0000624,"CD4-positive, alpha-beta T cell",SPP1,cytokine,Positive,1,0.54
CL_0000622,acinar cell,IL18,cytokine,Unknown,1,76.54
CL_0000556,megakaryocyte,CXCL12,cytokine,Negative,1,13.94
CL_0000120,granule cell,CXCL12,cytokine,Positive,1,40.78
CL_0000233,platelet,CSF1,cell,Positive,1,0.32
CL_0000624,"CD4-positive, alpha-beta T cell",TGFB1,cytokine,Negative,1,0.46
CL_0002139,endothelial cell of vascular tree,CCL2,cytokine,Positive,1,1.73
CL_0000623,natural killer cell,IL26,cytokine,Positive,1,73.79
CL_0000542,lymphocyte,CSF3,cytokine,Negative,1,0.67
CL_0000233,platelet,CSF3,cytokine,Unknown,1,0.41
CL_0000236,B cell,CXCL12,cytokine,Negative,1,1.28
CL_0000066,epithelial cell,HGF,cytokine,Negative,1,10.1
CL_0000815,regulatory T cell,TNFSF9,cytokine,Positive,1,5.94
CL_0000899,T-helper 17 cell,TGFB1,cytokine,Positive,1,0.32
CL_0000235,macrophage,IL18,cytokine,Positive,1,0.1
CL_0000100,motor neuron,LIF,cytokine,Unknown,1,256.09
CL_0000312,keratinocyte,IL9,cytokine,Positive,1,3.27
CL_0000623,natural killer cell,CCL19,cytokine,Positive,1,8.2
CL_0000359,vascular associated smooth muscle cell,IL24,cytokine,Negative,1,1443.13
CL_0000210,photoreceptor cell,LIF,cytokine,Negative,1,6126.97
CL_0000625,"CD8-positive, alpha-beta T cell",EBI3,cytokine,Positive,1,20.15
CL_0000738,leukocyte,PF4,cytokine,Unknown,1,1.72
CL_0000127,astrocyte,IL10,cytokine,Positive,1,0.17
CL_0000771,eosinophil,MIF,cytokine,Positive,1,2.98
CL_0000134,mesenchymal cell,IL7,cell,Positive,1,1.42
CL_0000767,basophil,IL25,cytokine,Negative,1,109.02
CL_0000235,macrophage,CXCL8,cytokine,Negative,1,0.21
CL_0000145,professional antigen presenting cell,IL6,cytokine,Positive,1,0.84
CL_0000136,fat cell,CCL20,cell,Positive,1,8.06
CL_0000545,T-helper 1 cell,TGFB1,cytokine,Unknown,1,0.52
CL_0000122,stellate cell,PF4,cytokine,Positive,1,39.03
CL_0000312,keratinocyte,CXCL11,cell,Positive,1,31.93
CL_0000115,endothelial cell,CXCL11,cytokine,Negative,1,99.67
CL_0000798,gamma-delta T cell,IL2,cytokine,Unknown,1,1.96
CL_0000056,myoblast,LIF,cytokine,Positive,1,17.87
CL_0000162,parietal cell,IL1B,cytokine,Unknown,1,66.06
CL_0000771,eosinophil,CXCL9,cytokine,Negative,1,50.72
CL_0000813,memory T cell,IL7,cytokine,Negative,1,34.49
CL_0000540,neuron,CXCL2,cytokine,Positive,1,2.76
CL_0000322,pneumocyte,TNF,cytokine,Positive,1,0.95
CL_0002293,epithelial cell of thymus,CXCL12,cell,Positive,1,51.58
CL_0000902,induced T-regulatory cell,TNFSF15,cytokine,Negative,1,755.11
CL_0000911,effector T cell,TGFB1,cytokine,Negative,1,8.46
CL_0000015,male germ cell,IL6,cytokine,Positive,1,48.96
CL_0000192,smooth muscle cell,IL1,cell,Positive,1,1.23
CL_0002128,Tc17 cell,IL12,cytokine,Unknown,1,71.7
CL_0000057,fibroblast,SPP1,cytokine,Unknown,1,2.05
CL_0002619,adult endothelial progenitor cell,RETN,cytokine,Unknown,1,79.09
CL_0000129,microglial cell,IL27,cytokine,Negative,1,19.01
CL_0000084,T cell,PPBP,cytokine,Positive,1,0.11
CL_0000775,neutrophil,GDF15,cytokine,Negative,1,4.87
CL_0000066,epithelial cell,IL23,cytokine,Positive,1,2.22
CL_0002328,bronchial epithelial cell,CCL2,cell,Positive,1,2.38
CL_0000182,hepatocyte,IL4,cytokine,Unknown,1,0.46
CL_0000235,macrophage,IL32,cytokine,Unknown,1,3.83
CL_0009004,retinal cell,IL1B,cytokine,Negative,1,150.53
CL_0000187,muscle cell,IL1B,cytokine,Negative,1,12.54
CL_0000814,mature NK T cell,CSF3,cytokine,Positive,1,2.07
CL_0000499,stromal cell,IFNA,cytokine,Negative,1,4.12
CL_0000623,natural killer cell,IFNL2,cytokine,Negative,1,147.11
CL_0000625,"CD8-positive, alpha-beta T cell",IL17A,cytokine,Positive,1,0.39
CL_0000784,plasmacytoid dendritic cell,CXCL12,cytokine,Unknown,1,6.16
CL_0000362,epidermal cell,IL31,cytokine,Unknown,1,951.98
CL_1001319,bladder cell,TGFB1,cytokine,Positive,1,3.66
CL_0002195,hepatic stem cell,CSF3,cytokine,Unknown,1,333.56
CL_0000047,neuronal stem cell,CSF2,cytokine,Negative,1,26.23
CL_0000235,macrophage,IFNL1,cytokine,Positive,1,6.85
CL_0000815,regulatory T cell,IFNL3,cytokine,Negative,1,619.22
CL_0000899,T-helper 17 cell,IL17C,cytokine,Unknown,1,1332.78
CL_0002343,decidual natural killer cell,IFNG,cytokine,Negative,1,37.27
CL_0002627,mature astrocyte,IL6,cytokine,Positive,1,8.16
CL_0002621,gingival epithelial cell,TNF,cytokine,Positive,1,6.68
CL_0000898,naive T cell,CCL21,cytokine,Unknown,1,140.87
CL_0000738,leukocyte,IL1B,cytokine,Negative,1,0.79
CL_0000581,peritoneal macrophage,CSF3,cytokine,Unknown,1,2.02
CL_0000127,astrocyte,CCL26,cytokine,Negative,1,46.74
CL_0000037,hematopoietic stem cell,CXCL5,cytokine,Positive,1,17.83
CL_0000530,primary neuron,IFN1,cytokine,Unknown,1,2099.58
CL_0000232,erythrocyte,PF4,cytokine,Unknown,1,20.49
CL_0000545,T-helper 1 cell,IL1RN,cytokine,Unknown,1,4.83
CL_0002563,intestinal epithelial cell,CXCL2,cell,Positive,1,33.11
CL_0002397,"CD14-positive, CD16-positive monocyte",IL6,cytokine,Positive,1,5.44
CL_0000135,fibrocyte,IL13,cytokine,Positive,1,13.66
CL_0000839,myeloid lineage restricted progenitor cell,CCL15,cytokine,Positive,1,1081.39
CL_0000084,T cell,CCL20,cytokine,Negative,1,2.07
CL_0000501,granulosa cell,CXCL8,cytokine,Positive,1,2.6
CL_0000066,epithelial cell,TGFB2,cytokine,Unknown,1,12.01
CL_0002548,cardiac fibroblast,CSF2,cell,Positive,1,7.43
CL_0002608,hippocampal neuron,IL13,cytokine,Positive,1,20.13
CL_0000809,"double-positive, alpha-beta thymocyte",TGFB2,cell,Positive,1,783.38
CL_0000057,fibroblast,IL1B,cytokine,Negative,1,0.65
CL_0000218,myelinating Schwann cell,TGFB,cytokine,Positive,1,1.75
CL_0000546,T-helper 2 cell,MIF,cytokine,Negative,1,64.96
CL_0000092,osteoclast,CXCL10,cytokine,Positive,1,1.6
CL_0000138,chondrocyte,IL10,cytokine,Unknown,1,0.54
CL_0000576,monocyte,CCL26,cytokine,Positive,1,1.63
CL_0002548,cardiac fibroblast,SPP1,cytokine,Positive,1,39.94
CL_0000911,effector T cell,CCL21,cytokine,Unknown,1,130.66
CL_0000235,macrophage,RETN,cytokine,Positive,1,0.24
CL_0002033,short term hematopoietic stem cell,IL7,cytokine,Positive,1,185.97
CL_0000835,myeloblast,CD40LG,cytokine,Unknown,1,118.58
CL_0000546,T-helper 2 cell,TNF,cytokine,Unknown,1,0.28
CL_0000453,Langerhans cell,IFNG,cytokine,Unknown,1,2.42
CL_0000499,stromal cell,LTA,cytokine,Positive,1,5.8
CL_0002140,acinar cell of sebaceous gland,TNF,cytokine,Positive,1,6.68
CL_0000623,natural killer cell,IL32,cytokine,Negative,1,23.54
CL_0000625,"CD8-positive, alpha-beta T cell",PPBP,cytokine,Positive,1,0.57
CL_0000066,epithelial cell,IFNB1,cytokine,Positive,1,0.79
CL_0000546,T-helper 2 cell,CCL2,cytokine,Unknown,1,1.01
CL_0000451,dendritic cell,IL12,cytokine,Positive,1,0.35
CL_0000319,mucus secreting cell,IFNG,cytokine,Negative,1,74.54
CL_0000312,keratinocyte,OSM,cytokine,Positive,1,9.62
CL_0000062,osteoblast,IL17,cytokine,Negative,1,4.14
CL_0000115,endothelial cell,IL35,cytokine,Negative,1,28.48
CL_0000824,mature natural killer cell,TGFB,cytokine,Unknown,1,1.45
CL_0000623,natural killer cell,CD40LG,cytokine,Unknown,1,0.5
CL_0000359,vascular associated smooth muscle cell,RETN,cytokine,Positive,1,17.46
CL_0000127,astrocyte,IL17,cytokine,Positive,1,0.53
CL_0000910,cytotoxic T cell,IFNB1,cytokine,Positive,1,3.23
CL_0000235,macrophage,EPO,cytokine,Negative,1,0.64
CL_0000559,promonocyte,TGFB1,cytokine,Positive,1,73.24
CL_0000136,fat cell,CXCL14,cytokine,Unknown,1,116.55
CL_0000576,monocyte,IL3,cytokine,Positive,1,0.16
CL_0000545,T-helper 1 cell,TNFSF15,cytokine,Positive,1,7.06
CL_0000034,stem cell,CCL26,cytokine,Unknown,1,19.97
CL_0000624,"CD4-positive, alpha-beta T cell",CCL2,cytokine,Positive,1,0.08
CL_0000115,endothelial cell,CXCL2,cytokine,Negative,1,12.46
CL_0000798,gamma-delta T cell,TNF,cytokine,Negative,1,4.44
CL_0000351,trophoblast cell,IFNA,cytokine,Negative,1,42.14
CL_0000792,"CD4-positive, CD25-positive, alpha-beta regulatory T cell",TNFSF4,cytokine,Unknown,1,19.61
CL_0000669,pericyte cell,IL1RN,cytokine,Negative,1,181.89
CL_0002544,aortic endothelial cell,RETN,cytokine,Positive,1,34.93
CL_0002334,preadipocyte,FGF1,cytokine,Negative,1,729.86
CL_0000912,helper T cell,IL27,cytokine,Unknown,1,29.77
CL_0000746,cardiac muscle cell,IL1RN,cytokine,Positive,1,5.39
CL_0000863,inflammatory macrophage,CSF2,cytokine,Unknown,1,8.8
CL_0000775,neutrophil,IL34,cytokine,Positive,1,2.93
CL_0002322,embryonic stem cell,CCL1,cytokine,Positive,1,123.72
CL_0002327,mammary epithelial cell,FGF1,cytokine,Negative,1,354.2
CL_0000388,tendon cell,IL1B,cytokine,Negative,1,250.89
CL_0000092,osteoclast,IL27,cytokine,Unknown,1,7.04
CL_0000057,fibroblast,TGFA,cytokine,Negative,1,6.47
CL_0000738,leukocyte,CCL21,cytokine,Positive,1,5.42
CL_0000584,enterocyte,IL6,cytokine,Positive,1,1.26
CL_0000050,megakaryocyte-erythroid progenitor cell,THPO,cytokine,Unknown,1,441.06
CL_0000214,synovial cell,IL17,cytokine,Unknown,1,6.15
CL_0000623,natural killer cell,TNFSF9,cytokine,Negative,1,3.75
CL_0000061,cementoblast,SPP1,cytokine,Unknown,1,216.02
CL_0000775,neutrophil,IFNA,cytokine,Negative,1,0.53
CL_0000066,epithelial cell,IL33,cytokine,Positive,1,0.89
CL_0000916,dendritic epidermal T cell,IL1RN,cytokine,Negative,1,1364.21
CL_0000740,retinal ganglion cell,PDGF,cytokine,Unknown,1,721.27
CL_0000187,muscle cell,IL6,cytokine,Unknown,1,2.86
CL_0000546,T-helper 2 cell,IL20,cytokine,Unknown,1,152.05
CL_0000624,"CD4-positive, alpha-beta T cell",IL3,cytokine,Unknown,1,0.94
CL_1000497,kidney cell,HGF,cytokine,Negative,1,468.78
CL_0000062,osteoblast,TGFB2,cytokine,Negative,1,42.19
CL_0000814,mature NK T cell,IL12,cytokine,Unknown,1,7.79
CL_0000160,goblet cell,IL10,cytokine,Positive,1,1.05
CL_0000213,lining cell,IFNG,cytokine,Negative,1,74.54
CL_0000362,epidermal cell,TNF,cytokine,Positive,1,1.16
CL_1000490,mesothelial cell of peritoneum,IL1,cell,Positive,1,16.44
CL_0000081,blood cell,CSF3,cytokine,Positive,1,6.81
CL_0000815,regulatory T cell,IL12,cytokine,Negative,1,8.69
CL_0000113,mononuclear phagocyte,CCL2,cytokine,Negative,1,13.56
CL_0000451,dendritic cell,CCL20,cytokine,Unknown,1,17.03
CL_0000136,fat cell,TGFB,cytokine,Positive,1,0.21
CL_0000023,oocyte,IL6,cytokine,Positive,1,0.94
CL_0000115,endothelial cell,IL1,cytokine,Unknown,1,0.36
CL_0002436,mature CD4 single-positive thymocyte,CXCL12,cytokine,Negative,1,1951.05
CL_0000034,stem cell,IL1,cytokine,Positive,1,0.3
CL_0000169,type B pancreatic cell,IL22,cytokine,Negative,1,92.39
CL_0000134,mesenchymal cell,CSF3,cytokine,Positive,1,0.49
CL_0000795,"CD8-positive, alpha-beta regulatory T cell",IFNG,cytokine,Positive,1,4.67
CL_0000819,B-1 B cell,IL6,cytokine,Unknown,1,7.79
CL_0000037,hematopoietic stem cell,IFNA,cytokine,Unknown,1,2.54
CL_0000540,neuron,IL16,cytokine,Unknown,1,13.15
CL_0000990,conventional dendritic cell,IFN1,cytokine,Unknown,1,161.51
CL_0000826,pro-B cell,TGFB1,cytokine,Negative,1,97.33
CL_0000764,erythroid lineage cell,IFN1,cytokine,Negative,1,4784.07
CL_0002563,intestinal epithelial cell,IL1,cytokine,Positive,1,1.46
CL_0000775,neutrophil,TNFSF14,cytokine,Negative,1,70.16
CL_0000492,CD4-positive helper T cell,IL13,cytokine,Positive,1,38.25
CL_0000163,endocrine cell,TGFB,cytokine,Unknown,1,63.23
CL_0000135,fibrocyte,PDGF,cytokine,Positive,1,36.8
CL_0000889,myeloid suppressor cell,TNF,cytokine,Positive,1,13.36
CL_0000738,leukocyte,CXCL14,cytokine,Positive,1,9.21
CL_0000092,osteoclast,TNFSF9,cytokine,Unknown,1,10.5
CL_0000148,melanocyte,TGFB1,cytokine,Unknown,1,3.66
CL_0000501,granulosa cell,KITLG,cytokine,Negative,1,269.47
CL_0000542,lymphocyte,IL33,cytokine,Unknown,1,1.27
CL_0000492,CD4-positive helper T cell,IL6,cytokine,Positive,1,4.9
CL_0000056,myoblast,CXCL12,cytokine,Unknown,1,9.96
CL_0000792,"CD4-positive, CD25-positive, alpha-beta regulatory T cell",IL35,cytokine,Unknown,1,18.91
CL_0000738,leukocyte,CXCL8,cytokine,Negative,1,0.7
CL_0000137,osteocyte,IL1B,cytokine,Unknown,1,20.65
CL_0000771,eosinophil,CCL3,cytokine,Negative,1,7.32
CL_0000787,memory B cell,CD40LG,cytokine,Positive,1,16.94
CL_0000084,T cell,CCL25,cytokine,Positive,1,1.32
CL_0000501,granulosa cell,TGFB,cytokine,Unknown,1,5.93
CL_0000540,neuron,CCL6,cell,Positive,1,7.04
CL_0002038,T follicular helper cell,IL27,cytokine,Positive,1,62.39
CL_0000236,B cell,IL25,cell,Positive,1,1.97
CL_0000138,chondrocyte,IL18,cytokine,Positive,1,2.04
CL_0000542,lymphocyte,IL5,cytokine,Negative,1,1.27
CL_0000082,epithelial cell of lung,IFNA,cytokine,Positive,1,2.94
CL_0000576,monocyte,CCL4,cytokine,Positive,1,0.57
CL_0000746,cardiac muscle cell,CSF1,cytokine,Positive,1,1.41
CL_0000973,IgA memory B cell,IL15,cytokine,Positive,1,239.32
CL_0000911,effector T cell,CXCL9,cytokine,Positive,1,84.63
CL_0000235,macrophage,TGFA,cytokine,Unknown,1,1.03
CL_0000057,fibroblast,IL22,cytokine,Positive,1,0.63
CL_0000453,Langerhans cell,IL12B,cell,Positive,1,119.68
CL_0000092,osteoclast,IFNB1,cytokine,Positive,1,0.99
CL_0000499,stromal cell,PPBP,cell,Positive,1,3.56
CL_0000453,Langerhans cell,IL1B,cytokine,Positive,1,3.5
CL_0002619,adult endothelial progenitor cell,CSF2,cytokine,Negative,1,10.03
CL_0000094,granulocyte,CXCL12,cytokine,Positive,1,1.33
CL_0000233,platelet,EGF,cytokine,Positive,1,1.64
CL_0000066,epithelial cell,IL1,cytokine,Unknown,1,0.67
CL_0000182,hepatocyte,IL13,cytokine,Unknown,1,2.96
CL_0000546,T-helper 2 cell,CSF3,cytokine,Positive,1,0.28
CL_0002092,bone marrow cell,IL2,cytokine,Negative,1,1.99
CL_0000182,hepatocyte,IL15,cytokine,Negative,1,4.22
CL_0000057,fibroblast,CXCL5,cytokine,Unknown,1,9.78
CL_0000779,multinuclear osteoclast,IL33,cytokine,Positive,1,206.59
CL_0000546,T-helper 2 cell,IFNA,cytokine,Negative,1,3.14
CL_0000499,stromal cell,CCL21,cell,Positive,1,14.85
CL_0000653,glomerular visceral epithelial cell,CCL26,cytokine,Unknown,1,78.06
CL_0000786,plasma cell,IFNA,cytokine,Positive,1,2.28
CL_0000653,glomerular visceral epithelial cell,CXCL12,cytokine,Unknown,1,11.12
CL_0000738,leukocyte,TGFB,cytokine,Negative,1,0.45
CL_0000084,T cell,IL13,cytokine,Negative,1,0.55
CL_0000235,macrophage,FGF2,cytokine,Negative,1,0.28
CL_0000836,promyelocyte,TNFSF14,cytokine,Positive,1,2189.81
CL_0000136,fat cell,FGF2,cytokine,Negative,1,3.42
CL_0000136,fat cell,IFNA,cytokine,Negative,1,4.01
CL_0000624,"CD4-positive, alpha-beta T cell",CCL4,cytokine,Positive,1,0.95
CL_0000034,stem cell,CSF2,cytokine,Unknown,1,0.99
CL_0000586,germ cell,FGF2,cytokine,Unknown,1,21.95
CL_0000351,trophoblast cell,RETN,cytokine,Positive,1,30.73
CL_0000794,"CD8-positive, alpha-beta cytotoxic T cell",CCL20,cytokine,Negative,1,327.15
CL_0000650,mesangial cell,IL1,cytokine,Unknown,1,3.58
CL_0000912,helper T cell,IL5,cell,Positive,1,3.05
CL_0000682,M cell,LTA,cytokine,Negative,1,3946.19
CL_0000232,erythrocyte,CSF1,cytokine,Unknown,1,7.82
CL_0000863,inflammatory macrophage,IL12,cytokine,Unknown,1,10.54
CL_0000775,neutrophil,IL5,cytokine,Unknown,1,0.32
CL_0002322,embryonic stem cell,FGF2,cytokine,Negative,1,15.26
CL_0000192,smooth muscle cell,IL6,cytokine,Unknown,1,1.6
CL_0000942,thymic plasmacytoid dendritic cell,IL12B,cell,Positive,1,1077.15
CL_0002322,embryonic stem cell,FGF2,cytokine,Positive,1,1.91
CL_0000584,enterocyte,TNF,cytokine,Positive,1,0.69
CL_0000148,melanocyte,CSF2,cytokine,Positive,1,1.22
CL_0000557,granulocyte monocyte progenitor cell,IL1,cytokine,Positive,1,1.06
CL_0000903,natural T-regulatory cell,IL2,cytokine,Positive,1,6.74
CL_1001611,cerebellar neuron,HGF,cytokine,Unknown,1,2057.3
CL_0000129,microglial cell,IL6,cytokine,Positive,1,0.16
CL_1000488,cholangiocyte,IFNG,cytokine,Negative,1,13.55
CL_0000182,hepatocyte,RETN,cytokine,Negative,1,13.56
CL_0002148,dental pulp cell,TNF,cytokine,Positive,1,5.34
CL_0002586,retinal pigment epithelial cell,IL22,cytokine,Unknown,1,851.5
CL_0000187,muscle cell,TGFB,cytokine,Negative,1,7.2
CL_0000546,T-helper 2 cell,IL27,cytokine,Negative,1,17.77
CL_0000624,"CD4-positive, alpha-beta T cell",IL35,cytokine,Negative,1,19.8
CL_1000497,kidney cell,TNF,cytokine,Unknown,1,9.35
CL_0000814,mature NK T cell,IL17,cell,Positive,1,5.02
CL_0002138,endothelial cell of lymphatic vessel,CCL21,cell,Positive,1,152.07
CL_1001567,lung endothelial cell,IL1B,cytokine,Positive,1,31.46
CL_0000236,B cell,CCL2,cytokine,Negative,1,0.51
CL_0000066,epithelial cell,CCL26,cytokine,Unknown,1,12.95
CL_1000491,mesothelial cell of pleura,CXCL12,cell,Positive,1,90.26
CL_0000081,blood cell,IL3,cytokine,Unknown,1,84.54
CL_0000182,hepatocyte,CSF2,cytokine,Positive,1,0.19
CL_0000235,macrophage,IL11,cytokine,Negative,1,3.47
CL_0000081,blood cell,THPO,cytokine,Unknown,1,157.52
CL_0002629,mature microglial cell,IFNB1,cytokine,Unknown,1,44.41
CL_0000034,stem cell,IL17,cytokine,Positive,1,0.52
CL_0000898,naive T cell,IL10,cytokine,Unknown,1,2.7
CL_0002062,type I pneumocyte,IFNA,cytokine,Positive,1,66.06
CL_0000738,leukocyte,IL22,cytokine,Negative,1,6.12
CL_0000127,astrocyte,CXCL1,cytokine,Unknown,1,17.15
CL_0000134,mesenchymal cell,EPO,cytokine,Negative,1,10.68
CL_0000134,mesenchymal cell,EPO,cytokine,Positive,1,1.34
CL_0000037,hematopoietic stem cell,IL1,cytokine,Unknown,1,1.71
CL_0000990,conventional dendritic cell,IL21,cytokine,Positive,1,25.33
CL_0000060,odontoblast,CXCL12,cytokine,Positive,1,14.39
CL_0000097,mast cell,IL1,cytokine,Positive,1,0.23
CL_0000019,sperm,IL6,cytokine,Negative,1,16.27
CL_0000646,basal cell,IL4,cytokine,Unknown,1,29.63
CL_0000037,hematopoietic stem cell,IL17,cell,Positive,1,1.27
CL_0000540,neuron,IL1RN,cytokine,Positive,1,1.38
CL_0000576,monocyte,IL18,cytokine,Negative,1,1.24
CL_0002563,intestinal epithelial cell,IL7,cytokine,Unknown,1,10.67
CL_0000060,odontoblast,TGFB,cytokine,Positive,1,3.19
CL_0000793,"CD4-positive, alpha-beta intraepithelial T cell",IL10,cell,Positive,1,3.47
CL_0000115,endothelial cell,CCL6,cytokine,Unknown,1,9.46
CL_0000097,mast cell,IL12,cytokine,Unknown,1,0.93
CL_0000843,follicular B cell,TNFSF13B,cytokine,Positive,1,634.73
CL_0000056,myoblast,FGF2,cytokine,Negative,1,10.47
CL_0000137,osteocyte,TNFSF11,cytokine,Unknown,1,912.32
CL_0000771,eosinophil,CCL7,cytokine,Negative,1,50.72
CL_0000787,memory B cell,IL2,cytokine,Positive,1,2.7
CL_0000322,pneumocyte,CCL2,cell,Positive,1,5.11
CL_0000545,T-helper 1 cell,CCL20,cytokine,Positive,1,2.9
CL_0000236,B cell,IL3,cell,Positive,1,0.33
CL_0000082,epithelial cell of lung,IL1B,cytokine,Unknown,1,7.34
CL_0000746,cardiac muscle cell,EPO,cytokine,Negative,1,16.22
CL_0000902,induced T-regulatory cell,IFNA,cytokine,Negative,1,28.47
CL_0000911,effector T cell,IL10,cytokine,Negative,1,5.71
CL_0002620,skin fibroblast,FGF2,cytokine,Unknown,1,24.69
CL_0002061,T-helper 9 cell,CCL20,cytokine,Positive,1,68.38
CL_0002619,adult endothelial progenitor cell,CXCL10,cytokine,Negative,1,69.88
CL_0000556,megakaryocyte,IL4,cytokine,Unknown,1,1.48
CL_0000094,granulocyte,EPO,cytokine,Unknown,1,4.91
CL_0000625,"CD8-positive, alpha-beta T cell",TNF,cytokine,Negative,1,0.2
CL_0000542,lymphocyte,CXCL8,cytokine,Positive,1,0.07
CL_0000182,hepatocyte,IL17,cell,Positive,1,0.51
CL_0000451,dendritic cell,IL23,cytokine,Unknown,1,12.22
CL_0000235,macrophage,IL1RN,cytokine,Positive,1,0.21
CL_0000057,fibroblast,EGF,cytokine,Negative,1,9.26
CL_0000647,multinucleated giant cell,IL13,cytokine,Negative,1,305.01
CL_0000624,"CD4-positive, alpha-beta T cell",IL1A,cytokine,Positive,1,0.34
CL_0000062,osteoblast,IL3,cytokine,Positive,1,2.25
CL_0000096,mature neutrophil,CXCL8,cytokine,Negative,1,10.53
CL_0002543,vein endothelial cell,TGFB1,cytokine,Negative,1,53.09
CL_0000653,glomerular visceral epithelial cell,IFNB1,cytokine,Positive,1,4.78
CL_0000611,eosinophil progenitor cell,CCL11,cytokine,Positive,1,232.96
CL_0000549,basophilic erythroblast,EPO,cytokine,Negative,1,2060.4
CL_0000121,Purkinje cell,LIF,cytokine,Unknown,1,2688.93
CL_0000576,monocyte,PF4,cytokine,Negative,1,1.77
CL_0000899,T-helper 17 cell,IFNA,cytokine,Negative,1,4.58
CL_0000312,keratinocyte,IFNK,cytokine,Unknown,1,605.81
CL_0000115,endothelial cell,FGF1,cytokine,Negative,1,13.75
CL_0000586,germ cell,KITLG,cytokine,Positive,1,60.08
CL_0002372,myotube,CSF1,cytokine,Positive,1,11.17
CL_0000794,"CD8-positive, alpha-beta cytotoxic T cell",IFNG,cytokine,Positive,1,0.53
CL_0000669,pericyte cell,TGFB1,cytokine,Negative,1,19.47
CL_1001607,articular chondrocyte,FGF2,cytokine,Unknown,1,32.92
CL_0000650,mesangial cell,IL6,cytokine,Negative,1,4.49
CL_0000236,B cell,TGFB1,cytokine,Unknown,1,0.17
CL_0000158,Clara cell,IFNG,cytokine,Positive,1,6.23
CL_0000235,macrophage,CCL18,cytokine,Unknown,1,7.37
CL_0002334,preadipocyte,TGFB,cytokine,Unknown,1,5.75
CL_0000545,T-helper 1 cell,IL13,cell,Positive,1,1.14
CL_0000746,cardiac muscle cell,MIF,cytokine,Positive,1,21.55
CL_0000863,inflammatory macrophage,IL34,cytokine,Negative,1,1369.56
CL_0002311,mammotroph,FGF2,cytokine,Unknown,1,395.02
CL_0000893,thymocyte,CSF2,cytokine,Positive,1,0.36
CL_0002322,embryonic stem cell,IL10,cytokine,Unknown,1,2.93
CL_0000057,fibroblast,TGFB2,cytokine,Negative,1,10.94
CL_0000738,leukocyte,CCL6,cytokine,Unknown,1,8.71
CL_0000890,alternatively activated macrophage,IL17,cytokine,Positive,1,3.55
CL_0002319,neural cell,FGF2,cytokine,Positive,1,7.53
CL_0000066,epithelial cell,SPP1,cytokine,Unknown,1,5.12
CL_0002328,bronchial epithelial cell,IL32,cytokine,Positive,1,58.39
CL_0000700,dopaminergic neuron,FGF2,cytokine,Positive,1,5.94
CL_0000546,T-helper 2 cell,IL33,cytokine,Negative,1,9.81
CL_0000092,osteoclast,CCL23,cytokine,Unknown,1,91.56
CL_0000814,mature NK T cell,IL27,cytokine,Positive,1,16.28
CL_0000499,stromal cell,IL17A,cell,Positive,1,2.43
CL_0000625,"CD8-positive, alpha-beta T cell",IL27,cytokine,Unknown,1,2.41
CL_0000236,B cell,CCL26,cytokine,Unknown,1,7.88
CL_0000815,regulatory T cell,IL27,cytokine,Negative,1,63.51
CL_0000451,dendritic cell,CXCL11,cytokine,Negative,1,295.96
CL_0000062,osteoblast,CCL23,cytokine,Unknown,1,113.16
CL_0000115,endothelial cell,IL17A,cytokine,Positive,1,0.48
CL_0002629,mature microglial cell,IL4,cytokine,Positive,1,2.04
CL_0000125,glial cell,IL17,cell,Positive,1,3.5
CL_0002063,type II pneumocyte,TGFB1,cytokine,Unknown,1,36.61
CL_0000738,leukocyte,IL32,cytokine,Unknown,1,12.89
CL_0000581,peritoneal macrophage,IL18,cytokine,Positive,1,1.99
CL_0000625,"CD8-positive, alpha-beta T cell",CCL5,cytokine,Negative,1,10.04
CL_0000134,mesenchymal cell,HGF,cytokine,Unknown,1,10.66
CL_0000125,glial cell,IL18,cytokine,Positive,1,4.97
CL_0000359,vascular associated smooth muscle cell,CCL2,cytokine,Positive,1,2.2
CL_0000738,leukocyte,IL4,cytokine,Unknown,1,0.22
CL_0000127,astrocyte,IFNA,cytokine,Positive,1,0.45
CL_0000037,hematopoietic stem cell,IL22,cytokine,Unknown,1,14.04
CL_0000540,neuron,IL34,cytokine,Positive,1,11.77
CL_0002097,cortical cell of adrenal gland,FGF2,cytokine,Positive,1,16.13
CL_0000235,macrophage,CX3CL1,cytokine,Negative,1,2.02
CL_0000145,professional antigen presenting cell,IL12,cytokine,Unknown,1,6.18
CL_0002563,intestinal epithelial cell,TNF,cytokine,Negative,1,6.99
CL_0000128,oligodendrocyte,CXCL1,cytokine,Negative,1,352.32
CL_0000871,splenic macrophage,IL17,cytokine,Unknown,1,34.21
CL_0000901,Tr1 cell,IL10,cytokine,Negative,1,14.06
CL_0000793,"CD4-positive, alpha-beta intraepithelial T cell",IL18,cytokine,Unknown,1,54.67
CL_0000115,endothelial cell,CSF1,cytokine,Negative,1,1.63
CL_0000097,mast cell,IL1A,cytokine,Positive,1,2.25
CL_0002064,pancreatic acinar cell,TGFB,cytokine,Unknown,1,21.08
CL_0000084,T cell,CCL4L2,cytokine,Positive,1,2.64
CL_0000912,helper T cell,CSF2,cell,Positive,1,1.43
CL_0000138,chondrocyte,IL6,cytokine,Negative,1,1.22
CL_0000746,cardiac muscle cell,FGF2,cytokine,Unknown,1,3.11
CL_0000902,induced T-regulatory cell,IL2,cytokine,Negative,1,5.81
CL_0000911,effector T cell,IL17,cytokine,Negative,1,18.08
CL_0000235,macrophage,TGFB2,cytokine,Unknown,1,1.74
CL_0000763,myeloid cell,IFNG,cytokine,Positive,1,0.29
CL_0002061,T-helper 9 cell,IL25,cytokine,Positive,1,194
CL_0000499,stromal cell,TNF,cytokine,Negative,1,0.83
CL_0002224,lens epithelial cell,IFNG,cytokine,Positive,1,1.87
CL_0000623,natural killer cell,MIF,cytokine,Unknown,1,8.07
CL_0000625,"CD8-positive, alpha-beta T cell",TNFSF15,cytokine,Positive,1,3.22
CL_0000542,lymphocyte,FGF2,cytokine,Positive,1,0.1
CL_0002368,respiratory epithelial cell,TGFB,cytokine,Positive,1,0.93
CL_0002092,bone marrow cell,IL6,cytokine,Positive,1,0.45
CL_0000451,dendritic cell,IL3,cytokine,Positive,1,1.15
CL_0000235,macrophage,IL21,cytokine,Positive,1,0.1
CL_0000057,fibroblast,EPO,cytokine,Positive,1,0.22
CL_0000187,muscle cell,CCL2,cytokine,Negative,1,12.88
CL_0000096,mature neutrophil,IFNG,cytokine,Negative,1,2.37
CL_0000623,natural killer cell,GDF15,cytokine,Positive,1,1.02
CL_0000365,zygote,HGF,cytokine,Negative,1,2343.88
CL_0000625,"CD8-positive, alpha-beta T cell",IL13,cytokine,Unknown,1,1.23
CL_0000352,epiblast cell,TGFB,cytokine,Negative,1,144.07
CL_0000134,mesenchymal cell,TNF,cytokine,Negative,1,1.1
CL_1001319,bladder cell,CXCL1,cytokine,Positive,1,71.8
CL_0000632,hepatic stellate cell,CCL4,cytokine,Unknown,1,161.51
CL_0000576,monocyte,SPP1,cytokine,Unknown,1,1.12
CL_0000312,keratinocyte,IL10,cytokine,Positive,1,0.1
CL_0000097,mast cell,THPO,cytokine,Positive,1,1.64
CL_0000034,stem cell,CXCL8,cytokine,Unknown,1,0.97
CL_0002372,myotube,IL6,cytokine,Positive,1,6.12
CL_0000169,type B pancreatic cell,CXCL10,cytokine,Positive,1,9.46
CL_0002246,peripheral blood stem cell,CSF2,cytokine,Positive,1,2.38
CL_1001607,articular chondrocyte,IL1B,cytokine,Negative,1,31.36
CL_0000037,hematopoietic stem cell,CCL2,cytokine,Positive,1,0.53
CL_0000817,precursor B cell,CCL18,cytokine,Negative,1,1343.22
CL_0002393,intermediate monocyte,CSF1,cytokine,Positive,1,89.38
CL_0000192,smooth muscle cell,TGFB,cytokine,Negative,1,4.04
CL_0000763,myeloid cell,TNFSF9,cytokine,Positive,1,4.32
CL_0002322,embryonic stem cell,IL22,cytokine,Positive,1,12.37
CL_0000738,leukocyte,CD40LG,cytokine,Unknown,1,0.62
CL_0000890,alternatively activated macrophage,IL4,cytokine,Unknown,1,4.71
CL_0000148,melanocyte,IFNB1,cytokine,Positive,1,5.26
CL_0002319,neural cell,TGFB,cytokine,Unknown,1,12.65
CL_0000542,lymphocyte,IL17A,cytokine,Positive,1,0.37
CL_0000233,platelet,PF4,cytokine,Negative,1,4.56
CL_0000066,epithelial cell,TGFA,cytokine,Unknown,1,7.1
CL_0000700,dopaminergic neuron,IL1B,cytokine,Positive,1,4.97
CL_0000235,macrophage,IL7,cell,Positive,1,0.09
CL_0000216,Sertoli cell,FGF2,cytokine,Unknown,1,15.19
CL_1001609,muscle fibroblast,TGFB1,cytokine,Negative,1,292
CL_0000091,Kupffer cell,IL10,cytokine,Negative,1,5.55
CL_0000092,osteoclast,CCL9,cytokine,Unknown,1,43.37
CL_0000814,mature NK T cell,TNF,cytokine,Positive,1,0.58
CL_0002138,endothelial cell of lymphatic vessel,IL17,cytokine,Positive,1,6.26
CL_0000160,goblet cell,TGFB,cytokine,Negative,1,9.2
CL_0000623,natural killer cell,IL1B,cytokine,Unknown,1,0.28
CL_0000542,lymphocyte,CCL25,cytokine,Positive,1,6.39
CL_0000233,platelet,CCL5,cytokine,Unknown,1,5.84
CL_0000066,epithelial cell,CXCL13,cell,Positive,1,3.62
CL_0000182,hepatocyte,EGF,cytokine,Unknown,1,10.43
CL_0000815,regulatory T cell,IL6,cytokine,Positive,1,0.52
CL_0002092,bone marrow cell,CCL9,cytokine,Positive,1,42.69
CL_0000312,keratinocyte,IL31,cytokine,Negative,1,98.6
CL_0000115,endothelial cell,IL1A,cytokine,Negative,1,3.95
CL_0000235,macrophage,IL17A,cytokine,Negative,1,1.05
CL_0000057,fibroblast,CCL4,cytokine,Positive,1,1.03
CL_0000312,keratinocyte,IL4,cytokine,Negative,1,0.93
CL_0000062,osteoblast,FGF1,cytokine,Positive,1,10.03
CL_0000359,vascular associated smooth muscle cell,IL1,cell,Positive,1,2.99
CL_0000581,peritoneal macrophage,TGFB2,cytokine,Positive,1,9.65
CL_0000084,T cell,IFNL3,cytokine,Negative,1,10.53
CL_0000134,mesenchymal cell,IL1B,cytokine,Negative,1,3.9
CL_0002309,corticotroph,CLCF1,cell,Positive,1,9232.72
CL_0000145,professional antigen presenting cell,IL1B,cell,Positive,1,2.4
CL_0000128,oligodendrocyte,FGF2,cytokine,Unknown,1,6.08
CL_0000871,splenic macrophage,TNF,cytokine,Positive,1,1.67
CL_0000901,Tr1 cell,IL27,cytokine,Positive,1,53.48
CL_0000793,"CD4-positive, alpha-beta intraepithelial T cell",TGFB,cytokine,Unknown,1,9.03
CL_0000312,keratinocyte,CCL8,cell,Positive,1,85.15
CL_0000097,mast cell,IL21,cytokine,Positive,1,0.86
CL_0000798,gamma-delta T cell,IFN1,cytokine,Positive,1,12.5
CL_0000056,myoblast,IL1B,cytokine,Positive,1,1.1
CL_0000307,tracheal epithelial cell,IL10,cell,Positive,1,24.29
CL_0000792,"CD4-positive, CD25-positive, alpha-beta regulatory T cell",TGF,cytokine,Positive,1,3.6
CL_0002410,pancreatic stellate cell,CXCL8,cytokine,Positive,1,27.73
CL_0000561,amacrine cell,FGF1,cytokine,Unknown,1,5285.14
CL_0000084,T cell,CCL6,cytokine,Negative,1,3.42
CL_0000540,neuron,CX3CL1,cytokine,Positive,1,1.64
CL_0000322,pneumocyte,IL27,cytokine,Negative,1,213.21
CL_0000545,T-helper 1 cell,CXCL10,cytokine,Positive,1,1.2
CL_0000912,helper T cell,IL10,cytokine,Positive,1,0.56
CL_0000542,lymphocyte,TGF,cytokine,Unknown,1,6.39
CL_0000545,T-helper 1 cell,CXCL9,cytokine,Negative,1,187.76
CL_0000746,cardiac muscle cell,IL1,cytokine,Positive,1,0.7
CL_0000902,induced T-regulatory cell,IL4,cytokine,Unknown,1,5.61
CL_0000775,neutrophil,IL22,cytokine,Positive,1,0.37
CL_0000192,smooth muscle cell,FGF2,cytokine,Negative,1,8.41
CL_0002085,tanycyte,CCL11,cell,Positive,1,687.54
CL_0002521,subcutaneous fat cell,TNF,cytokine,Unknown,1,31.17
CL_0000792,"CD4-positive, CD25-positive, alpha-beta regulatory T cell",CCL5,cytokine,Unknown,1,8.27
CL_0000708,leptomeningeal cell,IL1B,cytokine,Positive,1,94.39
CL_0000584,enterocyte,CXCL12,cytokine,Positive,1,6.27
CL_0000556,megakaryocyte,TGFB,cytokine,Positive,1,0.39
CL_0000862,suppressor macrophage,IL12,cytokine,Unknown,1,358.52
CL_0000236,B cell,IFNL3,cytokine,Positive,1,4.79
CL_0000066,epithelial cell,IL18,cytokine,Positive,1,0.71
CL_0000129,microglial cell,IL1B,cytokine,Negative,1,2.4
CL_0000084,T cell,LIF,cell,Positive,1,0.41
CL_0000062,osteoblast,RETN,cytokine,Positive,1,2.55
CL_0000115,endothelial cell,RETN,cytokine,Unknown,1,3.07
CL_0000096,mature neutrophil,IL1RN,cytokine,Unknown,1,38.01
CL_0000499,stromal cell,EGF,cytokine,Negative,1,41.98
CL_0000980,plasmablast,IL10,cell,Positive,1,14.57
CL_0000115,endothelial cell,SPP1,cytokine,Positive,1,0.78
CL_0000653,glomerular visceral epithelial cell,TGFB,cytokine,Unknown,1,2.46
CL_0000178,Leydig cell,IFNG,cytokine,Negative,1,10.65
CL_0000362,epidermal cell,IFNG,cytokine,Positive,1,0.81
CL_1001319,bladder cell,IFNG,cytokine,Unknown,1,3.27
CL_0000632,hepatic stellate cell,PDGFA,cytokine,Positive,1,224.6
CL_0002609,neuron of cerebral cortex,GDF15,cytokine,Positive,1,173.79
CL_0000969,regulatory B cell,IL21,cytokine,Negative,1,77.23
CL_0000899,T-helper 17 cell,IL13,cytokine,Negative,1,13.26
CL_0000023,oocyte,CSF1,cytokine,Positive,1,3.44
CL_0000023,oocyte,CXCL12,cytokine,Positive,1,4.71
CL_0000097,mast cell,TNFSF8,cytokine,Positive,1,37.92
CL_0000844,germinal center B cell,IL4,cytokine,Negative,1,78.76
CL_0000169,type B pancreatic cell,IFNG,cytokine,Negative,1,2.37
CL_0000794,"CD8-positive, alpha-beta cytotoxic T cell",TGFB,cytokine,Negative,1,12.35
CL_1001607,articular chondrocyte,TGFB,cell,Positive,1,6.67
CL_0000084,T cell,CXCL14,cytokine,Positive,1,1.58
CL_0000540,neuron,IFNB1,cytokine,Positive,1,0.74
CL_0000794,"CD8-positive, alpha-beta cytotoxic T cell",TNF,cell,Positive,1,2.25
CL_0000236,B cell,TNFSF15,cytokine,Unknown,1,8.04
CL_0000037,hematopoietic stem cell,CCL6,cytokine,Positive,1,13.01
CL_0000232,erythrocyte,IL18,cytokine,Unknown,1,14.35
CL_0002088,interstitial cell of Cajal,IFNG,cytokine,Negative,1,149.09
CL_0000097,mast cell,CCL6,cytokine,Positive,1,6.15
CL_0000782,myeloid dendritic cell,IL10,cytokine,Negative,1,17.12
CL_0002461,CD103-positive dendritic cell,IL2,cell,Positive,1,39.77
CL_0000135,fibrocyte,CCL2,cytokine,Unknown,1,12.11
CL_0000782,myeloid dendritic cell,IL12,cytokine,Unknown,1,15.59
CL_0000092,osteoclast,TGFB1,cytokine,Unknown,1,0.69
CL_0000890,alternatively activated macrophage,TGFB,cytokine,Positive,1,1.23
CL_0000771,eosinophil,CCL14,cytokine,Unknown,1,333.92
CL_0000148,melanocyte,IL1B,cytokine,Positive,1,1.35
CL_0000084,T cell,CCL18,cytokine,Unknown,1,4.27
CL_0000338,neuroblast (sensu Nematoda and Protostomia),CXCL12,cytokine,Unknown,1,95.14
CL_0000236,B cell,IL1A,cytokine,Negative,1,2.27
CL_0000129,microglial cell,XCL1,cytokine,Positive,1,27.9
CL_0000084,T cell,TNFSF14,cytokine,Positive,1,3.17
CL_0000236,B cell,IL1A,cytokine,Positive,1,0.28
CL_0000138,chondrocyte,FGF1,cell,Positive,1,6.94
CL_0000576,monocyte,CCL11,cytokine,Unknown,1,0.77
CL_0000449,brown fat cell,TNF,cytokine,Positive,1,10.69
CL_0000218,myelinating Schwann cell,FGF2,cytokine,Negative,1,29.04
CL_0000546,T-helper 2 cell,IL6,cytokine,Unknown,1,0.51
CL_0000091,Kupffer cell,IL18,cytokine,Positive,1,4.62
CL_0000556,megakaryocyte,CSF2,cytokine,Negative,1,4.87
CL_0000499,stromal cell,IL4,cytokine,Unknown,1,0.81
CL_0000624,"CD4-positive, alpha-beta T cell",IL9,cytokine,Positive,1,1.31
CL_0000622,acinar cell,CXCL10,cytokine,Positive,1,39.72
CL_0002138,endothelial cell of lymphatic vessel,TGFB,cytokine,Negative,1,17.29
CL_0000066,epithelial cell,CXCL9,cytokine,Negative,1,100.36
CL_0000622,acinar cell,TGFB,cytokine,Negative,1,28.81
CL_0002138,endothelial cell of lymphatic vessel,TNF,cytokine,Positive,1,1.07
CL_0000556,megakaryocyte,EPO,cytokine,Negative,1,14.72
CL_0000094,granulocyte,CSF1,cytokine,Unknown,1,3.4
CL_0000623,natural killer cell,IL22,cytokine,Positive,1,0.61
CL_0000236,B cell,CXCL10,cytokine,Unknown,1,1.37
CL_0000775,neutrophil,CSF1,cytokine,Unknown,1,0.31
CL_0000815,regulatory T cell,TNF,cytokine,Positive,1,0.28
CL_0002092,bone marrow cell,EPO,cytokine,Negative,1,19.08
CL_0000100,motor neuron,IL3,cytokine,Positive,1,16.1
CL_0000624,"CD4-positive, alpha-beta T cell",IL15,cytokine,Negative,1,1.51
CL_0000062,osteoblast,IFNG,cytokine,Positive,1,0.06
CL_0000115,endothelial cell,IL27,cytokine,Positive,1,0.85
CL_1001573,nasopharyngeal epithelial cell,TGFB1,cytokine,Negative,1,584.01
CL_0000359,vascular associated smooth muscle cell,IL1B,cytokine,Negative,1,17.11
CL_0000581,peritoneal macrophage,TNFSF9,cytokine,Positive,1,6.76
CL_0000625,"CD8-positive, alpha-beta T cell",CXCL9,cell,Positive,1,7.93
CL_0000127,astrocyte,IL10,cytokine,Negative,1,1.34
CL_0000767,basophil,IL18,cytokine,Positive,1,2.2
CL_0000037,hematopoietic stem cell,KITLG,cytokine,Negative,1,47.38
CL_0000540,neuron,LECT2,cytokine,Unknown,1,56.18
CL_0000711,cumulus cell,IFN1,cytokine,Positive,1,149.99
CL_0000128,oligodendrocyte,IFNG,cytokine,Negative,1,2.29
CL_0000122,stellate cell,IL17,cytokine,Positive,1,13.03
CL_0000897,"CD4-positive, alpha-beta memory T cell",IL4,cell,Positive,1,17.49
CL_0000312,keratinocyte,CSF3,cell,Positive,1,0.28
CL_0000056,myoblast,LIF,cytokine,Negative,1,284.98
CL_0000374,trichogen cell,HGF,cytokine,Positive,1,97.98
CL_0000510,paneth cell,TNF,cytokine,Unknown,1,31.17
CL_0002544,aortic endothelial cell,CD40LG,cytokine,Positive,1,7.7
CL_0000813,memory T cell,IL23,cytokine,Unknown,1,83.87
CL_0000912,helper T cell,IL17,cytokine,Positive,1,1.78
CL_0000235,macrophage,TNFSF9,cytokine,Positive,1,0.17
CL_0000917,Tc1 cell,IL9,cytokine,Unknown,1,413.12
CL_0000057,fibroblast,PF4,cytokine,Negative,1,3.22
CL_0000792,"CD4-positive, CD25-positive, alpha-beta regulatory T cell",CXCL12,cytokine,Positive,1,0.42
CL_0002619,adult endothelial progenitor cell,IL6,cytokine,Positive,1,0.72
CL_0000584,enterocyte,IFNG,cytokine,Negative,1,3.82
CL_0000214,synovial cell,CXCL8,cytokine,Positive,1,0.93
CL_0000557,granulocyte monocyte progenitor cell,CSF2,cytokine,Negative,1,8.12
CL_0000129,microglial cell,IL2,cytokine,Positive,1,0.09
CL_0000084,T cell,PF4,cytokine,Positive,1,0.08
CL_0002476,bone marrow macrophage,IFNG,cell,Positive,1,4.6
CL_0000451,dendritic cell,TGFB,cytokine,Positive,1,0.18
CL_0000558,reticulocyte,IL6,cytokine,Positive,1,1.04
CL_0000057,fibroblast,HGF,cytokine,Unknown,1,1.77
CL_0000187,muscle cell,IL18,cytokine,Negative,1,43.6
CL_0000546,T-helper 2 cell,IL17A,cytokine,Positive,1,1.25
CL_0000096,mature neutrophil,TNF,cytokine,Unknown,1,1.48
CL_0000625,"CD8-positive, alpha-beta T cell",IL17,cytokine,Positive,1,0.14
CL_0000178,Leydig cell,TGFB1,cytokine,Unknown,1,18.31
CL_0000362,epidermal cell,IL17,cytokine,Negative,1,54.23
CL_0000077,mesothelial cell,TGFB,cytokine,Negative,1,19.65
CL_0000084,T cell,IL18,cytokine,Negative,1,0.47
CL_0000632,hepatic stellate cell,TGFB,cytokine,Positive,1,2.08
CL_0000815,regulatory T cell,CXCL10,cytokine,Positive,1,6.34
CL_0000910,cytotoxic T cell,TNF,cytokine,Negative,1,1.87
CL_0000624,"CD4-positive, alpha-beta T cell",CXCL13,cytokine,Positive,1,0.9
CL_0000312,keratinocyte,IL18,cytokine,Unknown,1,2.27
CL_0000023,oocyte,IL18,cytokine,Unknown,1,22.08
CL_0000115,endothelial cell,IFNB1,cytokine,Unknown,1,1.47
CL_0002627,mature astrocyte,GDF15,cytokine,Positive,1,202.76
CL_0002621,gingival epithelial cell,IL1B,cytokine,Positive,1,23.6
CL_0000169,type B pancreatic cell,IL12,cytokine,Negative,1,12.97
CL_0000738,leukocyte,IL1A,cytokine,Unknown,1,1.6
CL_0000134,mesenchymal cell,CCL25,cytokine,Unknown,1,132.36
CL_0000084,T cell,CXCL8,cytokine,Negative,1,0.12
CL_0000049,common myeloid progenitor,IL3,cytokine,Negative,1,207.45
CL_0007010,preosteoblast,FGF2,cytokine,Negative,1,450.05
CL_0000232,erythrocyte,IL6,cytokine,Negative,1,4.88
CL_0000545,T-helper 1 cell,IL1B,cytokine,Unknown,1,0.67
CL_0002563,intestinal epithelial cell,CCL6,cytokine,Positive,1,38.81
CL_0000097,mast cell,CXCL12,cytokine,Negative,1,5.07
CL_0000514,smooth muscle myoblast,FGF2,cytokine,Positive,1,8.68
CL_0002397,"CD14-positive, CD16-positive monocyte",CSF1,cytokine,Negative,1,158.38
CL_0000583,alveolar macrophage,CCL3,cell,Positive,1,10.27
CL_0000148,melanocyte,IL6,cytokine,Positive,1,0.7
CL_0000501,granulosa cell,CXCL8,cytokine,Negative,1,41.46
CL_0002259,neuroepithelial stem cell,TGFB,cytokine,Unknown,1,189.69
CL_0000236,B cell,IL1RN,cytokine,Positive,1,0.45
CL_0002144,capillary endothelial cell,EPO,cytokine,Positive,1,86.13
CL_0002608,hippocampal neuron,FGF2,cytokine,Negative,1,47.37
CL_0000809,"double-positive, alpha-beta thymocyte",IL10,cytokine,Positive,1,16.46
CL_0000235,macrophage,PF4,cytokine,Unknown,1,0.51
CL_0000216,Sertoli cell,TGF,cell,Positive,1,118.37
CL_0000218,myelinating Schwann cell,IL6,cytokine,Positive,1,1.58
CL_0000546,T-helper 2 cell,IL9,cell,Positive,1,7.26
CL_0000092,osteoclast,CX3CL1,cytokine,Positive,1,2.18
CL_0000576,monocyte,CCL23,cytokine,Positive,1,4.61
CL_0002548,cardiac fibroblast,IL23,cytokine,Positive,1,60.62
CL_0000775,neutrophil,IL17F,cytokine,Unknown,1,9.62
CL_0000235,macrophage,RETN,cytokine,Unknown,1,0.84
CL_0000216,Sertoli cell,TNF,cytokine,Unknown,1,3.6
CL_0002140,acinar cell of sebaceous gland,CCL26,cell,Positive,1,633.62
CL_0002139,endothelial cell of vascular tree,CX3CL1,cytokine,Unknown,1,50.68
CL_0000625,"CD8-positive, alpha-beta T cell",LTA,cytokine,Negative,1,10.89
CL_0000542,lymphocyte,CX3CL1,cytokine,Unknown,1,2.49
CL_0000066,epithelial cell,IFN1,cytokine,Positive,1,1.29
CL_0000129,microglial cell,EPO,cytokine,Positive,1,0.82
CL_0000084,T cell,IL33,cytokine,Negative,1,0.6
CL_0000546,T-helper 2 cell,CCL1,cell,Positive,1,32.06
CL_0000235,macrophage,IL19,cytokine,Positive,1,3.91
CL_0000312,keratinocyte,MIF,cytokine,Positive,1,5.41
CL_0000824,mature natural killer cell,IL21,cytokine,Unknown,1,8.8
CL_0002188,glomerular endothelial cell,IL10,cytokine,Positive,1,49.38
CL_0000623,natural killer cell,CCL3,cytokine,Unknown,1,2.48
CL_0000786,plasma cell,CCL3,cytokine,Positive,1,14.52
CL_0000625,"CD8-positive, alpha-beta T cell",IFN1,cytokine,Positive,1,0.55
CL_0000738,leukocyte,PPBP,cytokine,Positive,1,0.65
CL_0000127,astrocyte,IL17,cytokine,Unknown,1,1.87
CL_0000134,mesenchymal cell,PDGF,cytokine,Positive,1,5.34
CL_0000037,hematopoietic stem cell,PDGFB,cytokine,Positive,1,21.88
CL_0000540,neuron,PDGFB,cytokine,Unknown,1,28.09
CL_0000910,cytotoxic T cell,IFNA,cytokine,Negative,1,9.24
CL_0000145,professional antigen presenting cell,TGFB2,cytokine,Unknown,1,96.09
CL_0000136,fat cell,CCL9,cytokine,Negative,1,139.78
CL_0000576,monocyte,IL27,cytokine,Positive,1,0.35
CL_0000128,oligodendrocyte,IL11,cytokine,Positive,1,21.39
CL_0000122,stellate cell,TGFB1,cytokine,Positive,1,6.1
CL_0000624,"CD4-positive, alpha-beta T cell",CCL18,cytokine,Positive,1,5.35
CL_0000798,gamma-delta T cell,IL7,cytokine,Positive,1,3.87
CL_0000056,myoblast,TDGF1P3,cytokine,Positive,1,169.75
CL_0000351,trophoblast cell,CXCL8,cytokine,Positive,1,3.33
CL_0000738,leukocyte,IFNL3,cytokine,Positive,1,7.68
CL_0000162,parietal cell,TGFB,cytokine,Unknown,1,37.94
CL_0002544,aortic endothelial cell,IL6,cytokine,Positive,1,2.23
CL_0000771,eosinophil,IFNA,cytokine,Unknown,1,0.5
CL_0000813,memory T cell,TNFSF9,cytokine,Unknown,1,45.41
CL_0000540,neuron,EGF,cytokine,Positive,1,2.72
CL_0000696,PP cell,IL6,cytokine,Positive,1,16.32
CL_0000236,B cell,IL9,cytokine,Positive,1,1.08
CL_0000911,effector T cell,TNFSF15,cytokine,Unknown,1,177.7
CL_0000192,smooth muscle cell,IL10,cell,Positive,1,0.68
CL_0000763,myeloid cell,IL27,cell,Positive,1,8.56
CL_0002128,Tc17 cell,IL27,cytokine,Negative,1,1193.97
CL_0000553,megakaryocyte progenitor cell,TGFB,cell,Positive,1,31.99
CL_0000061,cementoblast,PDGF,cytokine,Positive,1,93.68
CL_0000129,microglial cell,IL34,cytokine,Unknown,1,65.08
CL_0000084,T cell,SPP1,cytokine,Positive,1,0.12
CL_0000066,epithelial cell,IL33,cytokine,Negative,1,7.1
CL_0000451,dendritic cell,TNFSF9,cytokine,Positive,1,1.89
CL_0009004,retinal cell,IL6,cytokine,Positive,1,9.79
CL_0000187,muscle cell,IL1RN,cytokine,Negative,1,90.95
CL_0000624,"CD4-positive, alpha-beta T cell",IL27,cytokine,Unknown,1,2.08
CL_1000497,kidney cell,EPO,cytokine,Positive,1,25.84
CL_0000814,mature NK T cell,IL10,cytokine,Unknown,1,3.76
CL_0000384,ligament cell,IL17,cytokine,Positive,1,52.14
CL_0000784,plasmacytoid dendritic cell,IFN1,cytokine,Positive,1,4.32
CL_0000127,astrocyte,TGFB2,cytokine,Positive,1,5.44
CL_0000362,epidermal cell,TNF,cytokine,Unknown,1,4.07
CL_1000490,mesothelial cell of peritoneum,CCL2,cytokine,Positive,1,12.11
CL_0000576,monocyte,TNFSF13B,cytokine,Positive,1,1.2
CL_0002343,decidual natural killer cell,IL2,cytokine,Positive,1,6.74
CL_0000136,fat cell,TGFB,cytokine,Negative,1,1.64
CL_0000624,"CD4-positive, alpha-beta T cell",EBI3,cytokine,Unknown,1,60.82
CL_0000785,mature B cell,IL27,cytokine,Unknown,1,655
CL_0000034,stem cell,IL1,cytokine,Negative,1,2.36
CL_0000898,naive T cell,CD40LG,cytokine,Unknown,1,9.26
CL_0000127,astrocyte,CCL7,cytokine,Positive,1,19.93
CL_0000134,mesenchymal cell,CSF2,cytokine,Positive,1,0.44
CL_0000084,T cell,EGF,cytokine,Unknown,1,0.85
CL_0000909,"CD8-positive, alpha-beta memory T cell",TGFB,cytokine,Negative,1,18.79
CL_0000771,eosinophil,IL2,cytokine,Negative,1,0.23
CL_0000037,hematopoietic stem cell,IFN1,cytokine,Positive,1,3.3
CL_0000540,neuron,IL13,cytokine,Negative,1,6.15
CL_0002320,connective tissue cell,TGFB,cytokine,Unknown,1,31.61
CL_0000235,macrophage,CCL6,cytokine,Unknown,1,2.59
CL_0000775,neutrophil,TNFSF13B,cytokine,Unknown,1,2.23
CL_0000514,smooth muscle myoblast,TGFB,cytokine,Negative,1,33.25
CL_0002053,"CD22-positive, CD38-low small pre-B cell",IL7,cytokine,Unknown,1,650.82
CL_0002350,endocardial cell,TGFB,cytokine,Unknown,1,189.69
CL_0000135,fibrocyte,IL33,cytokine,Positive,1,14.76
CL_0000839,myeloid lineage restricted progenitor cell,IL3,cytokine,Positive,1,37.58
CL_0000792,"CD4-positive, CD25-positive, alpha-beta regulatory T cell",IL25,cytokine,Positive,1,7.04
CL_0000771,eosinophil,CCL23,cell,Positive,1,31.29
CL_0000084,T cell,CCL21,cytokine,Negative,1,3.72
CL_0000501,granulosa cell,FGF2,cytokine,Positive,1,3.53
CL_0000542,lymphocyte,IL24,cytokine,Negative,1,55.6
CL_0000148,melanocyte,TNF,cytokine,Positive,1,0.38
CL_0000501,granulosa cell,TGFA,cytokine,Unknown,1,103
CL_0000540,neuron,CCL3,cell,Positive,1,2.51
CL_0000236,B cell,IL23,cytokine,Positive,1,0.68
CL_0000138,chondrocyte,IL17,cytokine,Unknown,1,1.71
CL_0000576,monocyte,CCL4,cytokine,Negative,1,4.53
CL_0002608,hippocampal neuron,TNF,cytokine,Positive,1,1.41
CL_0000911,effector T cell,CCL5,cytokine,Unknown,1,69.42
CL_0000188,skeletal muscle cell,TGFB,cytokine,Positive,1,6.78
CL_0000057,fibroblast,IL21,cytokine,Positive,1,0.28
CL_0000546,T-helper 2 cell,TNFSF4,cytokine,Positive,1,9.66
CL_0000092,osteoclast,HGF,cytokine,Unknown,1,5.53
CL_0000499,stromal cell,PDGFB,cytokine,Unknown,1,54.43
CL_0002477,adipose macrophage,IFNG,cytokine,Positive,1,6.23
CL_0000556,megakaryocyte,IL1B,cytokine,Negative,1,5.38
CL_0000542,lymphocyte,CXCL11,cytokine,Positive,1,9.59
CL_0000233,platelet,CXCL16,cytokine,Positive,1,8.55
CL_0000129,microglial cell,IFNB1,cytokine,Negative,1,9.35
CL_0000182,hepatocyte,IL10,cytokine,Positive,1,0.11
CL_0002368,respiratory epithelial cell,IFN1,cytokine,Unknown,1,36.2
CL_0000451,dendritic cell,IL15,cytokine,Positive,1,0.81
CL_0000624,"CD4-positive, alpha-beta T cell",IL17,cytokine,Positive,1,0.12
CL_0000062,osteoblast,IL17F,cytokine,Positive,1,18.19
CL_0000096,mature neutrophil,CSF3,cytokine,Negative,1,12.06
CL_0000359,vascular associated smooth muscle cell,TGFB1,cytokine,Negative,1,13.27
CL_0000786,plasma cell,IFNA,cytokine,Negative,1,18.16
CL_0000084,T cell,IL12A,cytokine,Unknown,1,13.87
CL_0000625,"CD8-positive, alpha-beta T cell",IFNB1,cytokine,Negative,1,2.7
CL_0000738,leukocyte,SPP1,cytokine,Unknown,1,2.5
CL_0000771,eosinophil,TGFB1,cytokine,Positive,1,0.08
CL_0000836,promyelocyte,IL4,cytokine,Positive,1,7.41
CL_0000136,fat cell,EGF,cytokine,Negative,1,40.86
CL_0000624,"CD4-positive, alpha-beta T cell",CCL27,cytokine,Positive,1,4.34
CL_0000586,germ cell,CSF3,cytokine,Positive,1,5.3
CL_0000351,trophoblast cell,IL1RN,cytokine,Positive,1,27.37
CL_0000792,"CD4-positive, CD25-positive, alpha-beta regulatory T cell",TNFSF9,cytokine,Positive,1,0.96
CL_0000650,mesangial cell,HGF,cytokine,Unknown,1,23.65
CL_0002334,preadipocyte,IL1A,cytokine,Unknown,1,45.99
CL_0000236,B cell,LTA,cytokine,Positive,1,0.97
CL_0000542,lymphocyte,TNFSF9,cytokine,Positive,1,0.49
CL_0000765,erythroblast,TGFB,cytokine,Positive,1,2.85
CL_0002322,embryonic stem cell,CX3CL1,cytokine,Positive,1,27.49
CL_0002327,mammary epithelial cell,TGF,cytokine,Positive,1,61.34
CL_0000192,smooth muscle cell,IL4,cytokine,Positive,1,0.55
CL_0000866,thymic macrophage,CXCL2,cell,Positive,1,2019.66
CL_0000584,enterocyte,TGFB,cytokine,Positive,1,1.39
CL_0000541,melanoblast,KITLG,cytokine,Unknown,1,946.11
CL_0000214,synovial cell,IL1B,cytokine,Unknown,1,3.71
CL_0000903,natural T-regulatory cell,IL10,cytokine,Negative,1,98.43
CL_0000233,platelet,IL27,cytokine,Unknown,1,3.2
CL_0000236,B cell,IL12A,cell,Positive,1,42.38
CL_0000066,epithelial cell,IL6,cytokine,Negative,1,0.84
CL_0000182,hepatocyte,LECT2,cytokine,Positive,1,17.62
CL_0002148,dental pulp cell,TGFB,cytokine,Unknown,1,37.94
CL_0002586,retinal pigment epithelial cell,CXCL8,cell,Positive,1,40.92
CL_0000187,muscle cell,LIF,cytokine,Positive,1,25.61
CL_0000624,"CD4-positive, alpha-beta T cell",IL32,cytokine,Positive,1,2.78
CL_1000497,kidney cell,TGFB1,cytokine,Unknown,1,25.63
CL_0000499,stromal cell,IL11,cytokine,Unknown,1,19.01
CL_0000115,endothelial cell,TNFSF15,cytokine,Positive,1,4
CL_1001567,lung endothelial cell,IFNG,cytokine,Unknown,1,21.81
CL_0000784,plasmacytoid dendritic cell,IFNB1,cytokine,Positive,1,2.65
CL_0000202,auditory hair cell,TGFA,cytokine,Positive,1,941.85
CL_1000490,mesothelial cell of peritoneum,TGFB1,cytokine,Unknown,1,32.04
CL_0000081,blood cell,IL1B,cell,Positive,1,9.95
CL_0000047,neuronal stem cell,IL6,cytokine,Positive,1,1.88
CL_0000451,dendritic cell,CD40LG,cytokine,Unknown,1,2.01
CL_0000312,keratinocyte,IL1B,cytokine,Positive,1,0.19
CL_0000023,oocyte,TGFA,cytokine,Unknown,1,63.39
CL_0000041,mature eosinophil,IL5,cytokine,Positive,1,60.7
CL_0000125,glial cell,IFNB1,cytokine,Unknown,1,19.51
CL_0000898,naive T cell,IFNG,cytokine,Positive,1,0.29
CL_0000771,eosinophil,IL23,cytokine,Negative,1,8.95
CL_0000819,B-1 B cell,IL9,cytokine,Positive,1,75.12
CL_0000038,erythroid progenitor cell,CSF1,cytokine,Unknown,1,6.07
CL_0000576,monocyte,IL16,cytokine,Unknown,1,3.09
CL_0002563,intestinal epithelial cell,IL15,cytokine,Unknown,1,13.73
CL_0000775,neutrophil,TNFSF9,cytokine,Unknown,1,0.98
CL_0000097,mast cell,IFNL1,cytokine,Unknown,1,199.05
CL_0000019,sperm,EGF,cytokine,Positive,1,56.15
CL_0000492,CD4-positive helper T cell,IL2,cytokine,Positive,1,2.7
CL_0000115,endothelial cell,CCL18,cytokine,Positive,1,7.69
CL_0000135,fibrocyte,TGFB,cytokine,Unknown,1,6.77
CL_0000137,osteocyte,GDF15,cytokine,Unknown,1,266.09
CL_0000019,sperm,RETN,cytokine,Unknown,1,112.04
CL_0000893,thymocyte,TGFB,cytokine,Negative,1,1.84
CL_0000793,"CD4-positive, alpha-beta intraepithelial T cell",CXCL8,cytokine,Unknown,1,13.86
CL_0000115,endothelial cell,CCL23,cytokine,Positive,1,11.11
CL_0000097,mast cell,IL11,cytokine,Unknown,1,12.64
CL_0000135,fibrocyte,TNF,cytokine,Positive,1,0.95
CL_0000056,myoblast,EPO,cytokine,Unknown,1,10.51
CL_0000738,leukocyte,CXCL9,cytokine,Positive,1,6.14
CL_0000137,osteocyte,IL6,cell,Positive,1,9.03
CL_0000771,eosinophil,CCL3L1,cytokine,Positive,1,95.42
CL_0000787,memory B cell,IL12,cell,Positive,1,15.12
CL_0002248,pluripotent stem cell,IL3,cytokine,Positive,1,112.73
CL_0000545,T-helper 1 cell,CCL2,cytokine,Negative,1,1.56
CL_0000542,lymphocyte,IL5,cytokine,Positive,1,0.16
CL_0000082,epithelial cell of lung,IL17A,cytokine,Unknown,1,32.75
CL_0000746,cardiac muscle cell,CXCL12,cytokine,Positive,1,1.93
CL_0000776,immature neutrophil,CSF3,cytokine,Positive,1,95.31
CL_0002620,skin fibroblast,CSF2,cell,Positive,1,7.89
CL_0001042,T-helper 22 cell,IL6,cytokine,Unknown,1,10.08
CL_0000499,stromal cell,TGFB,cytokine,Negative,1,1.69
CL_0000453,Langerhans cell,TGFB1,cytokine,Positive,1,2.71
CL_0000236,B cell,EPO,cell,Positive,1,0.25
CL_0000182,hepatocyte,IL15,cytokine,Positive,1,0.53
CL_0000062,osteoblast,IL27,cytokine,Unknown,1,8.7
CL_0000115,endothelial cell,IL7,cytokine,Positive,1,0.42
CL_0000096,mature neutrophil,CXCL2,cytokine,Positive,1,21.72
CL_0000771,eosinophil,TNFSF4,cytokine,Unknown,1,12.37
CL_0000613,basophil progenitor cell,IL2,cytokine,Unknown,1,47.16
CL_0000037,hematopoietic stem cell,THPO,cytokine,Unknown,1,12.12
CL_0000910,cytotoxic T cell,IL12,cytokine,Negative,1,7.17
CL_0000235,macrophage,GDF15,cytokine,Unknown,1,1.33
CL_0002622,prostate stromal cell,TGFB,cytokine,Positive,1,6.78
CL_0000899,T-helper 17 cell,CXCL10,cytokine,Negative,1,20.66
CL_0000128,oligodendrocyte,PDGFA,cytokine,Positive,1,89.84
CL_0000586,germ cell,IFNG,cytokine,Unknown,1,3.63
CL_0000186,myofibroblast cell,HGF,cytokine,Positive,1,587.87
CL_0002539,aortic smooth muscle cell,TGFB1,cytokine,Positive,1,10.46
CL_0000084,T cell,CX3CL1,cytokine,Positive,1,0.15
CL_0000540,neuron,GDF15,cytokine,Negative,1,19.56
CL_0000912,helper T cell,TGFB1,cytokine,Positive,1,0.83
CL_0000235,macrophage,CCL1,cytokine,Unknown,1,7.99
CL_0000545,T-helper 1 cell,IL12B,cytokine,Unknown,1,15.45
CL_0000746,cardiac muscle cell,LIF,cytokine,Negative,1,96.49
CL_0000863,inflammatory macrophage,IL25,cytokine,Negative,1,955.51
CL_0000763,myeloid cell,PPBP,cytokine,Unknown,1,16.73
CL_0000893,thymocyte,CCL25,cytokine,Positive,1,31.06
CL_0002322,embryonic stem cell,IFNG,cytokine,Unknown,1,1.11
CL_0000890,alternatively activated macrophage,IL13,cell,Positive,1,12.83
CL_0000214,synovial cell,PDGFB,cytokine,Positive,1,44.74
CL_0000557,granulocyte monocyte progenitor cell,IL11,cytokine,Positive,1,16.55
CL_0002319,neural cell,CXCL14,cytokine,Negative,1,4656.5
CL_0000542,lymphocyte,IL15,cytokine,Negative,1,1.67
CL_0000129,microglial cell,PPBP,cytokine,Unknown,1,13.75
CL_0000066,epithelial cell,IL9,cytokine,Negative,1,28.4
CL_0000775,neutrophil,IFNL2,cytokine,Positive,1,11
CL_0000700,dopaminergic neuron,FGF2,cytokine,Negative,1,94.75
CL_0000235,macrophage,IL5,cell,Positive,1,0.42
CL_0000101,sensory neuron,GDF15,cytokine,Unknown,1,425.75
CL_0000187,muscle cell,TGFB,cytokine,Positive,1,0.9
CL_0000546,T-helper 2 cell,IL3,cytokine,Positive,1,1.01
CL_0000814,mature NK T cell,IL21,cytokine,Negative,1,57.08
CL_0000499,stromal cell,IL17,cytokine,Unknown,1,2.14
CL_0002138,endothelial cell of lymphatic vessel,CXCL8,cytokine,Unknown,1,11.64
CL_0000623,natural killer cell,IL17,cell,Positive,1,0.19
CL_0000625,"CD8-positive, alpha-beta T cell",IL23,cytokine,Positive,1,0.95
CL_0000542,lymphocyte,CCL18,cytokine,Positive,1,5.9
CL_0000784,plasmacytoid dendritic cell,IL25,cytokine,Positive,1,14.65
CL_0000236,B cell,CCL20,cytokine,Unknown,1,6.59
CL_0000066,epithelial cell,CSF1,cytokine,Positive,1,0.39
CL_1000491,mesothelial cell of pleura,TNF,cytokine,Positive,1,6.68
CL_0000182,hepatocyte,CXCL10,cytokine,Unknown,1,4.61
CL_0000047,neuronal stem cell,TNFSF9,cytokine,Positive,1,21.46
CL_0000815,regulatory T cell,IL22,cytokine,Positive,1,7.77
CL_0000899,T-helper 17 cell,IL22,cytokine,Positive,1,3.17
CL_0000451,dendritic cell,CX3CL1,cytokine,Positive,1,2.75
CL_0000021,female germ cell,IL15,cytokine,Positive,1,239.32
CL_0000113,mononuclear phagocyte,IL10,cytokine,Negative,1,6.91
CL_0000115,endothelial cell,IL17,cytokine,Negative,1,1.42
CL_0002629,mature microglial cell,IL19,cytokine,Positive,1,431.49
CL_0000034,stem cell,IL2,cytokine,Positive,1,0.09
CL_0000125,glial cell,IL12B,cell,Positive,1,48.96
CL_0002063,type II pneumocyte,IL1,cytokine,Positive,1,12.73
CL_0000625,"CD8-positive, alpha-beta T cell",CCL3,cytokine,Negative,1,6.18
CL_0000771,eosinophil,IL3,cytokine,Negative,1,2.94
CL_0000822,B-2 B cell,TNF,cell,Positive,1,39.43
CL_0000037,hematopoietic stem cell,IL10,cytokine,Positive,1,0.27
CL_0000540,neuron,IL1RN,cytokine,Unknown,1,4.83
CL_0000132,corneal endothelial cell,FGF2,cytokine,Negative,1,150.02
CL_0000145,professional antigen presenting cell,IFNA,cytokine,Positive,1,2.28
CL_0000576,monocyte,IL17A,cell,Positive,1,0.29
CL_0000545,T-helper 1 cell,IL25,cytokine,Unknown,1,14.37
CL_0002563,intestinal epithelial cell,IL22,cytokine,Positive,1,11.97
CL_0000060,odontoblast,TGF,cytokine,Positive,1,122.68
CL_0000771,eosinophil,IL33,cytokine,Negative,1,3.59
CL_0000134,mesenchymal cell,IFNG,cytokine,Negative,1,0.77
CL_0000575,corneal epithelial cell,TGFB2,cytokine,Unknown,1,1393.36
CL_0000038,erythroid progenitor cell,IL17,cytokine,Unknown,1,5.31
CL_0002563,intestinal epithelial cell,TGFB,cytokine,Unknown,1,3.11
CL_0000017,spermatocyte,TNF,cytokine,Positive,1,13.36
CL_0000793,"CD4-positive, alpha-beta intraepithelial T cell",IL15,cytokine,Unknown,1,39.88
CL_0000115,endothelial cell,CD40LG,cytokine,Positive,1,0.19
CL_0000442,follicular dendritic cell,IL4,cytokine,Negative,1,67.51
CL_0000056,myoblast,HGF,cytokine,Positive,1,6.84
CL_0000738,leukocyte,IFN1,cytokine,Negative,1,5.03
CL_0002064,pancreatic acinar cell,CCL2,cell,Positive,1,15.89
CL_0002483,hair follicle melanocyte,IL33,cytokine,Positive,1,137.72
CL_0000545,T-helper 1 cell,CD40LG,cytokine,Negative,1,2.72
CL_0000236,B cell,IL35,cytokine,Positive,1,2.05
CL_0000138,chondrocyte,IL3,cytokine,Negative,1,8.4
CL_0000746,cardiac muscle cell,FGF1,cytokine,Unknown,1,41.62
CL_0000902,induced T-regulatory cell,IL10,cytokine,Positive,1,1.33
CL_0000775,neutrophil,IL1RN,cytokine,Positive,1,0.34
CL_0000911,effector T cell,IL12,cytokine,Positive,1,1.48
CL_0002620,skin fibroblast,IL23,cytokine,Positive,1,64.41
CL_0000763,myeloid cell,IFN1,cytokine,Unknown,1,16.28
CL_0002061,T-helper 9 cell,IL17,cytokine,Unknown,1,26.07
CL_0000092,osteoclast,IL10,cytokine,Unknown,1,0.46
CL_0000792,"CD4-positive, CD25-positive, alpha-beta regulatory T cell",CCL20,cytokine,Positive,1,2.48
CL_0002224,lens epithelial cell,FGF1,cytokine,Positive,1,151.02
CL_0000623,natural killer cell,LTA,cytokine,Unknown,1,4.38
CL_0000542,lymphocyte,EPO,cytokine,Unknown,1,0.79
CL_0002368,respiratory epithelial cell,TGFB,cytokine,Negative,1,7.45
CL_0002092,bone marrow cell,IL6,cytokine,Unknown,1,1.59
CL_0000182,hepatocyte,IL18,cytokine,Unknown,1,2.54
CL_0000451,dendritic cell,IL27,cytokine,Positive,1,2.54
CL_0000057,fibroblast,EPO,cytokine,Unknown,1,0.78
CL_0000115,endothelial cell,OSM,cytokine,Positive,1,5.56
CL_0000623,natural killer cell,CXCL9,cytokine,Positive,1,4.92
CL_0000448,white fat cell,EPO,cytokine,Positive,1,129.19
CL_0000786,plasma cell,IL6,cytokine,Negative,1,6.73
CL_0000065,ependymal cell,FGF2,cytokine,Positive,1,28.22
CL_0000134,mesenchymal cell,TGFB3,cytokine,Positive,1,34.91
CL_0000084,T cell,IL16,cytokine,Negative,1,2.69
CL_0000632,hepatic stellate cell,CCL2,cytokine,Positive,1,3.73
CL_0000910,cytotoxic T cell,IL17,cytokine,Positive,1,1.37
CL_0000598,pyramidal cell,IL2,cytokine,Unknown,1,94.32
CL_0000576,monocyte,RETN,cytokine,Unknown,1,1.27
CL_0000899,T-helper 17 cell,IFNG,cytokine,Negative,1,0.65
CL_0000128,oligodendrocyte,TNF,cytokine,Negative,1,3.28
CL_0000586,germ cell,TGFB2,cytokine,Unknown,1,309.63
CL_0002372,myotube,IL17,cytokine,Negative,1,77.95
CL_0000169,type B pancreatic cell,CCL6,cytokine,Unknown,1,131.51
CL_0000738,leukocyte,IL15,cytokine,Positive,1,0.25
CL_0000084,T cell,CXCL11,cytokine,Unknown,1,6.93
CL_0000540,neuron,IFN1,cytokine,Negative,1,9.65
CL_0000837,hematopoietic multipotent progenitor cell,THPO,cytokine,Unknown,1,735.1
CL_0002334,preadipocyte,TNF,cytokine,Unknown,1,2.83
CL_0000232,erythrocyte,IFN1,cytokine,Unknown,1,26.24
CL_0000863,inflammatory macrophage,TGFB,cytokine,Negative,1,12.71
CL_0000775,neutrophil,PF4,cytokine,Negative,1,3.75
CL_0000097,mast cell,CCL1,cytokine,Unknown,1,66.35
CL_0000057,fibroblast,TGFB3,cytokine,Unknown,1,20.31
CL_0000738,leukocyte,CCL7,cytokine,Positive,1,6.14
CL_0000890,alternatively activated macrophage,IL33,cytokine,Positive,1,9.39
CL_0000595,enucleate erythrocyte,TNF,cytokine,Unknown,1,1.91
CL_0000148,melanocyte,HGF,cytokine,Positive,1,8.4
CL_0002319,neural cell,IL6,cytokine,Unknown,1,11.42
CL_0000236,B cell,IL17,cytokine,Negative,1,0.82
CL_0000066,epithelial cell,TGF,cytokine,Unknown,1,15.73
CL_0002328,bronchial epithelial cell,TGFB,cytokine,Unknown,1,3.16
CL_0000700,dopaminergic neuron,IFNG,cytokine,Positive,1,0.98
CL_0000101,sensory neuron,IL6,cytokine,Positive,1,4.9
CL_0000092,osteoclast,CCL5,cytokine,Unknown,1,12.88
CL_0000814,mature NK T cell,IL7,cytokine,Positive,1,4.04
CL_0002138,endothelial cell of lymphatic vessel,IFNG,cytokine,Negative,1,5.96
CL_0000160,goblet cell,IL9,cytokine,Unknown,1,246.12
CL_0000623,natural killer cell,IL1A,cytokine,Positive,1,0.73
CL_0000625,"CD8-positive, alpha-beta T cell",IL33,cytokine,Negative,1,3.03
CL_0000233,platelet,CCL3,cytokine,Positive,1,1.03
CL_0000129,microglial cell,CCL3,cytokine,Unknown,1,9.39
CL_0000084,T cell,IL22,cytokine,Negative,1,1.05
CL_0000182,hepatocyte,CXCL2,cytokine,Positive,1,3.03
CL_0000775,neutrophil,CCL20,cytokine,Unknown,1,2.52
CL_0000815,regulatory T cell,IL5,cytokine,Positive,1,1.94
CL_0000899,T-helper 17 cell,IL25,cytokine,Negative,1,70.62
CL_0001035,bone cell,TGFB1,cytokine,Positive,1,6.1
CL_0000451,dendritic cell,HGF,cytokine,Negative,1,15.89
CL_0000113,mononuclear phagocyte,PPBP,cytokine,Positive,1,10.82
CL_0000312,keratinocyte,IL24,cytokine,Positive,1,15.74
CL_0002629,mature microglial cell,TGFB1,cytokine,Unknown,1,8.84
CL_0000125,glial cell,IL17A,cytokine,Positive,1,6.38
CL_0000359,vascular associated smooth muscle cell,CCL2,cytokine,Negative,1,17.56
CL_0000581,peritoneal macrophage,IL1B,cytokine,Positive,1,0.57
CL_0000057,fibroblast,CCL20,cell,Positive,1,1.83
CL_0000100,motor neuron,CSF3,cytokine,Negative,1,36.19
CL_0000115,endothelial cell,IL1B,cytokine,Unknown,1,0.38
CL_0000824,mature natural killer cell,IFNA,cell,Positive,1,1.49
CL_0000125,glial cell,IL1B,cytokine,Positive,1,1.43
CL_0000898,naive T cell,IL7,cytokine,Negative,1,23.17
CL_0000359,vascular associated smooth muscle cell,HGF,cytokine,Negative,1,106.54
CL_0000738,leukocyte,IL6,cytokine,Negative,1,0.41
CL_0000581,peritoneal macrophage,IL7,cytokine,Positive,1,1.13
CL_0000625,"CD8-positive, alpha-beta T cell",CXCL10,cytokine,Negative,1,4.37
CL_0000134,mesenchymal cell,IL17A,cytokine,Positive,1,2.18
CL_0000037,hematopoietic stem cell,IL3,cytokine,Negative,1,14.82
CL_0002097,cortical cell of adrenal gland,TNF,cytokine,Negative,1,30.44
CL_0000235,macrophage,CXCL1,cytokine,Negative,1,3.58
CL_0000145,professional antigen presenting cell,IL17F,cytokine,Negative,1,1505.33
CL_0000038,erythroid progenitor cell,IL4,cytokine,Negative,1,4.59
CL_0000128,oligodendrocyte,EPO,cytokine,Unknown,1,13.91
CL_0000871,splenic macrophage,TNF,cytokine,Unknown,1,5.84
CL_0000793,"CD4-positive, alpha-beta intraepithelial T cell",IL7,cytokine,Negative,1,70.62
CL_0000097,mast cell,IL1RN,cytokine,Negative,1,14.17
CL_0000056,myoblast,IL17,cytokine,Negative,1,14.5
CL_0000792,"CD4-positive, CD25-positive, alpha-beta regulatory T cell",SPP1,cytokine,Negative,1,9.35
CL_0002064,pancreatic acinar cell,TNF,cytokine,Positive,1,2.97
CL_0000771,eosinophil,CSF3,cytokine,Negative,1,0.83
CL_0000813,memory T cell,IL10,cytokine,Positive,1,1.15
CL_0000912,helper T cell,IFNG,cytokine,Negative,1,1.69
CL_0000322,pneumocyte,IL1B,cytokine,Positive,1,3.37
CL_0000545,T-helper 1 cell,CSF3,cytokine,Negative,1,1.53
CL_0000236,B cell,IL5,cytokine,Negative,1,1.9
CL_0000542,lymphocyte,LTA,cytokine,Positive,1,1.3
CL_0000082,epithelial cell of lung,TGFB2,cytokine,Negative,1,282.21
CL_0000911,effector T cell,IL1B,cytokine,Positive,1,1.37
CL_0000192,smooth muscle cell,CCL2,cytokine,Positive,1,0.91
CL_0000057,fibroblast,LTA,cytokine,Positive,1,1.28
CL_0000763,myeloid cell,IL1,cytokine,Positive,1,0.69
CL_0000792,"CD4-positive, CD25-positive, alpha-beta regulatory T cell",CCL25,cytokine,Unknown,1,44.12
CL_0002224,lens epithelial cell,TGF,cytokine,Positive,1,208.55
CL_0000623,natural killer cell,TGFA,cytokine,Positive,1,0.79
CL_0000066,epithelial cell,IL17,cytokine,Positive,1,0.34
CL_0000129,microglial cell,IL15,cytokine,Unknown,1,2.67
CL_0002368,respiratory epithelial cell,TGFB1,cytokine,Positive,1,1.26
CL_0002092,bone marrow cell,TGFB,cytokine,Unknown,1,1.76
CL_0000451,dendritic cell,IL35,cytokine,Negative,1,84.56
CL_0000235,macrophage,IL23,cytokine,Positive,1,0.32
CL_0002363,keratocyte,CXCL8,cell,Positive,1,10.67
CL_0000062,osteoblast,PDGF,cytokine,Unknown,1,11.98
CL_0000115,endothelial cell,PF4V1,cytokine,Unknown,1,174.96
CL_0000786,plasma cell,THPO,cytokine,Unknown,1,38.02
CL_0000653,glomerular visceral epithelial cell,SPP1,cytokine,Positive,1,8.82
CL_0000738,leukocyte,TNFSF9,cytokine,Unknown,1,2.05
CL_0000127,astrocyte,PDGFA,cytokine,Positive,1,19.93
CL_0000222,mesodermal cell,TGFB1,cytokine,Positive,1,73.24
CL_1001319,bladder cell,IFNA,cytokine,Positive,1,6.61
CL_0000632,hepatic stellate cell,HGF,cytokine,Positive,1,22.61
CL_0002609,neuron of cerebral cortex,FGF2,cytokine,Negative,1,128.59
CL_0002198,oncocyte,IFNG,cytokine,Unknown,1,65.43
CL_0000624,"CD4-positive, alpha-beta T cell",CSF3,cytokine,Positive,1,0.08
CL_0000312,keratinocyte,IL17,cytokine,Negative,1,2.46
CL_0000034,stem cell,EPO,cytokine,Unknown,1,3
CL_0000844,germinal center B cell,IL21,cytokine,Positive,1,27.44
CL_0000794,"CD8-positive, alpha-beta cytotoxic T cell",IL4,cytokine,Negative,1,13.5
CL_0000581,peritoneal macrophage,CCL2,cytokine,Negative,1,4.68
CL_1001607,articular chondrocyte,IL7,cell,Positive,1,11.43
CL_0000540,neuron,IFNA,cytokine,Positive,1,0.27
CL_0000860,classical monocyte,IL10,cytokine,Positive,1,3.53
CL_0000235,macrophage,CCL22,cytokine,Unknown,1,3.69
CL_0000817,precursor B cell,IL1A,cytokine,Negative,1,86.44
CL_0000232,erythrocyte,IL13,cytokine,Negative,1,38.13
CL_0000775,neutrophil,RETN,cytokine,Positive,1,0.39
CL_0000097,mast cell,CCL5,cytokine,Positive,1,3.55
CL_0000782,myeloid dendritic cell,IFNA,cytokine,Positive,1,5.74
CL_0002322,embryonic stem cell,IL6,cell,Positive,1,2.45
CL_1000300,fibroblast of outer membrane of prostatic capsule,FGF1,cytokine,Unknown,1,1761.71
CL_0000792,"CD4-positive, CD25-positive, alpha-beta regulatory T cell",IL18,cytokine,Negative,1,4.52
CL_0000771,eosinophil,CCL13,cytokine,Negative,1,190.22
CL_0000148,melanocyte,IL10,cytokine,Unknown,1,2.47
CL_0000542,lymphocyte,IL1A,cytokine,Negative,1,3.03
CL_0000236,B cell,IL18,cytokine,Unknown,1,0.75
CL_0000449,brown fat cell,TGFB,cytokine,Positive,1,10.84
CL_0000775,neutrophil,IL12,cytokine,Positive,1,0.05
CL_0000700,dopaminergic neuron,TGFB1,cytokine,Positive,1,3.85
CL_0000057,fibroblast,IL17,cytokine,Unknown,1,0.47
CL_0000218,myelinating Schwann cell,CSF3,cytokine,Positive,1,3.07
CL_0000091,Kupffer cell,IL18,cytokine,Negative,1,36.85
CL_0002365,medullary thymic epithelial cell,LTA,cytokine,Unknown,1,2597.78
CL_0000499,stromal cell,IL33,cytokine,Positive,1,1.61
CL_0000624,"CD4-positive, alpha-beta T cell",IL9,cytokine,Negative,1,10.46
CL_0002138,endothelial cell of lymphatic vessel,IL6,cytokine,Positive,1,1.96
CL_0000160,goblet cell,TNF,cytokine,Negative,1,4.53
CL_0000236,B cell,CLCF1,cytokine,Positive,1,4.1
CL_0000775,neutrophil,CCL5,cytokine,Negative,1,5.48
CL_0000235,macrophage,IL16,cytokine,Positive,1,0.58
CL_0000120,granule cell,IL6,cytokine,Positive,1,8.16
CL_0000233,platelet,CSF1,cytokine,Positive,1,0.22
CL_0000182,hepatocyte,IFNA,cytokine,Unknown,1,1.02
CL_0000775,neutrophil,CD40LG,cytokine,Unknown,1,0.3
CL_0000815,regulatory T cell,TNF,cytokine,Negative,1,2.27
CL_0002092,bone marrow cell,CXCL12,cytokine,Positive,1,2.27
CL_0000057,fibroblast,CD70,cytokine,Unknown,1,132.01
CL_0000100,motor neuron,HGF,cytokine,Negative,1,223.23
CL_0000115,endothelial cell,IL20,cytokine,Positive,1,16.67
CL_0000034,stem cell,TDGF1P3,cytokine,Positive,1,48.5
CL_0000125,glial cell,TGFB,cytokine,Negative,1,6.55
CL_0000895,"naive thymus-derived CD4-positive, alpha-beta T cell",IL2,cell,Positive,1,19.89
CL_0000359,vascular associated smooth muscle cell,IL17A,cytokine,Positive,1,9.57
CL_0000625,"CD8-positive, alpha-beta T cell",CXCL16,cytokine,Positive,1,3.22
CL_0000738,leukocyte,LIF,cell,Positive,1,2.38
CL_0000134,mesenchymal cell,IL3,cytokine,Unknown,1,6.13
CL_0000767,basophil,IL12,cytokine,Unknown,1,2.41
CL_0000306,crystallin accumulating cell,FGF2,cytokine,Unknown,1,197.51
CL_0000145,professional antigen presenting cell,IL27,cytokine,Positive,1,12.91
CL_0000136,fat cell,CCL2,cytokine,Negative,1,2.94
CL_0000128,oligodendrocyte,GDF15,cytokine,Positive,1,18.72
CL_0000122,stellate cell,CXCL12,cytokine,Positive,1,20.39
CL_0000897,"CD4-positive, alpha-beta memory T cell",IL2,cytokine,Positive,1,5.39
CL_0000115,endothelial cell,CXCL1,cytokine,Unknown,1,5.74
CL_0000798,gamma-delta T cell,IFNG,cytokine,Positive,1,0.39
CL_0000056,myoblast,IL6,cytokine,Unknown,1,1.99
CL_0000374,trichogen cell,FGF2,cytokine,Positive,1,18.81
CL_0000738,leukocyte,IFNB1,cytokine,Negative,1,3.09
CL_0000510,paneth cell,IFN1,cytokine,Unknown,1,699.86
CL_0000548,animal cell,CSF2,cell,Positive,1,126.23
CL_0000771,eosinophil,CXCL10,cytokine,Unknown,1,2.27
CL_0000084,T cell,CCL6,cytokine,Positive,1,0.43
CL_0000138,chondrocyte,TGFA,cytokine,Unknown,1,10.27
CL_0002231,epithelial cell of prostate,TGF,cytokine,Positive,1,231.73
CL_0000545,T-helper 1 cell,IFNA,cytokine,Unknown,1,0.93
CL_0000746,cardiac muscle cell,IL15,cytokine,Positive,1,1.88
CL_0000911,effector T cell,IL6,cytokine,Unknown,1,2.48
CL_0000235,macrophage,TNFSF9,cytokine,Negative,1,1.39
CL_0000092,osteoclast,IL1A,cytokine,Negative,1,9.3
CL_0000057,fibroblast,PDGFB,cell,Positive,1,5.06
CL_0000584,enterocyte,GDF15,cytokine,Positive,1,31.19
CL_0000557,granulocyte monocyte progenitor cell,CCL3,cytokine,Negative,1,79.95
CL_0000811,"CD8-positive, alpha-beta thymocyte",IFNG,cytokine,Unknown,1,32.71
CL_0000542,lymphocyte,IFNB1,cytokine,Unknown,1,1.13
CL_0000233,platelet,IL17,cytokine,Negative,1,1.52
CL_0000129,microglial cell,IL1RN,cytokine,Negative,1,17.38
CL_0000084,T cell,Monocyte-CSF,cytokine,Positive,1,1.13
CL_0002476,bone marrow macrophage,CSF1,cytokine,Positive,1,29.79
CL_0000451,dendritic cell,KITLG,cytokine,Positive,1,3.67
CL_0000558,reticulocyte,IFNG,cytokine,Positive,1,0.4
CL_0002363,keratocyte,IL4,cytokine,Positive,1,2.58
CL_0000096,mature neutrophil,IL6,cytokine,Unknown,1,2.72
CL_0000653,glomerular visceral epithelial cell,TGFB1,cytokine,Negative,1,7.58
CL_0000178,Leydig cell,TGFB,cytokine,Positive,1,3.87
CL_0000077,mesothelial cell,IL6,cytokine,Negative,1,17.75
CL_1001319,bladder cell,IL6,cytokine,Unknown,1,8.57
CL_0000632,hepatic stellate cell,PF4,cytokine,Positive,1,18.02
CL_0002609,neuron of cerebral cortex,TGFB2,cytokine,Positive,1,227.51
CL_0000969,regulatory B cell,TNF,cytokine,Positive,1,0.79
CL_0000910,cytotoxic T cell,TGFB1,cytokine,Negative,1,5.12
CL_0000624,"CD4-positive, alpha-beta T cell",CXCL12,cytokine,Positive,1,0.19
CL_0000312,keratinocyte,IL17F,cytokine,Positive,1,10.82
CL_0000023,oocyte,GDF15,cytokine,Positive,1,23.4
CL_0000115,endothelial cell,IFNA,cytokine,Positive,1,0.15
CL_0000844,germinal center B cell,IL6,cytokine,Negative,1,32.54
CL_0000788,naive B cell,IL4,cytokine,Negative,1,52.51
CL_0000169,type B pancreatic cell,IL1,cell,Positive,1,2.09
CL_0000738,leukocyte,IL18,cytokine,Positive,1,0.34
CL_0000581,peritoneal macrophage,CSF1,cytokine,Unknown,1,3.79
CL_1001607,articular chondrocyte,TNF,cytokine,Unknown,1,3.9
CL_0000084,T cell,CXCL16,cytokine,Positive,1,0.63
CL_0000771,eosinophil,IL17A,cytokine,Negative,1,3.66
CL_0000236,B cell,TNFSF9,cytokine,Negative,1,2.92
CL_0000049,common myeloid progenitor,CSF2,cell,Positive,1,9.71
CL_0000232,erythrocyte,IL2,cytokine,Positive,1,0.34
CL_0000545,T-helper 1 cell,IL1A,cytokine,Negative,1,6.97
CL_0002563,intestinal epithelial cell,CCL20,cytokine,Positive,1,23.54
CL_0000514,smooth muscle myoblast,CSF3,cytokine,Unknown,1,25.66
CL_0000893,thymocyte,IL12,cytokine,Positive,1,0.44
CL_0002397,"CD14-positive, CD16-positive monocyte",CCL2,cell,Positive,1,15.89
CL_0002322,embryonic stem cell,TDGF1P3,cytokine,Positive,1,247.44
CL_0000135,fibrocyte,CXCL12,cytokine,Negative,1,69.68
CL_0000092,osteoclast,TGFB2,cytokine,Unknown,1,14.98
CL_0000583,alveolar macrophage,CCL22,cytokine,Unknown,1,97.44
CL_0000771,eosinophil,CCL18,cytokine,Unknown,1,25.69
CL_0000148,melanocyte,IL33,cytokine,Unknown,1,20.66
CL_0000501,granulosa cell,CXCL12,cytokine,Negative,1,60.97
CL_0000576,monocyte,CCL15,cytokine,Positive,1,4.61
CL_0000676,cap cell,IL6,cytokine,Negative,1,97.61
CL_0000057,fibroblast,IL18,cytokine,Unknown,1,0.99
CL_0000546,T-helper 2 cell,IL9,cytokine,Negative,1,39.22
CL_0000499,stromal cell,IL5,cytokine,Negative,1,5.67
CL_0000624,"CD4-positive, alpha-beta T cell",TGF,cytokine,Negative,1,13.2
CL_0000622,acinar cell,IL1A,cytokine,Positive,1,28.91
CL_0002138,endothelial cell of lymphatic vessel,TGFB2,cytokine,Negative,1,507.98
